Doc Build and Upload	UNKNOWN STEP	﻿2026-07-14T14:50:04.9142370Z Current runner version: '2.335.1'
Doc Build and Upload	UNKNOWN STEP	2026-07-14T14:50:04.9161500Z ##[group]Runner Image Provisioner
Doc Build and Upload	UNKNOWN STEP	2026-07-14T14:50:04.9162345Z Hosted Compute Agent
Doc Build and Upload	UNKNOWN STEP	2026-07-14T14:50:04.9162967Z Version: 20260624.560
Doc Build and Upload	UNKNOWN STEP	2026-07-14T14:50:04.9163681Z Commit: 925d229a51159bc391ae97e54a2dd1fe20af789d
Doc Build and Upload	UNKNOWN STEP	2026-07-14T14:50:04.9164383Z Build Date: 2026-06-24T18:26:47Z
Doc Build and Upload	UNKNOWN STEP	2026-07-14T14:50:04.9165050Z Worker ID: {3ffc9168-ccc3-48a7-9ded-6529b0a357bb}
Doc Build and Upload	UNKNOWN STEP	2026-07-14T14:50:04.9165737Z Azure Region: centralus
Doc Build and Upload	UNKNOWN STEP	2026-07-14T14:50:04.9166334Z ##[endgroup]
Doc Build and Upload	UNKNOWN STEP	2026-07-14T14:50:04.9167441Z ##[group]Operating System
Doc Build and Upload	UNKNOWN STEP	2026-07-14T14:50:04.9168293Z Ubuntu
Doc Build and Upload	UNKNOWN STEP	2026-07-14T14:50:04.9168847Z 24.04.4
Doc Build and Upload	UNKNOWN STEP	2026-07-14T14:50:04.9169370Z LTS
Doc Build and Upload	UNKNOWN STEP	2026-07-14T14:50:04.9169911Z ##[endgroup]
Doc Build and Upload	UNKNOWN STEP	2026-07-14T14:50:04.9170478Z ##[group]Runner Image
Doc Build and Upload	UNKNOWN STEP	2026-07-14T14:50:04.9171130Z Image: ubuntu-24.04
Doc Build and Upload	UNKNOWN STEP	2026-07-14T14:50:04.9171671Z Version: 20260705.232.1
Doc Build and Upload	UNKNOWN STEP	2026-07-14T14:50:04.9172802Z Included Software: https://github.com/actions/runner-images/blob/ubuntu24/20260705.232/images/ubuntu/Ubuntu2404-Readme.md
Doc Build and Upload	UNKNOWN STEP	2026-07-14T14:50:04.9174135Z Image Release: https://github.com/actions/runner-images/releases/tag/ubuntu24%2F20260705.232
Doc Build and Upload	UNKNOWN STEP	2026-07-14T14:50:04.9175024Z ##[endgroup]
Doc Build and Upload	UNKNOWN STEP	2026-07-14T14:50:04.9176063Z ##[group]GITHUB_TOKEN Permissions
Doc Build and Upload	UNKNOWN STEP	2026-07-14T14:50:04.9178101Z Contents: read
Doc Build and Upload	UNKNOWN STEP	2026-07-14T14:50:04.9178720Z Metadata: read
Doc Build and Upload	UNKNOWN STEP	2026-07-14T14:50:04.9179298Z ##[endgroup]
Doc Build and Upload	UNKNOWN STEP	2026-07-14T14:50:04.9181025Z Secret source: Actions
Doc Build and Upload	UNKNOWN STEP	2026-07-14T14:50:04.9181694Z Prepare workflow directory
Doc Build and Upload	UNKNOWN STEP	2026-07-14T14:50:04.9464458Z Prepare all required actions
Doc Build and Upload	UNKNOWN STEP	2026-07-14T14:50:04.9493491Z Getting action download info
Doc Build and Upload	UNKNOWN STEP	2026-07-14T14:50:05.3410129Z Download action repository 'actions/checkout@de0fac2e4500dabe0009e67214ff5f5447ce83dd' (SHA:de0fac2e4500dabe0009e67214ff5f5447ce83dd)
Doc Build and Upload	UNKNOWN STEP	2026-07-14T14:50:05.7134542Z Download action repository 'actions/upload-artifact@bbbca2ddaa5d8feaa63e36b76fdaad77386f024f' (SHA:bbbca2ddaa5d8feaa63e36b76fdaad77386f024f)
Doc Build and Upload	UNKNOWN STEP	2026-07-14T14:50:06.0946715Z Complete job name: Doc Build and Upload
Doc Build and Upload	UNKNOWN STEP	2026-07-14T14:50:06.1566401Z ##[group]Run # tags include a `v` prefix.
Doc Build and Upload	UNKNOWN STEP	2026-07-14T14:50:06.1568045Z ^[[36;1m# tags include a `v` prefix.^[[0m
Doc Build and Upload	UNKNOWN STEP	2026-07-14T14:50:06.1569451Z ^[[36;1mtag_version_pat="^v[0-9]+\.[0-9]+\.[0-9]+(rc[0-9]+)?$"^[[0m
Doc Build and Upload	UNKNOWN STEP	2026-07-14T14:50:06.1570970Z ^[[36;1mversion_pat="^[0-9]+\.[0-9]+\.[0-9]+(rc[0-9]+)?$"^[[0m
Doc Build and Upload	UNKNOWN STEP	2026-07-14T14:50:06.1572279Z ^[[36;1m^[[0m
Doc Build and Upload	UNKNOWN STEP	2026-07-14T14:50:06.1573378Z ^[[36;1mif [[ -n "$INPUT_VERSION" ]]; then^[[0m
Doc Build and Upload	UNKNOWN STEP	2026-07-14T14:50:06.1574670Z ^[[36;1m  PANDAS_VERSION="$INPUT_VERSION"^[[0m
Doc Build and Upload	UNKNOWN STEP	2026-07-14T14:50:06.1576248Z ^[[36;1melif [[ "$EVENT_NAME" == "push" && "$GITHUB_REF_NAME" =~ $tag_version_pat ]]; then^[[0m
Doc Build and Upload	UNKNOWN STEP	2026-07-14T14:50:06.1577993Z ^[[36;1m  PANDAS_VERSION="${GITHUB_REF_NAME:1}"^[[0m
Doc Build and Upload	UNKNOWN STEP	2026-07-14T14:50:06.1579243Z ^[[36;1melse^[[0m
Doc Build and Upload	UNKNOWN STEP	2026-07-14T14:50:06.1580219Z ^[[36;1m  PANDAS_VERSION=""^[[0m
Doc Build and Upload	UNKNOWN STEP	2026-07-14T14:50:06.1581318Z ^[[36;1mfi^[[0m
Doc Build and Upload	UNKNOWN STEP	2026-07-14T14:50:06.1582534Z ^[[36;1mecho "PANDAS_VERSION=$PANDAS_VERSION" >> "$GITHUB_ENV"^[[0m
Doc Build and Upload	UNKNOWN STEP	2026-07-14T14:50:06.1583963Z ^[[36;1m^[[0m
Doc Build and Upload	UNKNOWN STEP	2026-07-14T14:50:06.1585320Z ^[[36;1mif [[ "$EVENT_NAME" == "push" && -n "$PANDAS_VERSION" ]]; then^[[0m
Doc Build and Upload	UNKNOWN STEP	2026-07-14T14:50:06.1587308Z ^[[36;1m  PUBLISH_PROD="true"^[[0m
Doc Build and Upload	UNKNOWN STEP	2026-07-14T14:50:06.1588827Z ^[[36;1melif [[ "$INPUT_PUBLISH_PROD" == "true" ]]; then^[[0m
Doc Build and Upload	UNKNOWN STEP	2026-07-14T14:50:06.1590245Z ^[[36;1m  PUBLISH_PROD="true"^[[0m
Doc Build and Upload	UNKNOWN STEP	2026-07-14T14:50:06.1591386Z ^[[36;1melse^[[0m
Doc Build and Upload	UNKNOWN STEP	2026-07-14T14:50:06.1592421Z ^[[36;1m  PUBLISH_PROD="false"^[[0m
Doc Build and Upload	UNKNOWN STEP	2026-07-14T14:50:06.1593548Z ^[[36;1mfi^[[0m
Doc Build and Upload	UNKNOWN STEP	2026-07-14T14:50:06.1594775Z ^[[36;1mecho "PUBLISH_PROD=$PUBLISH_PROD" >> "$GITHUB_ENV"^[[0m
Doc Build and Upload	UNKNOWN STEP	2026-07-14T14:50:06.1596107Z ^[[36;1m^[[0m
Doc Build and Upload	UNKNOWN STEP	2026-07-14T14:50:06.1597121Z ^[[36;1mif [[ "$PUBLISH_PROD" == "true" ]] &&^[[0m
Doc Build and Upload	UNKNOWN STEP	2026-07-14T14:50:06.1598578Z ^[[36;1m   [[ ! "$PANDAS_VERSION" =~ $version_pat ]]^[[0m
Doc Build and Upload	UNKNOWN STEP	2026-07-14T14:50:06.1599894Z ^[[36;1mthen^[[0m
Doc Build and Upload	UNKNOWN STEP	2026-07-14T14:50:06.1601177Z ^[[36;1m  echo "Invalid version $PANDAS_VERSION for publishing to prod."^[[0m
Doc Build and Upload	UNKNOWN STEP	2026-07-14T14:50:06.1602648Z ^[[36;1m  exit 1^[[0m
Doc Build and Upload	UNKNOWN STEP	2026-07-14T14:50:06.1603622Z ^[[36;1mfi^[[0m
Doc Build and Upload	UNKNOWN STEP	2026-07-14T14:50:06.3393378Z shell: /usr/bin/bash -el {0}
Doc Build and Upload	UNKNOWN STEP	2026-07-14T14:50:06.3395532Z env:
Doc Build and Upload	UNKNOWN STEP	2026-07-14T14:50:06.3396706Z   ENV_FILE: environment.yml
Doc Build and Upload	UNKNOWN STEP	2026-07-14T14:50:06.3397971Z   PANDAS_CI: 1
Doc Build and Upload	UNKNOWN STEP	2026-07-14T14:50:06.3399109Z   INPUT_VERSION: 
Doc Build and Upload	UNKNOWN STEP	2026-07-14T14:50:06.3400085Z   EVENT_NAME: push
Doc Build and Upload	UNKNOWN STEP	2026-07-14T14:50:06.3401108Z   INPUT_PUBLISH_PROD: 
Doc Build and Upload	UNKNOWN STEP	2026-07-14T14:50:06.3402093Z ##[endgroup]
Doc Build and Upload	UNKNOWN STEP	2026-07-14T14:50:06.6122187Z ##[group]Run actions/checkout@de0fac2e4500dabe0009e67214ff5f5447ce83dd
Doc Build and Upload	UNKNOWN STEP	2026-07-14T14:50:06.6123642Z with:
Doc Build and Upload	UNKNOWN STEP	2026-07-14T14:50:06.6124591Z   fetch-depth: 0
Doc Build and Upload	UNKNOWN STEP	2026-07-14T14:50:06.6125559Z   repository: pandas-dev/pandas
Doc Build and Upload	UNKNOWN STEP	2026-07-14T14:50:06.6132209Z   token: ***
Doc Build and Upload	UNKNOWN STEP	2026-07-14T14:50:06.6133205Z   ssh-strict: true
Doc Build and Upload	UNKNOWN STEP	2026-07-14T14:50:06.6134120Z   ssh-user: git
Doc Build and Upload	UNKNOWN STEP	2026-07-14T14:50:06.6135079Z   persist-credentials: true
Doc Build and Upload	UNKNOWN STEP	2026-07-14T14:50:06.6136116Z   clean: true
Doc Build and Upload	UNKNOWN STEP	2026-07-14T14:50:06.6137101Z   sparse-checkout-cone-mode: true
Doc Build and Upload	UNKNOWN STEP	2026-07-14T14:50:06.6138294Z   fetch-tags: false
Doc Build and Upload	UNKNOWN STEP	2026-07-14T14:50:06.6139269Z   show-progress: true
Doc Build and Upload	UNKNOWN STEP	2026-07-14T14:50:06.6140215Z   lfs: false
Doc Build and Upload	UNKNOWN STEP	2026-07-14T14:50:06.6141157Z   submodules: false
Doc Build and Upload	UNKNOWN STEP	2026-07-14T14:50:06.6142191Z   set-safe-directory: true
Doc Build and Upload	UNKNOWN STEP	2026-07-14T14:50:06.6143153Z env:
Doc Build and Upload	UNKNOWN STEP	2026-07-14T14:50:06.6144064Z   ENV_FILE: environment.yml
Doc Build and Upload	UNKNOWN STEP	2026-07-14T14:50:06.6145071Z   PANDAS_CI: 1
Doc Build and Upload	UNKNOWN STEP	2026-07-14T14:50:06.6146000Z   PANDAS_VERSION: 
Doc Build and Upload	UNKNOWN STEP	2026-07-14T14:50:06.6146954Z   PUBLISH_PROD: false
Doc Build and Upload	UNKNOWN STEP	2026-07-14T14:50:06.6148099Z ##[endgroup]
Doc Build and Upload	UNKNOWN STEP	2026-07-14T14:50:06.6901318Z Syncing repository: pandas-dev/pandas
Doc Build and Upload	UNKNOWN STEP	2026-07-14T14:50:06.6903833Z ##[group]Getting Git version info
Doc Build and Upload	UNKNOWN STEP	2026-07-14T14:50:06.6905109Z Working directory is '/home/runner/work/pandas/pandas'
Doc Build and Upload	UNKNOWN STEP	2026-07-14T14:50:06.6907010Z [command]/usr/bin/git version
Doc Build and Upload	UNKNOWN STEP	2026-07-14T14:50:06.6936254Z git version 2.54.0
Doc Build and Upload	UNKNOWN STEP	2026-07-14T14:50:06.6951384Z ##[endgroup]
Doc Build and Upload	UNKNOWN STEP	2026-07-14T14:50:06.6962839Z Temporarily overriding HOME='/home/runner/work/_temp/1aed4d81-b16a-4ed7-971d-b20285a66db0' before making global git config changes
Doc Build and Upload	UNKNOWN STEP	2026-07-14T14:50:06.6966017Z Adding repository directory to the temporary git global config as a safe directory
Doc Build and Upload	UNKNOWN STEP	2026-07-14T14:50:06.6968750Z [command]/usr/bin/git config --global --add safe.directory /home/runner/work/pandas/pandas
Doc Build and Upload	UNKNOWN STEP	2026-07-14T14:50:06.7240192Z Deleting the contents of '/home/runner/work/pandas/pandas'
Doc Build and Upload	UNKNOWN STEP	2026-07-14T14:50:06.7244525Z ##[group]Initializing the repository
Doc Build and Upload	UNKNOWN STEP	2026-07-14T14:50:06.7247426Z [command]/usr/bin/git init /home/runner/work/pandas/pandas
Doc Build and Upload	UNKNOWN STEP	2026-07-14T14:50:06.7539144Z hint: Using 'master' as the name for the initial branch. This default branch name
Doc Build and Upload	UNKNOWN STEP	2026-07-14T14:50:06.7541717Z hint: will change to "main" in Git 3.0. To configure the initial branch name
Doc Build and Upload	UNKNOWN STEP	2026-07-14T14:50:06.7544029Z hint: to use in all of your new repositories, which will suppress this warning,
Doc Build and Upload	UNKNOWN STEP	2026-07-14T14:50:06.7547026Z hint: call:
Doc Build and Upload	UNKNOWN STEP	2026-07-14T14:50:06.7548652Z hint:
Doc Build and Upload	UNKNOWN STEP	2026-07-14T14:50:06.7550093Z hint: 	git config --global init.defaultBranch <name>
Doc Build and Upload	UNKNOWN STEP	2026-07-14T14:50:06.7551885Z hint:
Doc Build and Upload	UNKNOWN STEP	2026-07-14T14:50:06.7553251Z hint: Names commonly chosen instead of 'master' are 'main', 'trunk' and
Doc Build and Upload	UNKNOWN STEP	2026-07-14T14:50:06.7555153Z hint: 'development'. The just-created branch can be renamed via this command:
Doc Build and Upload	UNKNOWN STEP	2026-07-14T14:50:06.7556935Z hint:
Doc Build and Upload	UNKNOWN STEP	2026-07-14T14:50:06.7558477Z hint: 	git branch -m <name>
Doc Build and Upload	UNKNOWN STEP	2026-07-14T14:50:06.7559727Z hint:
Doc Build and Upload	UNKNOWN STEP	2026-07-14T14:50:06.7561114Z hint: Disable this message with "git config set advice.defaultBranchName false"
Doc Build and Upload	UNKNOWN STEP	2026-07-14T14:50:06.7562942Z Initialized empty Git repository in /home/runner/work/pandas/pandas/.git/
Doc Build and Upload	UNKNOWN STEP	2026-07-14T14:50:06.7566001Z [command]/usr/bin/git remote add origin https://github.com/pandas-dev/pandas
Doc Build and Upload	UNKNOWN STEP	2026-07-14T14:50:06.7737896Z ##[endgroup]
Doc Build and Upload	UNKNOWN STEP	2026-07-14T14:50:06.7740170Z ##[group]Disabling automatic garbage collection
Doc Build and Upload	UNKNOWN STEP	2026-07-14T14:50:06.7741893Z [command]/usr/bin/git config --local gc.auto 0
Doc Build and Upload	UNKNOWN STEP	2026-07-14T14:50:06.7838430Z ##[endgroup]
Doc Build and Upload	UNKNOWN STEP	2026-07-14T14:50:06.7840160Z ##[group]Setting up auth
Doc Build and Upload	UNKNOWN STEP	2026-07-14T14:50:06.7841728Z Removing SSH command configuration
Doc Build and Upload	UNKNOWN STEP	2026-07-14T14:50:06.7843542Z [command]/usr/bin/git config --local --name-only --get-regexp core\.sshCommand
Doc Build and Upload	UNKNOWN STEP	2026-07-14T14:50:06.7868463Z [command]/usr/bin/git submodule foreach --recursive sh -c "git config --local --name-only --get-regexp 'core\.sshCommand' && git config --local --unset-all 'core.sshCommand' || :"
Doc Build and Upload	UNKNOWN STEP	2026-07-14T14:50:06.8370769Z Removing HTTP extra header
Doc Build and Upload	UNKNOWN STEP	2026-07-14T14:50:06.8374872Z [command]/usr/bin/git config --local --name-only --get-regexp http\.https\:\/\/github\.com\/\.extraheader
Doc Build and Upload	UNKNOWN STEP	2026-07-14T14:50:06.8397777Z [command]/usr/bin/git submodule foreach --recursive sh -c "git config --local --name-only --get-regexp 'http\.https\:\/\/github\.com\/\.extraheader' && git config --local --unset-all 'http.https://github.com/.extraheader' || :"
Doc Build and Upload	UNKNOWN STEP	2026-07-14T14:50:06.8559025Z Removing includeIf entries pointing to credentials config files
Doc Build and Upload	UNKNOWN STEP	2026-07-14T14:50:06.8570433Z [command]/usr/bin/git config --local --name-only --get-regexp ^includeIf\.gitdir:
Doc Build and Upload	UNKNOWN STEP	2026-07-14T14:50:06.8591118Z [command]/usr/bin/git submodule foreach --recursive git config --local --show-origin --name-only --get-regexp remote.origin.url
Doc Build and Upload	UNKNOWN STEP	2026-07-14T14:50:06.8759197Z [command]/usr/bin/git config --file /home/runner/work/_temp/git-credentials-9d74d213-0792-4b2d-815b-32de091e61ae.config http.https://github.com/.extraheader AUTHORIZATION: basic ***
Doc Build and Upload	UNKNOWN STEP	2026-07-14T14:50:06.8844934Z [command]/usr/bin/git config --local includeIf.gitdir:/home/runner/work/pandas/pandas/.git.path /home/runner/work/_temp/git-credentials-9d74d213-0792-4b2d-815b-32de091e61ae.config
Doc Build and Upload	UNKNOWN STEP	2026-07-14T14:50:06.9148208Z [command]/usr/bin/git config --local includeIf.gitdir:/home/runner/work/pandas/pandas/.git/worktrees/*.path /home/runner/work/_temp/git-credentials-9d74d213-0792-4b2d-815b-32de091e61ae.config
Doc Build and Upload	UNKNOWN STEP	2026-07-14T14:50:06.9158471Z [command]/usr/bin/git config --local includeIf.gitdir:/github/workspace/.git.path /github/runner_temp/git-credentials-9d74d213-0792-4b2d-815b-32de091e61ae.config
Doc Build and Upload	UNKNOWN STEP	2026-07-14T14:50:06.9336166Z [command]/usr/bin/git config --local includeIf.gitdir:/github/workspace/.git/worktrees/*.path /github/runner_temp/git-credentials-9d74d213-0792-4b2d-815b-32de091e61ae.config
Doc Build and Upload	UNKNOWN STEP	2026-07-14T14:50:06.9360422Z ##[endgroup]
Doc Build and Upload	UNKNOWN STEP	2026-07-14T14:50:06.9362758Z ##[group]Fetching the repository
Doc Build and Upload	UNKNOWN STEP	2026-07-14T14:50:06.9368982Z [command]/usr/bin/git -c protocol.version=2 fetch --no-tags --prune --no-recurse-submodules origin +refs/heads/*:refs/remotes/origin/* +refs/tags/*:refs/tags/*
Doc Build and Upload	UNKNOWN STEP	2026-07-14T14:50:28.8389253Z From https://github.com/pandas-dev/pandas
Doc Build and Upload	UNKNOWN STEP	2026-07-14T14:50:28.8390215Z  * [new branch]            0.19.x            -> origin/0.19.x
Doc Build and Upload	UNKNOWN STEP	2026-07-14T14:50:28.8390774Z  * [new branch]            0.20.x            -> origin/0.20.x
Doc Build and Upload	UNKNOWN STEP	2026-07-14T14:50:28.8391299Z  * [new branch]            0.21.x            -> origin/0.21.x
Doc Build and Upload	UNKNOWN STEP	2026-07-14T14:50:28.8391780Z  * [new branch]            0.22.x            -> origin/0.22.x
Doc Build and Upload	UNKNOWN STEP	2026-07-14T14:50:28.8392450Z  * [new branch]            0.23.x            -> origin/0.23.x
Doc Build and Upload	UNKNOWN STEP	2026-07-14T14:50:28.8392992Z  * [new branch]            0.24.x            -> origin/0.24.x
Doc Build and Upload	UNKNOWN STEP	2026-07-14T14:50:28.8393456Z  * [new branch]            0.25.x            -> origin/0.25.x
Doc Build and Upload	UNKNOWN STEP	2026-07-14T14:50:28.8394413Z  * [new branch]            1.0.x             -> origin/1.0.x
Doc Build and Upload	UNKNOWN STEP	2026-07-14T14:50:28.8395062Z  * [new branch]            1.1.x             -> origin/1.1.x
Doc Build and Upload	UNKNOWN STEP	2026-07-14T14:50:28.8395686Z  * [new branch]            1.2.x             -> origin/1.2.x
Doc Build and Upload	UNKNOWN STEP	2026-07-14T14:50:28.8396312Z  * [new branch]            1.3.x             -> origin/1.3.x
Doc Build and Upload	UNKNOWN STEP	2026-07-14T14:50:28.8397480Z  * [new branch]            1.4.x             -> origin/1.4.x
Doc Build and Upload	UNKNOWN STEP	2026-07-14T14:50:28.8398233Z  * [new branch]            1.5.x             -> origin/1.5.x
Doc Build and Upload	UNKNOWN STEP	2026-07-14T14:50:28.8398967Z  * [new branch]            2.0.x             -> origin/2.0.x
Doc Build and Upload	UNKNOWN STEP	2026-07-14T14:50:28.8399634Z  * [new branch]            2.1.x             -> origin/2.1.x
Doc Build and Upload	UNKNOWN STEP	2026-07-14T14:50:28.8400182Z  * [new branch]            2.2.x             -> origin/2.2.x
Doc Build and Upload	UNKNOWN STEP	2026-07-14T14:50:28.8400749Z  * [new branch]            2.3.x             -> origin/2.3.x
Doc Build and Upload	UNKNOWN STEP	2026-07-14T14:50:28.8401374Z  * [new branch]            3.0.x             -> origin/3.0.x
Doc Build and Upload	UNKNOWN STEP	2026-07-14T14:50:28.8401918Z  * [new branch]            main              -> origin/main
Doc Build and Upload	UNKNOWN STEP	2026-07-14T14:50:28.8402589Z  * [new tag]               0.3.0             -> 0.3.0
Doc Build and Upload	UNKNOWN STEP	2026-07-14T14:50:28.8403549Z  * [new tag]               debian/0.4.0-1    -> debian/0.4.0-1
Doc Build and Upload	UNKNOWN STEP	2026-07-14T14:50:28.8404333Z  * [new tag]               debian/0.4.1-1    -> debian/0.4.1-1
Doc Build and Upload	UNKNOWN STEP	2026-07-14T14:50:28.8405056Z  * [new tag]               debian/0.4.3-1    -> debian/0.4.3-1
Doc Build and Upload	UNKNOWN STEP	2026-07-14T14:50:28.8405856Z  * [new tag]               debian/0.5.0+git7-gcf32be2-1 -> debian/0.5.0+git7-gcf32be2-1
Doc Build and Upload	UNKNOWN STEP	2026-07-14T14:50:28.8406495Z  * [new tag]               debian/0.6.1-1    -> debian/0.6.1-1
Doc Build and Upload	UNKNOWN STEP	2026-07-14T14:50:28.8407189Z  * [new tag]               debian/0.7.0-1    -> debian/0.7.0-1
Doc Build and Upload	UNKNOWN STEP	2026-07-14T14:50:28.8409084Z  * [new tag]               debian/0.7.1+git1-ga2e86c2-1 -> debian/0.7.1+git1-ga2e86c2-1
Doc Build and Upload	UNKNOWN STEP	2026-07-14T14:50:28.8410476Z  * [new tag]               debian/0.7.3-1    -> debian/0.7.3-1
Doc Build and Upload	UNKNOWN STEP	2026-07-14T14:50:28.8411263Z  * [new tag]               debian/0.8.0-1    -> debian/0.8.0-1
Doc Build and Upload	UNKNOWN STEP	2026-07-14T14:50:28.8411992Z  * [new tag]               debian/0.8.0-2    -> debian/0.8.0-2
Doc Build and Upload	UNKNOWN STEP	2026-07-14T14:50:28.8412739Z  * [new tag]               debian/0.8.0_b2+git68-g7240b87-1 -> debian/0.8.0_b2+git68-g7240b87-1
Doc Build and Upload	UNKNOWN STEP	2026-07-14T14:50:28.8413557Z  * [new tag]               debian/0.8.0_b2-1 -> debian/0.8.0_b2-1
Doc Build and Upload	UNKNOWN STEP	2026-07-14T14:50:28.8414356Z  * [new tag]               debian/0.8.0_rc2+git26-g76c6351-1 -> debian/0.8.0_rc2+git26-g76c6351-1
Doc Build and Upload	UNKNOWN STEP	2026-07-14T14:50:28.8415130Z  * [new tag]               debian/0.8.1-1    -> debian/0.8.1-1
Doc Build and Upload	UNKNOWN STEP	2026-07-14T14:50:28.8415765Z  * [new tag]               v0.10.0           -> v0.10.0
Doc Build and Upload	UNKNOWN STEP	2026-07-14T14:50:28.8416403Z  * [new tag]               v0.10.0b1         -> v0.10.0b1
Doc Build and Upload	UNKNOWN STEP	2026-07-14T14:50:28.8417052Z  * [new tag]               v0.10.1           -> v0.10.1
Doc Build and Upload	UNKNOWN STEP	2026-07-14T14:50:28.8417907Z  * [new tag]               v0.11.0           -> v0.11.0
Doc Build and Upload	UNKNOWN STEP	2026-07-14T14:50:28.8418555Z  * [new tag]               v0.11.0rc1        -> v0.11.0rc1
Doc Build and Upload	UNKNOWN STEP	2026-07-14T14:50:28.8419172Z  * [new tag]               v0.12.0           -> v0.12.0
Doc Build and Upload	UNKNOWN STEP	2026-07-14T14:50:28.8419843Z  * [new tag]               v0.12.0rc1        -> v0.12.0rc1
Doc Build and Upload	UNKNOWN STEP	2026-07-14T14:50:28.8420456Z  * [new tag]               v0.13.0           -> v0.13.0
Doc Build and Upload	UNKNOWN STEP	2026-07-14T14:50:28.8421078Z  * [new tag]               v0.13.0_ahl1      -> v0.13.0_ahl1
Doc Build and Upload	UNKNOWN STEP	2026-07-14T14:50:28.8421752Z  * [new tag]               v0.13.0_ahl2      -> v0.13.0_ahl2
Doc Build and Upload	UNKNOWN STEP	2026-07-14T14:50:28.8422382Z  * [new tag]               v0.13.0rc1        -> v0.13.0rc1
Doc Build and Upload	UNKNOWN STEP	2026-07-14T14:50:28.8422992Z  * [new tag]               v0.13.1           -> v0.13.1
Doc Build and Upload	UNKNOWN STEP	2026-07-14T14:50:28.8423584Z  * [new tag]               v0.14.0           -> v0.14.0
Doc Build and Upload	UNKNOWN STEP	2026-07-14T14:50:28.8424240Z  * [new tag]               v0.14.0rc1        -> v0.14.0rc1
Doc Build and Upload	UNKNOWN STEP	2026-07-14T14:50:28.8424854Z  * [new tag]               v0.14.1           -> v0.14.1
Doc Build and Upload	UNKNOWN STEP	2026-07-14T14:50:28.8425537Z  * [new tag]               v0.15.0           -> v0.15.0
Doc Build and Upload	UNKNOWN STEP	2026-07-14T14:50:28.8426168Z  * [new tag]               v0.15.0rc1        -> v0.15.0rc1
Doc Build and Upload	UNKNOWN STEP	2026-07-14T14:50:28.8426791Z  * [new tag]               v0.15.1           -> v0.15.1
Doc Build and Upload	UNKNOWN STEP	2026-07-14T14:50:28.8427413Z  * [new tag]               v0.15.2           -> v0.15.2
Doc Build and Upload	UNKNOWN STEP	2026-07-14T14:50:28.8428182Z  * [new tag]               v0.15.2pre        -> v0.15.2pre
Doc Build and Upload	UNKNOWN STEP	2026-07-14T14:50:28.8428835Z  * [new tag]               v0.15pre          -> v0.15pre
Doc Build and Upload	UNKNOWN STEP	2026-07-14T14:50:28.8429483Z  * [new tag]               v0.16.0           -> v0.16.0
Doc Build and Upload	UNKNOWN STEP	2026-07-14T14:50:28.8430099Z  * [new tag]               v0.16.0rc1        -> v0.16.0rc1
Doc Build and Upload	UNKNOWN STEP	2026-07-14T14:50:28.8430699Z  * [new tag]               v0.16.1           -> v0.16.1
Doc Build and Upload	UNKNOWN STEP	2026-07-14T14:50:28.8431324Z  * [new tag]               v0.16.2           -> v0.16.2
Doc Build and Upload	UNKNOWN STEP	2026-07-14T14:50:28.8432003Z  * [new tag]               v0.16.3           -> v0.16.3
Doc Build and Upload	UNKNOWN STEP	2026-07-14T14:50:28.8432631Z  * [new tag]               v0.17.0           -> v0.17.0
Doc Build and Upload	UNKNOWN STEP	2026-07-14T14:50:28.8433245Z  * [new tag]               v0.17.0rc1        -> v0.17.0rc1
Doc Build and Upload	UNKNOWN STEP	2026-07-14T14:50:28.8433890Z  * [new tag]               v0.17.0rc2        -> v0.17.0rc2
Doc Build and Upload	UNKNOWN STEP	2026-07-14T14:50:28.8434561Z  * [new tag]               v0.17.1           -> v0.17.1
Doc Build and Upload	UNKNOWN STEP	2026-07-14T14:50:28.8435296Z  * [new tag]               v0.18.0           -> v0.18.0
Doc Build and Upload	UNKNOWN STEP	2026-07-14T14:50:28.8436167Z  * [new tag]               v0.18.0rc1        -> v0.18.0rc1
Doc Build and Upload	UNKNOWN STEP	2026-07-14T14:50:28.8436840Z  * [new tag]               v0.18.0rc2        -> v0.18.0rc2
Doc Build and Upload	UNKNOWN STEP	2026-07-14T14:50:28.8437479Z  * [new tag]               v0.18.1           -> v0.18.1
Doc Build and Upload	UNKNOWN STEP	2026-07-14T14:50:28.8438386Z  * [new tag]               v0.19.0           -> v0.19.0
Doc Build and Upload	UNKNOWN STEP	2026-07-14T14:50:28.8439023Z  * [new tag]               v0.19.0rc1        -> v0.19.0rc1
Doc Build and Upload	UNKNOWN STEP	2026-07-14T14:50:28.8439681Z  * [new tag]               v0.19.1           -> v0.19.1
Doc Build and Upload	UNKNOWN STEP	2026-07-14T14:50:28.8440335Z  * [new tag]               v0.19.2           -> v0.19.2
Doc Build and Upload	UNKNOWN STEP	2026-07-14T14:50:28.8440961Z  * [new tag]               v0.20.0           -> v0.20.0
Doc Build and Upload	UNKNOWN STEP	2026-07-14T14:50:28.8441621Z  * [new tag]               v0.20.0rc1        -> v0.20.0rc1
Doc Build and Upload	UNKNOWN STEP	2026-07-14T14:50:28.8442312Z  * [new tag]               v0.20.0rc2        -> v0.20.0rc2
Doc Build and Upload	UNKNOWN STEP	2026-07-14T14:50:28.8442984Z  * [new tag]               v0.20.1           -> v0.20.1
Doc Build and Upload	UNKNOWN STEP	2026-07-14T14:50:28.8443590Z  * [new tag]               v0.20.2           -> v0.20.2
Doc Build and Upload	UNKNOWN STEP	2026-07-14T14:50:28.8444255Z  * [new tag]               v0.20.3           -> v0.20.3
Doc Build and Upload	UNKNOWN STEP	2026-07-14T14:50:28.8444878Z  * [new tag]               v0.21.0           -> v0.21.0
Doc Build and Upload	UNKNOWN STEP	2026-07-14T14:50:28.8445521Z  * [new tag]               v0.21.0.dev       -> v0.21.0.dev
Doc Build and Upload	UNKNOWN STEP	2026-07-14T14:50:28.8446218Z  * [new tag]               v0.21.0rc1        -> v0.21.0rc1
Doc Build and Upload	UNKNOWN STEP	2026-07-14T14:50:28.8446919Z  * [new tag]               v0.21.1           -> v0.21.1
Doc Build and Upload	UNKNOWN STEP	2026-07-14T14:50:28.8447911Z  * [new tag]               v0.22.0           -> v0.22.0
Doc Build and Upload	UNKNOWN STEP	2026-07-14T14:50:28.8448631Z  * [new tag]               v0.22.0.dev0      -> v0.22.0.dev0
Doc Build and Upload	UNKNOWN STEP	2026-07-14T14:50:28.8449316Z  * [new tag]               v0.23.0           -> v0.23.0
Doc Build and Upload	UNKNOWN STEP	2026-07-14T14:50:28.8450007Z  * [new tag]               v0.23.0.dev0      -> v0.23.0.dev0
Doc Build and Upload	UNKNOWN STEP	2026-07-14T14:50:28.8450672Z  * [new tag]               v0.23.0rc1        -> v0.23.0rc1
Doc Build and Upload	UNKNOWN STEP	2026-07-14T14:50:28.8451337Z  * [new tag]               v0.23.0rc2        -> v0.23.0rc2
Doc Build and Upload	UNKNOWN STEP	2026-07-14T14:50:28.8451984Z  * [new tag]               v0.23.1           -> v0.23.1
Doc Build and Upload	UNKNOWN STEP	2026-07-14T14:50:28.8452682Z  * [new tag]               v0.23.2           -> v0.23.2
Doc Build and Upload	UNKNOWN STEP	2026-07-14T14:50:28.8453332Z  * [new tag]               v0.23.3           -> v0.23.3
Doc Build and Upload	UNKNOWN STEP	2026-07-14T14:50:28.8453964Z  * [new tag]               v0.23.4           -> v0.23.4
Doc Build and Upload	UNKNOWN STEP	2026-07-14T14:50:28.8454622Z  * [new tag]               v0.24.0           -> v0.24.0
Doc Build and Upload	UNKNOWN STEP	2026-07-14T14:50:28.8455313Z  * [new tag]               v0.24.0.dev0      -> v0.24.0.dev0
Doc Build and Upload	UNKNOWN STEP	2026-07-14T14:50:28.8455980Z  * [new tag]               v0.24.0rc1        -> v0.24.0rc1
Doc Build and Upload	UNKNOWN STEP	2026-07-14T14:50:28.8456616Z  * [new tag]               v0.24.1           -> v0.24.1
Doc Build and Upload	UNKNOWN STEP	2026-07-14T14:50:28.8457237Z  * [new tag]               v0.24.2           -> v0.24.2
Doc Build and Upload	UNKNOWN STEP	2026-07-14T14:50:28.8458094Z  * [new tag]               v0.25.0           -> v0.25.0
Doc Build and Upload	UNKNOWN STEP	2026-07-14T14:50:28.8458793Z  * [new tag]               v0.25.0.dev0      -> v0.25.0.dev0
Doc Build and Upload	UNKNOWN STEP	2026-07-14T14:50:28.8459471Z  * [new tag]               v0.25.0rc0        -> v0.25.0rc0
Doc Build and Upload	UNKNOWN STEP	2026-07-14T14:50:28.8460156Z  * [new tag]               v0.25.1           -> v0.25.1
Doc Build and Upload	UNKNOWN STEP	2026-07-14T14:50:28.8460866Z  * [new tag]               v0.25.2           -> v0.25.2
Doc Build and Upload	UNKNOWN STEP	2026-07-14T14:50:28.8461511Z  * [new tag]               v0.25.3           -> v0.25.3
Doc Build and Upload	UNKNOWN STEP	2026-07-14T14:50:28.8462200Z  * [new tag]               v0.26.0.dev0      -> v0.26.0.dev0
Doc Build and Upload	UNKNOWN STEP	2026-07-14T14:50:28.8462912Z  * [new tag]               v0.4.0            -> v0.4.0
Doc Build and Upload	UNKNOWN STEP	2026-07-14T14:50:28.8463553Z  * [new tag]               v0.4.1            -> v0.4.1
Doc Build and Upload	UNKNOWN STEP	2026-07-14T14:50:28.8464217Z  * [new tag]               v0.4.2            -> v0.4.2
Doc Build and Upload	UNKNOWN STEP	2026-07-14T14:50:28.8464974Z  * [new tag]               v0.4.3            -> v0.4.3
Doc Build and Upload	UNKNOWN STEP	2026-07-14T14:50:28.8465666Z  * [new tag]               v0.5.0            -> v0.5.0
Doc Build and Upload	UNKNOWN STEP	2026-07-14T14:50:28.8466340Z  * [new tag]               v0.6.0            -> v0.6.0
Doc Build and Upload	UNKNOWN STEP	2026-07-14T14:50:28.8467015Z  * [new tag]               v0.6.1            -> v0.6.1
Doc Build and Upload	UNKNOWN STEP	2026-07-14T14:50:28.8467807Z  * [new tag]               v0.7.0            -> v0.7.0
Doc Build and Upload	UNKNOWN STEP	2026-07-14T14:50:28.8468553Z  * [new tag]               v0.7.0rc1         -> v0.7.0rc1
Doc Build and Upload	UNKNOWN STEP	2026-07-14T14:50:28.8469411Z  * [new tag]               v0.7.1            -> v0.7.1
Doc Build and Upload	UNKNOWN STEP	2026-07-14T14:50:28.8470051Z  * [new tag]               v0.7.2            -> v0.7.2
Doc Build and Upload	UNKNOWN STEP	2026-07-14T14:50:28.8470694Z  * [new tag]               v0.7.3            -> v0.7.3
Doc Build and Upload	UNKNOWN STEP	2026-07-14T14:50:28.8471496Z  * [new tag]               v0.8.0            -> v0.8.0
Doc Build and Upload	UNKNOWN STEP	2026-07-14T14:50:28.8472148Z  * [new tag]               v0.8.0b1          -> v0.8.0b1
Doc Build and Upload	UNKNOWN STEP	2026-07-14T14:50:28.8472828Z  * [new tag]               v0.8.0b2          -> v0.8.0b2
Doc Build and Upload	UNKNOWN STEP	2026-07-14T14:50:28.8473512Z  * [new tag]               v0.8.0rc1         -> v0.8.0rc1
Doc Build and Upload	UNKNOWN STEP	2026-07-14T14:50:28.8474219Z  * [new tag]               v0.8.0rc2         -> v0.8.0rc2
Doc Build and Upload	UNKNOWN STEP	2026-07-14T14:50:28.8474863Z  * [new tag]               v0.8.1            -> v0.8.1
Doc Build and Upload	UNKNOWN STEP	2026-07-14T14:50:28.8475534Z  * [new tag]               v0.9.0            -> v0.9.0
Doc Build and Upload	UNKNOWN STEP	2026-07-14T14:50:28.8476184Z  * [new tag]               v0.9.0rc1         -> v0.9.0rc1
Doc Build and Upload	UNKNOWN STEP	2026-07-14T14:50:28.8476891Z  * [new tag]               v0.9.0rc2         -> v0.9.0rc2
Doc Build and Upload	UNKNOWN STEP	2026-07-14T14:50:28.8477675Z  * [new tag]               v0.9.1            -> v0.9.1
Doc Build and Upload	UNKNOWN STEP	2026-07-14T14:50:28.8478344Z  * [new tag]               v0.9.1rc1         -> v0.9.1rc1
Doc Build and Upload	UNKNOWN STEP	2026-07-14T14:50:28.8479019Z  * [new tag]               v1.0.0            -> v1.0.0
Doc Build and Upload	UNKNOWN STEP	2026-07-14T14:50:28.8479738Z  * [new tag]               v1.0.0rc0         -> v1.0.0rc0
Doc Build and Upload	UNKNOWN STEP	2026-07-14T14:50:28.8480400Z  * [new tag]               v1.0.1            -> v1.0.1
Doc Build and Upload	UNKNOWN STEP	2026-07-14T14:50:28.8481058Z  * [new tag]               v1.0.2            -> v1.0.2
Doc Build and Upload	UNKNOWN STEP	2026-07-14T14:50:28.8481706Z  * [new tag]               v1.0.3            -> v1.0.3
Doc Build and Upload	UNKNOWN STEP	2026-07-14T14:50:28.8482421Z  * [new tag]               v1.0.4            -> v1.0.4
Doc Build and Upload	UNKNOWN STEP	2026-07-14T14:50:28.8483071Z  * [new tag]               v1.0.5            -> v1.0.5
Doc Build and Upload	UNKNOWN STEP	2026-07-14T14:50:28.8483707Z  * [new tag]               v1.1.0            -> v1.1.0
Doc Build and Upload	UNKNOWN STEP	2026-07-14T14:50:28.8484392Z  * [new tag]               v1.1.0.dev0       -> v1.1.0.dev0
Doc Build and Upload	UNKNOWN STEP	2026-07-14T14:50:28.8485118Z  * [new tag]               v1.1.0rc0         -> v1.1.0rc0
Doc Build and Upload	UNKNOWN STEP	2026-07-14T14:50:28.8485776Z  * [new tag]               v1.1.1            -> v1.1.1
Doc Build and Upload	UNKNOWN STEP	2026-07-14T14:50:28.8486440Z  * [new tag]               v1.1.2            -> v1.1.2
Doc Build and Upload	UNKNOWN STEP	2026-07-14T14:50:28.8487142Z  * [new tag]               v1.1.3            -> v1.1.3
Doc Build and Upload	UNKNOWN STEP	2026-07-14T14:50:28.8488057Z  * [new tag]               v1.1.4            -> v1.1.4
Doc Build and Upload	UNKNOWN STEP	2026-07-14T14:50:28.8488757Z  * [new tag]               v1.1.5            -> v1.1.5
Doc Build and Upload	UNKNOWN STEP	2026-07-14T14:50:28.8489412Z  * [new tag]               v1.2.0            -> v1.2.0
Doc Build and Upload	UNKNOWN STEP	2026-07-14T14:50:28.8490111Z  * [new tag]               v1.2.0.dev0       -> v1.2.0.dev0
Doc Build and Upload	UNKNOWN STEP	2026-07-14T14:50:28.8490827Z  * [new tag]               v1.2.0rc0         -> v1.2.0rc0
Doc Build and Upload	UNKNOWN STEP	2026-07-14T14:50:28.8491497Z  * [new tag]               v1.2.1            -> v1.2.1
Doc Build and Upload	UNKNOWN STEP	2026-07-14T14:50:28.8492160Z  * [new tag]               v1.2.2            -> v1.2.2
Doc Build and Upload	UNKNOWN STEP	2026-07-14T14:50:28.8492847Z  * [new tag]               v1.2.3            -> v1.2.3
Doc Build and Upload	UNKNOWN STEP	2026-07-14T14:50:28.8493494Z  * [new tag]               v1.2.4            -> v1.2.4
Doc Build and Upload	UNKNOWN STEP	2026-07-14T14:50:28.8494168Z  * [new tag]               v1.2.5            -> v1.2.5
Doc Build and Upload	UNKNOWN STEP	2026-07-14T14:50:28.8494806Z  * [new tag]               v1.3.0            -> v1.3.0
Doc Build and Upload	UNKNOWN STEP	2026-07-14T14:50:28.8495503Z  * [new tag]               v1.3.0.dev0       -> v1.3.0.dev0
Doc Build and Upload	UNKNOWN STEP	2026-07-14T14:50:28.8496194Z  * [new tag]               v1.3.0rc0         -> v1.3.0rc0
Doc Build and Upload	UNKNOWN STEP	2026-07-14T14:50:28.8496873Z  * [new tag]               v1.3.0rc1         -> v1.3.0rc1
Doc Build and Upload	UNKNOWN STEP	2026-07-14T14:50:28.8497527Z  * [new tag]               v1.3.1            -> v1.3.1
Doc Build and Upload	UNKNOWN STEP	2026-07-14T14:50:28.8498383Z  * [new tag]               v1.3.2            -> v1.3.2
Doc Build and Upload	UNKNOWN STEP	2026-07-14T14:50:28.8499045Z  * [new tag]               v1.3.3            -> v1.3.3
Doc Build and Upload	UNKNOWN STEP	2026-07-14T14:50:28.8499686Z  * [new tag]               v1.3.4            -> v1.3.4
Doc Build and Upload	UNKNOWN STEP	2026-07-14T14:50:28.8500357Z  * [new tag]               v1.3.5            -> v1.3.5
Doc Build and Upload	UNKNOWN STEP	2026-07-14T14:50:28.8501060Z  * [new tag]               v1.4.0            -> v1.4.0
Doc Build and Upload	UNKNOWN STEP	2026-07-14T14:50:28.8501706Z  * [new tag]               v1.4.0.dev0       -> v1.4.0.dev0
Doc Build and Upload	UNKNOWN STEP	2026-07-14T14:50:28.8502576Z  * [new tag]               v1.4.0rc0         -> v1.4.0rc0
Doc Build and Upload	UNKNOWN STEP	2026-07-14T14:50:28.8503253Z  * [new tag]               v1.4.1            -> v1.4.1
Doc Build and Upload	UNKNOWN STEP	2026-07-14T14:50:28.8503955Z  * [new tag]               v1.4.2            -> v1.4.2
Doc Build and Upload	UNKNOWN STEP	2026-07-14T14:50:28.8504717Z  * [new tag]               v1.4.3            -> v1.4.3
Doc Build and Upload	UNKNOWN STEP	2026-07-14T14:50:28.8505396Z  * [new tag]               v1.4.4            -> v1.4.4
Doc Build and Upload	UNKNOWN STEP	2026-07-14T14:50:28.8506032Z  * [new tag]               v1.5.0            -> v1.5.0
Doc Build and Upload	UNKNOWN STEP	2026-07-14T14:50:28.8506749Z  * [new tag]               v1.5.0.dev0       -> v1.5.0.dev0
Doc Build and Upload	UNKNOWN STEP	2026-07-14T14:50:28.8507425Z  * [new tag]               v1.5.0rc0         -> v1.5.0rc0
Doc Build and Upload	UNKNOWN STEP	2026-07-14T14:50:28.8508215Z  * [new tag]               v1.5.1            -> v1.5.1
Doc Build and Upload	UNKNOWN STEP	2026-07-14T14:50:28.8508899Z  * [new tag]               v1.5.2            -> v1.5.2
Doc Build and Upload	UNKNOWN STEP	2026-07-14T14:50:28.8509562Z  * [new tag]               v1.5.3            -> v1.5.3
Doc Build and Upload	UNKNOWN STEP	2026-07-14T14:50:28.8510211Z  * [new tag]               v1.6.0.dev0       -> v1.6.0.dev0
Doc Build and Upload	UNKNOWN STEP	2026-07-14T14:50:28.8510911Z  * [new tag]               v2.0.0            -> v2.0.0
Doc Build and Upload	UNKNOWN STEP	2026-07-14T14:50:28.8511596Z  * [new tag]               v2.0.0.dev0       -> v2.0.0.dev0
Doc Build and Upload	UNKNOWN STEP	2026-07-14T14:50:28.8512267Z  * [new tag]               v2.0.0rc0         -> v2.0.0rc0
Doc Build and Upload	UNKNOWN STEP	2026-07-14T14:50:28.8512964Z  * [new tag]               v2.0.0rc1         -> v2.0.0rc1
Doc Build and Upload	UNKNOWN STEP	2026-07-14T14:50:28.8513628Z  * [new tag]               v2.0.1            -> v2.0.1
Doc Build and Upload	UNKNOWN STEP	2026-07-14T14:50:28.8514300Z  * [new tag]               v2.0.2            -> v2.0.2
Doc Build and Upload	UNKNOWN STEP	2026-07-14T14:50:28.8514969Z  * [new tag]               v2.0.3            -> v2.0.3
Doc Build and Upload	UNKNOWN STEP	2026-07-14T14:50:28.8515593Z  * [new tag]               v2.1.0            -> v2.1.0
Doc Build and Upload	UNKNOWN STEP	2026-07-14T14:50:28.8516186Z  * [new tag]               v2.1.0.dev0       -> v2.1.0.dev0
Doc Build and Upload	UNKNOWN STEP	2026-07-14T14:50:28.8516845Z  * [new tag]               v2.1.0rc0         -> v2.1.0rc0
Doc Build and Upload	UNKNOWN STEP	2026-07-14T14:50:28.8517432Z  * [new tag]               v2.1.1            -> v2.1.1
Doc Build and Upload	UNKNOWN STEP	2026-07-14T14:50:28.8518267Z  * [new tag]               v2.1.2            -> v2.1.2
Doc Build and Upload	UNKNOWN STEP	2026-07-14T14:50:28.8518857Z  * [new tag]               v2.1.3            -> v2.1.3
Doc Build and Upload	UNKNOWN STEP	2026-07-14T14:50:28.8519458Z  * [new tag]               v2.1.4            -> v2.1.4
Doc Build and Upload	UNKNOWN STEP	2026-07-14T14:50:28.8519954Z  * [new tag]               v2.2.0            -> v2.2.0
Doc Build and Upload	UNKNOWN STEP	2026-07-14T14:50:28.8520578Z  * [new tag]               v2.2.0.dev0       -> v2.2.0.dev0
Doc Build and Upload	UNKNOWN STEP	2026-07-14T14:50:28.8521285Z  * [new tag]               v2.2.0dev0        -> v2.2.0dev0
Doc Build and Upload	UNKNOWN STEP	2026-07-14T14:50:28.8521837Z  * [new tag]               v2.2.0rc0         -> v2.2.0rc0
Doc Build and Upload	UNKNOWN STEP	2026-07-14T14:50:28.8522395Z  * [new tag]               v2.2.1            -> v2.2.1
Doc Build and Upload	UNKNOWN STEP	2026-07-14T14:50:28.8523085Z  * [new tag]               v2.2.2            -> v2.2.2
Doc Build and Upload	UNKNOWN STEP	2026-07-14T14:50:28.8523671Z  * [new tag]               v2.2.3            -> v2.2.3
Doc Build and Upload	UNKNOWN STEP	2026-07-14T14:50:28.8524302Z  * [new tag]               v2.3.0            -> v2.3.0
Doc Build and Upload	UNKNOWN STEP	2026-07-14T14:50:28.8524876Z  * [new tag]               v2.3.0.dev0       -> v2.3.0.dev0
Doc Build and Upload	UNKNOWN STEP	2026-07-14T14:50:28.8525477Z  * [new tag]               v2.3.1            -> v2.3.1
Doc Build and Upload	UNKNOWN STEP	2026-07-14T14:50:28.8525958Z  * [new tag]               v2.3.2            -> v2.3.2
Doc Build and Upload	UNKNOWN STEP	2026-07-14T14:50:28.8526411Z  * [new tag]               v2.3.3            -> v2.3.3
Doc Build and Upload	UNKNOWN STEP	2026-07-14T14:50:28.8526861Z  * [new tag]               v3.0.0            -> v3.0.0
Doc Build and Upload	UNKNOWN STEP	2026-07-14T14:50:28.8527357Z  * [new tag]               v3.0.0.dev0       -> v3.0.0.dev0
Doc Build and Upload	UNKNOWN STEP	2026-07-14T14:50:28.8528004Z  * [new tag]               v3.0.0rc0         -> v3.0.0rc0
Doc Build and Upload	UNKNOWN STEP	2026-07-14T14:50:28.8528476Z  * [new tag]               v3.0.0rc1         -> v3.0.0rc1
Doc Build and Upload	UNKNOWN STEP	2026-07-14T14:50:28.8529032Z  * [new tag]               v3.0.0rc2         -> v3.0.0rc2
Doc Build and Upload	UNKNOWN STEP	2026-07-14T14:50:28.8529688Z  * [new tag]               v3.0.1            -> v3.0.1
Doc Build and Upload	UNKNOWN STEP	2026-07-14T14:50:28.8530240Z  * [new tag]               v3.0.2            -> v3.0.2
Doc Build and Upload	UNKNOWN STEP	2026-07-14T14:50:28.8530733Z  * [new tag]               v3.0.3            -> v3.0.3
Doc Build and Upload	UNKNOWN STEP	2026-07-14T14:50:28.8531217Z  * [new tag]               v3.0.4            -> v3.0.4
Doc Build and Upload	UNKNOWN STEP	2026-07-14T14:50:28.8531671Z  * [new tag]               v3.1.0.dev0       -> v3.1.0.dev0
Doc Build and Upload	UNKNOWN STEP	2026-07-14T14:50:28.8538562Z [command]/usr/bin/git branch --list --remote origin/3.0.x
Doc Build and Upload	UNKNOWN STEP	2026-07-14T14:50:28.8557116Z   origin/3.0.x
Doc Build and Upload	UNKNOWN STEP	2026-07-14T14:50:28.8564704Z [command]/usr/bin/git rev-parse refs/remotes/origin/3.0.x
Doc Build and Upload	UNKNOWN STEP	2026-07-14T14:50:28.8581509Z 5d846d0af117fcfd9c746f78ddfe67d37e668478
Doc Build and Upload	UNKNOWN STEP	2026-07-14T14:50:28.8584334Z ##[endgroup]
Doc Build and Upload	UNKNOWN STEP	2026-07-14T14:50:28.8585456Z ##[group]Determining the checkout info
Doc Build and Upload	UNKNOWN STEP	2026-07-14T14:50:28.8586603Z ##[endgroup]
Doc Build and Upload	UNKNOWN STEP	2026-07-14T14:50:28.8587351Z [command]/usr/bin/git sparse-checkout disable
Doc Build and Upload	UNKNOWN STEP	2026-07-14T14:50:28.8613225Z [command]/usr/bin/git config --local --unset-all extensions.worktreeConfig
Doc Build and Upload	UNKNOWN STEP	2026-07-14T14:50:28.8644150Z ##[group]Checking out the ref
Doc Build and Upload	UNKNOWN STEP	2026-07-14T14:50:28.8645866Z [command]/usr/bin/git checkout --progress --force -B 3.0.x refs/remotes/origin/3.0.x
Doc Build and Upload	UNKNOWN STEP	2026-07-14T14:50:29.0915068Z Switched to a new branch '3.0.x'
Doc Build and Upload	UNKNOWN STEP	2026-07-14T14:50:29.0916123Z branch '3.0.x' set up to track 'origin/3.0.x'.
Doc Build and Upload	UNKNOWN STEP	2026-07-14T14:50:29.0935021Z ##[endgroup]
Doc Build and Upload	UNKNOWN STEP	2026-07-14T14:50:29.0980235Z [command]/usr/bin/git log -1 --format=%H
Doc Build and Upload	UNKNOWN STEP	2026-07-14T14:50:29.0996196Z 5d846d0af117fcfd9c746f78ddfe67d37e668478
Doc Build and Upload	UNKNOWN STEP	2026-07-14T14:50:29.1217523Z Prepare all required actions
Doc Build and Upload	UNKNOWN STEP	2026-07-14T14:50:29.1218322Z Getting action download info
Doc Build and Upload	UNKNOWN STEP	2026-07-14T14:50:29.5129216Z Download action repository 'mamba-org/setup-micromamba@add3a49764cedee8ee24e82dfde87f5bc2914462' (SHA:add3a49764cedee8ee24e82dfde87f5bc2914462)
Doc Build and Upload	UNKNOWN STEP	2026-07-14T14:50:30.0929444Z ##[group]Run ./.github/actions/setup-conda
Doc Build and Upload	UNKNOWN STEP	2026-07-14T14:50:30.0929853Z with:
Doc Build and Upload	UNKNOWN STEP	2026-07-14T14:50:30.0930266Z   environment-file: environment.yml
Doc Build and Upload	UNKNOWN STEP	2026-07-14T14:50:30.0930700Z env:
Doc Build and Upload	UNKNOWN STEP	2026-07-14T14:50:30.0931029Z   ENV_FILE: environment.yml
Doc Build and Upload	UNKNOWN STEP	2026-07-14T14:50:30.0931493Z   PANDAS_CI: 1
Doc Build and Upload	UNKNOWN STEP	2026-07-14T14:50:30.0931848Z   PANDAS_VERSION: 
Doc Build and Upload	UNKNOWN STEP	2026-07-14T14:50:30.0932215Z   PUBLISH_PROD: false
Doc Build and Upload	UNKNOWN STEP	2026-07-14T14:50:30.0932652Z ##[endgroup]
Doc Build and Upload	UNKNOWN STEP	2026-07-14T14:50:30.1035895Z Node 20 is being deprecated. This workflow is running with Node 24 by default. If you need to temporarily use Node 20, you can set the ACTIONS_ALLOW_USE_UNSECURE_NODE_VERSION=true environment variable. For more information see: https://github.blog/changelog/2025-09-19-deprecation-of-node-20-on-github-actions-runners/
Doc Build and Upload	UNKNOWN STEP	2026-07-14T14:50:30.1037767Z ##[group]Run mamba-org/setup-micromamba@add3a49764cedee8ee24e82dfde87f5bc2914462
Doc Build and Upload	UNKNOWN STEP	2026-07-14T14:50:30.1038276Z with:
Doc Build and Upload	UNKNOWN STEP	2026-07-14T14:50:30.1038643Z   environment-file: environment.yml
Doc Build and Upload	UNKNOWN STEP	2026-07-14T14:50:30.1039106Z   create-args: pytest<9.1
Doc Build and Upload	UNKNOWN STEP	2026-07-14T14:50:30.1039467Z   environment-name: test
Doc Build and Upload	UNKNOWN STEP	2026-07-14T14:50:30.1039859Z   condarc-file: ci/.condarc
Doc Build and Upload	UNKNOWN STEP	2026-07-14T14:50:30.1040226Z   cache-environment: true
Doc Build and Upload	UNKNOWN STEP	2026-07-14T14:50:30.1040610Z   cache-downloads: true
Doc Build and Upload	UNKNOWN STEP	2026-07-14T14:50:30.1040989Z env:
Doc Build and Upload	UNKNOWN STEP	2026-07-14T14:50:30.1041329Z   ENV_FILE: environment.yml
Doc Build and Upload	UNKNOWN STEP	2026-07-14T14:50:30.1041710Z   PANDAS_CI: 1
Doc Build and Upload	UNKNOWN STEP	2026-07-14T14:50:30.1042090Z   PANDAS_VERSION: 
Doc Build and Upload	UNKNOWN STEP	2026-07-14T14:50:30.1042471Z   PUBLISH_PROD: false
Doc Build and Upload	UNKNOWN STEP	2026-07-14T14:50:30.1042795Z ##[endgroup]
Doc Build and Upload	UNKNOWN STEP	2026-07-14T14:50:30.1993999Z Will download micromamba to /home/runner/micromamba-bin/micromamba
Doc Build and Upload	UNKNOWN STEP	2026-07-14T14:50:30.2000440Z ##[group]Install micromamba
Doc Build and Upload	UNKNOWN STEP	2026-07-14T14:50:30.7804686Z micromamba installed to /home/runner/micromamba-bin/micromamba
Doc Build and Upload	UNKNOWN STEP	2026-07-14T14:50:30.7806463Z ##[endgroup]
Doc Build and Upload	UNKNOWN STEP	2026-07-14T14:50:30.7808180Z ##[group]Initialize micromamba for bash.
Doc Build and Upload	UNKNOWN STEP	2026-07-14T14:50:30.7817352Z [command]/home/runner/micromamba-bin/micromamba shell init -s bash -r /home/runner/micromamba --log-level warning --rc-file /home/runner/work/pandas/pandas/ci/.condarc
Doc Build and Upload	UNKNOWN STEP	2026-07-14T14:50:30.7979292Z Running `shell init`, which:
Doc Build and Upload	UNKNOWN STEP	2026-07-14T14:50:30.7979890Z  - modifies RC file: "/home/runner/.bashrc"
Doc Build and Upload	UNKNOWN STEP	2026-07-14T14:50:30.7980632Z  - generates config for root prefix: ^[[1m"/home/runner/micromamba"^[[0m
Doc Build and Upload	UNKNOWN STEP	2026-07-14T14:50:30.7981202Z  - sets mamba executable to: ^[[1m"/home/runner/micromamba-bin/micromamba"^[[0m
Doc Build and Upload	UNKNOWN STEP	2026-07-14T14:50:30.7981930Z The following has been added in your "/home/runner/.bashrc" file
Doc Build and Upload	UNKNOWN STEP	2026-07-14T14:50:30.7982278Z 
Doc Build and Upload	UNKNOWN STEP	2026-07-14T14:50:30.7982511Z # >>> mamba initialize >>>
Doc Build and Upload	UNKNOWN STEP	2026-07-14T14:50:30.7983054Z # !! Contents within this block are managed by 'micromamba shell init' !!
Doc Build and Upload	UNKNOWN STEP	2026-07-14T14:50:30.7983948Z export MAMBA_EXE='/home/runner/micromamba-bin/micromamba';
Doc Build and Upload	UNKNOWN STEP	2026-07-14T14:50:30.7984599Z export MAMBA_ROOT_PREFIX='/home/runner/micromamba';
Doc Build and Upload	UNKNOWN STEP	2026-07-14T14:50:30.7985690Z __mamba_setup="$("$MAMBA_EXE" shell hook --shell bash --root-prefix "$MAMBA_ROOT_PREFIX" 2> /dev/null)"
Doc Build and Upload	UNKNOWN STEP	2026-07-14T14:50:30.7986213Z if [ $? -eq 0 ]; then
Doc Build and Upload	UNKNOWN STEP	2026-07-14T14:50:30.7986662Z     eval "$__mamba_setup"
Doc Build and Upload	UNKNOWN STEP	2026-07-14T14:50:30.7987076Z else
Doc Build and Upload	UNKNOWN STEP	2026-07-14T14:50:30.7987727Z     alias micromamba="$MAMBA_EXE"  # Fallback on help from micromamba activate
Doc Build and Upload	UNKNOWN STEP	2026-07-14T14:50:30.7988382Z fi
Doc Build and Upload	UNKNOWN STEP	2026-07-14T14:50:30.7988783Z unset __mamba_setup
Doc Build and Upload	UNKNOWN STEP	2026-07-14T14:50:30.7989245Z # <<< mamba initialize <<<
Doc Build and Upload	UNKNOWN STEP	2026-07-14T14:50:30.7989536Z 
Doc Build and Upload	UNKNOWN STEP	2026-07-14T14:50:30.7992338Z Moving mamba initialize block to .bash_profile
Doc Build and Upload	UNKNOWN STEP	2026-07-14T14:50:30.8001770Z ##[endgroup]
Doc Build and Upload	UNKNOWN STEP	2026-07-14T14:50:30.8002782Z ##[group]Restoring downloads from `/home/runner/micromamba/pkgs` ...
Doc Build and Upload	UNKNOWN STEP	2026-07-14T14:50:30.9746364Z Cache miss
Doc Build and Upload	UNKNOWN STEP	2026-07-14T14:50:30.9747185Z ##[endgroup]
Doc Build and Upload	UNKNOWN STEP	2026-07-14T14:50:30.9752533Z ##[group]Restoring environment `test` from `/home/runner/micromamba/envs/test` ...
Doc Build and Upload	UNKNOWN STEP	2026-07-14T14:50:31.2813002Z Cache miss
Doc Build and Upload	UNKNOWN STEP	2026-07-14T14:50:31.2814337Z ##[endgroup]
Doc Build and Upload	UNKNOWN STEP	2026-07-14T14:50:31.2814923Z ##[group]Install environment `test`
Doc Build and Upload	UNKNOWN STEP	2026-07-14T14:50:31.2817382Z [command]/home/runner/micromamba-bin/micromamba create -y -r /home/runner/micromamba -f environment.yml -n test pytest<9.1 --log-level warning --rc-file /home/runner/work/pandas/pandas/ci/.condarc
Doc Build and Upload	UNKNOWN STEP	2026-07-14T14:50:31.3802433Z Fetch Shard Index for conda-forge/linux-64                                                      ⧖ Starting
Doc Build and Upload	UNKNOWN STEP	2026-07-14T14:50:31.5008216Z Fetch Shard Index for conda-forge/linux-64                                                ✔ Done (0.1 sec)
Doc Build and Upload	UNKNOWN STEP	2026-07-14T14:50:31.5009277Z Fetch Shard Index for conda-forge/noarch                                                        ⧖ Starting
Doc Build and Upload	UNKNOWN STEP	2026-07-14T14:50:31.6373707Z Fetch Shard Index for conda-forge/noarch                                                  ✔ Done (0.1 sec)
Doc Build and Upload	UNKNOWN STEP	2026-07-14T14:50:31.6374507Z Fetching and Parsing Packages' Shards                                                           ⧖ Starting
Doc Build and Upload	UNKNOWN STEP	2026-07-14T14:50:50.9150343Z Fetching and Parsing Packages' Shards                                                    ✔ Done (19.3 sec)
Doc Build and Upload	UNKNOWN STEP	2026-07-14T14:50:51.5363057Z 
Doc Build and Upload	UNKNOWN STEP	2026-07-14T14:50:51.5364711Z Resolving Environment                                                                           ⧖ Starting
Doc Build and Upload	UNKNOWN STEP	2026-07-14T14:51:00.7801729Z Resolving Environment                                                                     ✔ Done (9.2 sec)
Doc Build and Upload	UNKNOWN STEP	2026-07-14T14:51:00.8045149Z 
Doc Build and Upload	UNKNOWN STEP	2026-07-14T14:51:00.8045696Z Transaction
Doc Build and Upload	UNKNOWN STEP	2026-07-14T14:51:00.8046005Z 
Doc Build and Upload	UNKNOWN STEP	2026-07-14T14:51:00.8046206Z   Prefix: /home/runner/micromamba/envs/test
Doc Build and Upload	UNKNOWN STEP	2026-07-14T14:51:00.8046553Z 
Doc Build and Upload	UNKNOWN STEP	2026-07-14T14:51:00.8046830Z   Updating specs:
Doc Build and Upload	UNKNOWN STEP	2026-07-14T14:51:00.8047045Z 
Doc Build and Upload	UNKNOWN STEP	2026-07-14T14:51:00.8047197Z    - pytest<9.1
Doc Build and Upload	UNKNOWN STEP	2026-07-14T14:51:00.8047758Z    - python=3.11
Doc Build and Upload	UNKNOWN STEP	2026-07-14T14:51:00.8048313Z    - pip
Doc Build and Upload	UNKNOWN STEP	2026-07-14T14:51:00.8048756Z    - versioneer
Doc Build and Upload	UNKNOWN STEP	2026-07-14T14:51:00.8049235Z    - cython[version=">=3.1.0,<4"]
Doc Build and Upload	UNKNOWN STEP	2026-07-14T14:51:00.8049771Z    - meson[version=">=1.2.1,<2"]
Doc Build and Upload	UNKNOWN STEP	2026-07-14T14:51:00.8050257Z    - meson-python[version=">=0.17.1,<1"]
Doc Build and Upload	UNKNOWN STEP	2026-07-14T14:51:00.8050757Z    - pytest>=8.3.4
Doc Build and Upload	UNKNOWN STEP	2026-07-14T14:51:00.8051082Z    - pytest-cov
Doc Build and Upload	UNKNOWN STEP	2026-07-14T14:51:00.8051567Z    - pytest-xdist>=3.6.1
Doc Build and Upload	UNKNOWN STEP	2026-07-14T14:51:00.8052030Z    - pytest-qt>=4.4.0
Doc Build and Upload	UNKNOWN STEP	2026-07-14T14:51:00.8052463Z    - pytest-localserver
Doc Build and Upload	UNKNOWN STEP	2026-07-14T14:51:00.8052943Z    - pyqt>=5.15.9
Doc Build and Upload	UNKNOWN STEP	2026-07-14T14:51:00.8053459Z    - coverage
Doc Build and Upload	UNKNOWN STEP	2026-07-14T14:51:00.8053872Z    - python-dateutil
Doc Build and Upload	UNKNOWN STEP	2026-07-14T14:51:00.8054325Z    - numpy<3
Doc Build and Upload	UNKNOWN STEP	2026-07-14T14:51:00.8054833Z    - adbc-driver-postgresql>=1.2.0
Doc Build and Upload	UNKNOWN STEP	2026-07-14T14:51:00.8055308Z    - adbc-driver-sqlite>=1.2.0
Doc Build and Upload	UNKNOWN STEP	2026-07-14T14:51:00.8055798Z    - beautifulsoup4>=4.12.3
Doc Build and Upload	UNKNOWN STEP	2026-07-14T14:51:00.8056279Z    - bottleneck>=1.4.2
Doc Build and Upload	UNKNOWN STEP	2026-07-14T14:51:00.8056740Z    - fastparquet>=2024.11.0
Doc Build and Upload	UNKNOWN STEP	2026-07-14T14:51:00.8057224Z    - fsspec>=2024.10.0
Doc Build and Upload	UNKNOWN STEP	2026-07-14T14:51:00.8058102Z    - html5lib>=1.1
Doc Build and Upload	UNKNOWN STEP	2026-07-14T14:51:00.8060215Z    - hypothesis>=6.116.0
Doc Build and Upload	UNKNOWN STEP	2026-07-14T14:51:00.8060741Z    - gcsfs>=2024.10.0
Doc Build and Upload	UNKNOWN STEP	2026-07-14T14:51:00.8061247Z    - jinja2>=3.1.5
Doc Build and Upload	UNKNOWN STEP	2026-07-14T14:51:00.8061674Z    - lxml>=5.3.0
Doc Build and Upload	UNKNOWN STEP	2026-07-14T14:51:00.8062131Z    - matplotlib>=3.9.3
Doc Build and Upload	UNKNOWN STEP	2026-07-14T14:51:00.8062540Z    - numba>=0.60.0
Doc Build and Upload	UNKNOWN STEP	2026-07-14T14:51:00.8062874Z    - numexpr>=2.10.2
Doc Build and Upload	UNKNOWN STEP	2026-07-14T14:51:00.8063189Z    - openpyxl>=3.1.5
Doc Build and Upload	UNKNOWN STEP	2026-07-14T14:51:00.8063544Z    - odfpy>=1.4.1
Doc Build and Upload	UNKNOWN STEP	2026-07-14T14:51:00.8063912Z    - psycopg2>=2.9.10
Doc Build and Upload	UNKNOWN STEP	2026-07-14T14:51:00.8064240Z    - pyarrow[version=">=13.0.0,<24.0.0"]
Doc Build and Upload	UNKNOWN STEP	2026-07-14T14:51:00.8064648Z    - pyiceberg>=0.8.1
Doc Build and Upload	UNKNOWN STEP	2026-07-14T14:51:00.8064981Z    - pymysql>=1.1.1
Doc Build and Upload	UNKNOWN STEP	2026-07-14T14:51:00.8065313Z    - pyreadstat>=1.2.8
Doc Build and Upload	UNKNOWN STEP	2026-07-14T14:51:00.8065704Z    - pytables>=3.10.1
Doc Build and Upload	UNKNOWN STEP	2026-07-14T14:51:00.8066037Z    - python-calamine>=0.3.0
Doc Build and Upload	UNKNOWN STEP	2026-07-14T14:51:00.8066369Z    - pytz>=2020.1
Doc Build and Upload	UNKNOWN STEP	2026-07-14T14:51:00.8066709Z    - pyxlsb>=1.0.10
Doc Build and Upload	UNKNOWN STEP	2026-07-14T14:51:00.8067073Z    - s3fs>=2024.10.0
Doc Build and Upload	UNKNOWN STEP	2026-07-14T14:51:00.8067412Z    - scipy>=1.14.1
Doc Build and Upload	UNKNOWN STEP	2026-07-14T14:51:00.8067978Z    - sqlalchemy>=2.0.36
Doc Build and Upload	UNKNOWN STEP	2026-07-14T14:51:00.8068536Z    - tabulate>=0.9.0
Doc Build and Upload	UNKNOWN STEP	2026-07-14T14:51:00.8068903Z    - xarray>=2024.10.0
Doc Build and Upload	UNKNOWN STEP	2026-07-14T14:51:00.8069256Z    - xlrd>=2.0.1
Doc Build and Upload	UNKNOWN STEP	2026-07-14T14:51:00.8069577Z    - xlsxwriter>=3.2.0
Doc Build and Upload	UNKNOWN STEP	2026-07-14T14:51:00.8069912Z    - zstandard>=0.23.0
Doc Build and Upload	UNKNOWN STEP	2026-07-14T14:51:00.8070276Z    - dask-core
Doc Build and Upload	UNKNOWN STEP	2026-07-14T14:51:00.8070584Z    - seaborn-base
Doc Build and Upload	UNKNOWN STEP	2026-07-14T14:51:00.8070909Z    - ipython
Doc Build and Upload	UNKNOWN STEP	2026-07-14T14:51:00.8071257Z    - moto
Doc Build and Upload	UNKNOWN STEP	2026-07-14T14:51:00.8071545Z    - asv>=0.6.1
Doc Build and Upload	UNKNOWN STEP	2026-07-14T14:51:00.8071919Z    - c-compiler
Doc Build and Upload	UNKNOWN STEP	2026-07-14T14:51:00.8072287Z    - cxx-compiler
Doc Build and Upload	UNKNOWN STEP	2026-07-14T14:51:00.8072591Z    - flake8=7.1.0
Doc Build and Upload	UNKNOWN STEP	2026-07-14T14:51:00.8072926Z    - mypy=1.17.1
Doc Build and Upload	UNKNOWN STEP	2026-07-14T14:51:00.8073288Z    - tokenize-rt
Doc Build and Upload	UNKNOWN STEP	2026-07-14T14:51:00.8073587Z    - pre-commit>=4.2.0
Doc Build and Upload	UNKNOWN STEP	2026-07-14T14:51:00.8073941Z    - gitpython
Doc Build and Upload	UNKNOWN STEP	2026-07-14T14:51:00.8074251Z    - natsort
Doc Build and Upload	UNKNOWN STEP	2026-07-14T14:51:00.8074558Z    - pickleshare
Doc Build and Upload	UNKNOWN STEP	2026-07-14T14:51:00.8074921Z    - numpydoc
Doc Build and Upload	UNKNOWN STEP	2026-07-14T14:51:00.8075248Z    - pytest-cython
Doc Build and Upload	UNKNOWN STEP	2026-07-14T14:51:00.8075560Z    - sphinx
Doc Build and Upload	UNKNOWN STEP	2026-07-14T14:51:00.8075912Z    - sphinx-design
Doc Build and Upload	UNKNOWN STEP	2026-07-14T14:51:00.8076301Z    - sphinx-copybutton
Doc Build and Upload	UNKNOWN STEP	2026-07-14T14:51:00.8076619Z    - scipy-stubs
Doc Build and Upload	UNKNOWN STEP	2026-07-14T14:51:00.8076968Z    - types-python-dateutil
Doc Build and Upload	UNKNOWN STEP	2026-07-14T14:51:00.8077310Z    - types-pymysql
Doc Build and Upload	UNKNOWN STEP	2026-07-14T14:51:00.8077776Z    - types-pytz
Doc Build and Upload	UNKNOWN STEP	2026-07-14T14:51:00.8078167Z    - types-pyyaml
Doc Build and Upload	UNKNOWN STEP	2026-07-14T14:51:00.8078487Z    - types-setuptools
Doc Build and Upload	UNKNOWN STEP	2026-07-14T14:51:00.8078823Z    - nbconvert>=7.11.0
Doc Build and Upload	UNKNOWN STEP	2026-07-14T14:51:00.8079168Z    - nbsphinx
Doc Build and Upload	UNKNOWN STEP	2026-07-14T14:51:00.8079495Z    - pandoc
Doc Build and Upload	UNKNOWN STEP	2026-07-14T14:51:00.8079812Z    - ipywidgets
Doc Build and Upload	UNKNOWN STEP	2026-07-14T14:51:00.8080149Z    - nbformat
Doc Build and Upload	UNKNOWN STEP	2026-07-14T14:51:00.8080448Z    - notebook>=7.0.6
Doc Build and Upload	UNKNOWN STEP	2026-07-14T14:51:00.8080880Z    - ipykernel
Doc Build and Upload	UNKNOWN STEP	2026-07-14T14:51:00.8081245Z    - markdown
Doc Build and Upload	UNKNOWN STEP	2026-07-14T14:51:00.8081541Z    - feedparser
Doc Build and Upload	UNKNOWN STEP	2026-07-14T14:51:00.8081875Z    - pyyaml
Doc Build and Upload	UNKNOWN STEP	2026-07-14T14:51:00.8082212Z    - requests
Doc Build and Upload	UNKNOWN STEP	2026-07-14T14:51:00.8082533Z    - pygments
Doc Build and Upload	UNKNOWN STEP	2026-07-14T14:51:00.8082883Z    - jupyterlite-core
Doc Build and Upload	UNKNOWN STEP	2026-07-14T14:51:00.8083251Z    - jupyterlite-pyodide-kernel
Doc Build and Upload	UNKNOWN STEP	2026-07-14T14:51:00.8083482Z 
Doc Build and Upload	UNKNOWN STEP	2026-07-14T14:51:00.8083486Z 
Doc Build and Upload	UNKNOWN STEP	2026-07-14T14:51:01.0333059Z   Package                                       Version  Build                 Channel          Size
Doc Build and Upload	UNKNOWN STEP	2026-07-14T14:51:01.0335970Z ──────────────────────────────────────────────────────────────────────────────────────────────────────
Doc Build and Upload	UNKNOWN STEP	2026-07-14T14:51:01.0337868Z   Install:
Doc Build and Upload	UNKNOWN STEP	2026-07-14T14:51:01.0338890Z ──────────────────────────────────────────────────────────────────────────────────────────────────────
Doc Build and Upload	UNKNOWN STEP	2026-07-14T14:51:01.0339447Z 
Doc Build and Upload	UNKNOWN STEP	2026-07-14T14:51:01.0339992Z   + _openmp_mutex                                   4.5  20_gnu                conda-forge      29kB
Doc Build and Upload	UNKNOWN STEP	2026-07-14T14:51:01.0340895Z   + adbc-driver-manager                          1.11.0  py311h1ddb823_0       conda-forge     429kB
Doc Build and Upload	UNKNOWN STEP	2026-07-14T14:51:01.0341931Z   + adbc-driver-postgresql                       1.11.0  pyha770c72_0          conda-forge      31kB
Doc Build and Upload	UNKNOWN STEP	2026-07-14T14:51:01.0343162Z   + adbc-driver-sqlite                           1.11.0  pyha770c72_0          conda-forge      31kB
Doc Build and Upload	UNKNOWN STEP	2026-07-14T14:51:01.0344016Z   + aiobotocore                                   3.7.0  pyhcf101f3_0          conda-forge      84kB
Doc Build and Upload	UNKNOWN STEP	2026-07-14T14:51:01.0345668Z   + aiohappyeyeballs                              2.7.1  pyhd8ed1ab_0          conda-forge      25kB
Doc Build and Upload	UNKNOWN STEP	2026-07-14T14:51:01.0346479Z   + aiohttp                                      3.14.1  py311h55b9665_0       conda-forge       1MB
Doc Build and Upload	UNKNOWN STEP	2026-07-14T14:51:01.0347155Z   + aioitertools                                 0.13.0  pyhd8ed1ab_0          conda-forge      25kB
Doc Build and Upload	UNKNOWN STEP	2026-07-14T14:51:01.0348110Z   + aiosignal                                     1.4.0  pyhd8ed1ab_0          conda-forge      14kB
Doc Build and Upload	UNKNOWN STEP	2026-07-14T14:51:01.0348804Z   + aiosmtpd                                      1.4.6  pyhd8ed1ab_1          conda-forge     123kB
Doc Build and Upload	UNKNOWN STEP	2026-07-14T14:51:01.0349485Z   + alabaster                                     1.0.0  pyhd8ed1ab_1          conda-forge      19kB
Doc Build and Upload	UNKNOWN STEP	2026-07-14T14:51:01.0350427Z   + alsa-lib                                   1.2.16.1  hb03c661_0            conda-forge     592kB
Doc Build and Upload	UNKNOWN STEP	2026-07-14T14:51:01.0351135Z   + annotated-types                               0.7.0  pyhd8ed1ab_1          conda-forge      18kB
Doc Build and Upload	UNKNOWN STEP	2026-07-14T14:51:01.0351828Z   + anyio                                        4.14.2  pyhcf101f3_0          conda-forge     164kB
Doc Build and Upload	UNKNOWN STEP	2026-07-14T14:51:01.0352455Z   + argon2-cffi                                  25.1.0  pyhd8ed1ab_0          conda-forge      19kB
Doc Build and Upload	UNKNOWN STEP	2026-07-14T14:51:01.0353174Z   + argon2-cffi-bindings                         25.1.0  py311h49ec1c0_2       conda-forge      36kB
Doc Build and Upload	UNKNOWN STEP	2026-07-14T14:51:01.0353832Z   + arrow                                         1.4.0  pyhcf101f3_0          conda-forge     114kB
Doc Build and Upload	UNKNOWN STEP	2026-07-14T14:51:01.0354423Z   + asttokens                                     3.0.2  pyhd8ed1ab_0          conda-forge      35kB
Doc Build and Upload	UNKNOWN STEP	2026-07-14T14:51:01.0354931Z   + asv                                           0.6.6  py311h1ddb823_1       conda-forge     334kB
Doc Build and Upload	UNKNOWN STEP	2026-07-14T14:51:01.0355430Z   + asv_runner                                    0.2.5  pyhd8ed1ab_2          conda-forge      47kB
Doc Build and Upload	UNKNOWN STEP	2026-07-14T14:51:01.0355954Z   + async-lru                                     2.3.0  pyhcf101f3_0          conda-forge      23kB
Doc Build and Upload	UNKNOWN STEP	2026-07-14T14:51:01.0356465Z   + atpublic                                      7.0.0  pyhd8ed1ab_0          conda-forge      12kB
Doc Build and Upload	UNKNOWN STEP	2026-07-14T14:51:01.0357099Z   + attrs                                        26.1.0  pyhcf101f3_0          conda-forge      65kB
Doc Build and Upload	UNKNOWN STEP	2026-07-14T14:51:01.0357804Z   + aws-c-auth                                   0.10.3  hdc83ae9_4            conda-forge     135kB
Doc Build and Upload	UNKNOWN STEP	2026-07-14T14:51:01.0358347Z   + aws-c-cal                                    0.9.14  h6e18c7b_3            conda-forge      57kB
Doc Build and Upload	UNKNOWN STEP	2026-07-14T14:51:01.0358863Z   + aws-c-common                                 0.14.1  hb03c661_0            conda-forge     245kB
Doc Build and Upload	UNKNOWN STEP	2026-07-14T14:51:01.0359406Z   + aws-c-compression                             0.3.2  haaf8e00_3            conda-forge      22kB
Doc Build and Upload	UNKNOWN STEP	2026-07-14T14:51:01.0359947Z   + aws-c-event-stream                            0.7.1  h31346e9_3            conda-forge      60kB
Doc Build and Upload	UNKNOWN STEP	2026-07-14T14:51:01.0360511Z   + aws-c-http                                   0.11.0  h434eaf2_3            conda-forge     231kB
Doc Build and Upload	UNKNOWN STEP	2026-07-14T14:51:01.0361019Z   + aws-c-io                                     0.26.3  ha0b0e19_6            conda-forge     182kB
Doc Build and Upload	UNKNOWN STEP	2026-07-14T14:51:01.0361496Z   + aws-c-mqtt                                   0.16.0  h4976820_1            conda-forge     225kB
Doc Build and Upload	UNKNOWN STEP	2026-07-14T14:51:01.0362012Z   + aws-c-s3                                     0.12.6  hd767fb6_1            conda-forge     154kB
Doc Build and Upload	UNKNOWN STEP	2026-07-14T14:51:01.0362531Z   + aws-c-sdkutils                                0.2.7  haaf8e00_1            conda-forge      69kB
Doc Build and Upload	UNKNOWN STEP	2026-07-14T14:51:01.0363035Z   + aws-checksums                                0.2.10  haaf8e00_3            conda-forge     102kB
Doc Build and Upload	UNKNOWN STEP	2026-07-14T14:51:01.0363575Z   + aws-crt-cpp                                  0.40.1  h085388a_2            conda-forge     416kB
Doc Build and Upload	UNKNOWN STEP	2026-07-14T14:51:01.0364208Z   + aws-sdk-cpp                                1.11.833  h799c9a6_8            conda-forge       3MB
Doc Build and Upload	UNKNOWN STEP	2026-07-14T14:51:01.0364711Z   + aws-xray-sdk                                 2.15.0  pyhd8ed1ab_0          conda-forge      74kB
Doc Build and Upload	UNKNOWN STEP	2026-07-14T14:51:01.0365221Z   + azure-core-cpp                               1.16.3  h206d751_0            conda-forge     349kB
Doc Build and Upload	UNKNOWN STEP	2026-07-14T14:51:01.0365792Z   + azure-identity-cpp                           1.13.3  h71f81a8_2            conda-forge     251kB
Doc Build and Upload	UNKNOWN STEP	2026-07-14T14:51:01.0366328Z   + azure-storage-blobs-cpp                     12.18.0  h74b55db_1            conda-forge     590kB
Doc Build and Upload	UNKNOWN STEP	2026-07-14T14:51:01.0366899Z   + azure-storage-common-cpp                    12.14.0  hf596fc9_1            conda-forge     159kB
Doc Build and Upload	UNKNOWN STEP	2026-07-14T14:51:01.0367517Z   + azure-storage-files-datalake-cpp            12.16.0  h1f05bef_1            conda-forge     309kB
Doc Build and Upload	UNKNOWN STEP	2026-07-14T14:51:01.0368203Z   + babel                                        2.18.0  pyhcf101f3_1          conda-forge       8MB
Doc Build and Upload	UNKNOWN STEP	2026-07-14T14:51:01.0368796Z   + backports.zstd                                1.6.0  py311h6b1f9c4_0       conda-forge     247kB
Doc Build and Upload	UNKNOWN STEP	2026-07-14T14:51:01.0369325Z   + beautifulsoup4                               4.15.0  pyha770c72_0          conda-forge      93kB
Doc Build and Upload	UNKNOWN STEP	2026-07-14T14:51:01.0369859Z   + binutils                                     2.45.1  default_h4852527_102  conda-forge      35kB
Doc Build and Upload	UNKNOWN STEP	2026-07-14T14:51:01.0370392Z   + binutils_impl_linux-64                       2.45.1  default_hfdba357_102  conda-forge       4MB
Doc Build and Upload	UNKNOWN STEP	2026-07-14T14:51:01.0370921Z   + binutils_linux-64                            2.45.1  default_h4852527_102  conda-forge      36kB
Doc Build and Upload	UNKNOWN STEP	2026-07-14T14:51:01.0371453Z   + bleach                                        6.4.0  pyhcf101f3_0          conda-forge     142kB
Doc Build and Upload	UNKNOWN STEP	2026-07-14T14:51:01.0371971Z   + bleach-with-css                               6.4.0  hac0b51c_0            conda-forge       4kB
Doc Build and Upload	UNKNOWN STEP	2026-07-14T14:51:01.0372461Z   + blinker                                       1.9.0  pyhff2d567_0          conda-forge      14kB
Doc Build and Upload	UNKNOWN STEP	2026-07-14T14:51:01.0372950Z   + blosc                                        1.21.6  he440d0b_1            conda-forge      48kB
Doc Build and Upload	UNKNOWN STEP	2026-07-14T14:51:01.0373577Z   + boto3                                        1.43.0  pyhd8ed1ab_0          conda-forge      86kB
Doc Build and Upload	UNKNOWN STEP	2026-07-14T14:51:01.0374060Z   + botocore                                     1.43.0  pyhd8ed1ab_0          conda-forge       9MB
Doc Build and Upload	UNKNOWN STEP	2026-07-14T14:51:01.0374558Z   + bottleneck                                    1.6.0  np2py311h50facf7_3    conda-forge     161kB
Doc Build and Upload	UNKNOWN STEP	2026-07-14T14:51:01.0375108Z   + brotli                                        1.2.0  hed03a55_1            conda-forge      20kB
Doc Build and Upload	UNKNOWN STEP	2026-07-14T14:51:01.0375587Z   + brotli-bin                                    1.2.0  hb03c661_1            conda-forge      21kB
Doc Build and Upload	UNKNOWN STEP	2026-07-14T14:51:01.0376096Z   + brotli-python                                 1.2.0  py311h66f275b_1       conda-forge     368kB
Doc Build and Upload	UNKNOWN STEP	2026-07-14T14:51:01.0376621Z   + bzip2                                         1.0.8  hda65f42_9            conda-forge     260kB
Doc Build and Upload	UNKNOWN STEP	2026-07-14T14:51:01.0377120Z   + c-ares                                       1.34.6  hb03c661_0            conda-forge     208kB
Doc Build and Upload	UNKNOWN STEP	2026-07-14T14:51:01.0377787Z   + c-blosc2                                      3.2.1  hc31b594_0            conda-forge     398kB
Doc Build and Upload	UNKNOWN STEP	2026-07-14T14:51:01.0378355Z   + c-compiler                                   1.11.0  h4d9bdce_0            conda-forge       7kB
Doc Build and Upload	UNKNOWN STEP	2026-07-14T14:51:01.0378894Z   + ca-certificates                           2026.6.17  hbd8a1cb_0            conda-forge     129kB
Doc Build and Upload	UNKNOWN STEP	2026-07-14T14:51:01.0379420Z   + cached-property                               1.5.2  hd8ed1ab_2            conda-forge       7kB
Doc Build and Upload	UNKNOWN STEP	2026-07-14T14:51:01.0379954Z   + cached_property                               1.5.2  pyha770c72_2          conda-forge      15kB
Doc Build and Upload	UNKNOWN STEP	2026-07-14T14:51:01.0380441Z   + cachetools                                    6.2.6  pyhd8ed1ab_0          conda-forge      17kB
Doc Build and Upload	UNKNOWN STEP	2026-07-14T14:51:01.0381077Z   + cairo                                        1.18.4  he90730b_1            conda-forge     990kB
Doc Build and Upload	UNKNOWN STEP	2026-07-14T14:51:01.0381609Z   + certifi                                   2026.6.17  pyhd8ed1ab_0          conda-forge     134kB
Doc Build and Upload	UNKNOWN STEP	2026-07-14T14:51:01.0382089Z   + cffi                                          2.1.0  py311h03d9500_0       conda-forge     310kB
Doc Build and Upload	UNKNOWN STEP	2026-07-14T14:51:01.0382638Z   + cfgv                                          3.5.0  pyhd8ed1ab_0          conda-forge      14kB
Doc Build and Upload	UNKNOWN STEP	2026-07-14T14:51:01.0383169Z   + charset-normalizer                            3.4.9  pyhd8ed1ab_0          conda-forge      61kB
Doc Build and Upload	UNKNOWN STEP	2026-07-14T14:51:01.0383654Z   + click                                         8.4.2  pyhc90fa1f_0          conda-forge     107kB
Doc Build and Upload	UNKNOWN STEP	2026-07-14T14:51:01.0384169Z   + cloudpickle                                   3.1.2  pyhcf101f3_1          conda-forge      27kB
Doc Build and Upload	UNKNOWN STEP	2026-07-14T14:51:01.0384723Z   + colorama                                      0.4.6  pyhd8ed1ab_1          conda-forge      27kB
Doc Build and Upload	UNKNOWN STEP	2026-07-14T14:51:01.0385256Z   + comm                                          0.2.3  pyhe01879c_0          conda-forge      15kB
Doc Build and Upload	UNKNOWN STEP	2026-07-14T14:51:01.0385772Z   + conda-gcc-specs                              14.3.0  he8ccf15_19           conda-forge      32kB
Doc Build and Upload	UNKNOWN STEP	2026-07-14T14:51:01.0386328Z   + contourpy                                     1.3.3  py311h724c32c_4       conda-forge     321kB
Doc Build and Upload	UNKNOWN STEP	2026-07-14T14:51:01.0386810Z   + coverage                                     7.15.1  py311h3778330_0       conda-forge     405kB
Doc Build and Upload	UNKNOWN STEP	2026-07-14T14:51:01.0387332Z   + cramjam                                      2.11.0  py311hc665cac_2       conda-forge       2MB
Doc Build and Upload	UNKNOWN STEP	2026-07-14T14:51:01.0387962Z   + cryptography                                 49.0.0  py311h2005dd1_0       conda-forge       2MB
Doc Build and Upload	UNKNOWN STEP	2026-07-14T14:51:01.0388527Z   + cxx-compiler                                 1.11.0  hfcd1e18_0            conda-forge       7kB
Doc Build and Upload	UNKNOWN STEP	2026-07-14T14:51:01.0389146Z   + cycler                                       0.12.1  pyhcf101f3_2          conda-forge      15kB
Doc Build and Upload	UNKNOWN STEP	2026-07-14T14:51:01.0389652Z   + cyrus-sasl                                   2.1.28  hac629b4_1            conda-forge     210kB
Doc Build and Upload	UNKNOWN STEP	2026-07-14T14:51:01.0390148Z   + cython                                        3.2.8  py311h0daaf2c_0       conda-forge       4MB
Doc Build and Upload	UNKNOWN STEP	2026-07-14T14:51:01.0390677Z   + dask-core                                  2026.7.1  pyhc364b38_0          conda-forge       1MB
Doc Build and Upload	UNKNOWN STEP	2026-07-14T14:51:01.0391174Z   + dbus                                         1.16.2  h24cb091_1            conda-forge     448kB
Doc Build and Upload	UNKNOWN STEP	2026-07-14T14:51:01.0391649Z   + debugpy                                      1.8.21  py311hc665b79_0       conda-forge       3MB
Doc Build and Upload	UNKNOWN STEP	2026-07-14T14:51:01.0392195Z   + decorator                                     5.3.1  pyhd8ed1ab_0          conda-forge      16kB
Doc Build and Upload	UNKNOWN STEP	2026-07-14T14:51:01.0392769Z   + defusedxml                                    0.7.1  pyhd8ed1ab_0          conda-forge      24kB
Doc Build and Upload	UNKNOWN STEP	2026-07-14T14:51:01.0393261Z   + distlib                                       0.4.3  pyhcf101f3_0          conda-forge     304kB
Doc Build and Upload	UNKNOWN STEP	2026-07-14T14:51:01.0393807Z   + docutils                                     0.22.4  pyhd8ed1ab_0          conda-forge     438kB
Doc Build and Upload	UNKNOWN STEP	2026-07-14T14:51:01.0394299Z   + doit                                         0.37.0  pyhcf101f3_0          conda-forge      79kB
Doc Build and Upload	UNKNOWN STEP	2026-07-14T14:51:01.0394796Z   + double-conversion                             3.4.0  hecca717_0            conda-forge      72kB
Doc Build and Upload	UNKNOWN STEP	2026-07-14T14:51:01.0395325Z   + et_xmlfile                                    2.0.0  pyhd8ed1ab_1          conda-forge      22kB
Doc Build and Upload	UNKNOWN STEP	2026-07-14T14:51:01.0395863Z   + exceptiongroup                                1.3.1  pyhd8ed1ab_0          conda-forge      21kB
Doc Build and Upload	UNKNOWN STEP	2026-07-14T14:51:01.0396362Z   + execnet                                       2.1.2  pyhd8ed1ab_0          conda-forge      39kB
Doc Build and Upload	UNKNOWN STEP	2026-07-14T14:51:01.0396868Z   + executing                                     2.2.1  pyhd8ed1ab_0          conda-forge      31kB
Doc Build and Upload	UNKNOWN STEP	2026-07-14T14:51:01.0397399Z   + fastparquet                                2026.5.0  py311h0372a8f_0       conda-forge     583kB
Doc Build and Upload	UNKNOWN STEP	2026-07-14T14:51:01.0398113Z   + feedparser                                   6.0.12  pyhd8ed1ab_0          conda-forge      53kB
Doc Build and Upload	UNKNOWN STEP	2026-07-14T14:51:01.0398876Z   + filelock                                     3.29.7  pyhd8ed1ab_0          conda-forge      40kB
Doc Build and Upload	UNKNOWN STEP	2026-07-14T14:51:01.0399365Z   + flake8                                        7.1.0  pyhd8ed1ab_0          conda-forge     111kB
Doc Build and Upload	UNKNOWN STEP	2026-07-14T14:51:01.0399880Z   + flask                                         3.1.3  pyhcf101f3_1          conda-forge      87kB
Doc Build and Upload	UNKNOWN STEP	2026-07-14T14:51:01.0400379Z   + flask-cors                                    6.0.5  pyhcf101f3_0          conda-forge      32kB
Doc Build and Upload	UNKNOWN STEP	2026-07-14T14:51:01.0400896Z   + font-ttf-dejavu-sans-mono                      2.37  hab24e00_0            conda-forge     397kB
Doc Build and Upload	UNKNOWN STEP	2026-07-14T14:51:01.0401486Z   + font-ttf-inconsolata                          3.000  h77eed37_0            conda-forge      97kB
Doc Build and Upload	UNKNOWN STEP	2026-07-14T14:51:01.0402040Z   + font-ttf-source-code-pro                      2.038  h77eed37_0            conda-forge     701kB
Doc Build and Upload	UNKNOWN STEP	2026-07-14T14:51:01.0402633Z   + font-ttf-ubuntu                                0.83  h77eed37_3            conda-forge       2MB
Doc Build and Upload	UNKNOWN STEP	2026-07-14T14:51:01.0403165Z   + fontconfig                                   2.18.1  h27c8c51_0            conda-forge     282kB
Doc Build and Upload	UNKNOWN STEP	2026-07-14T14:51:01.0403704Z   + fonts-conda-ecosystem                             1  0                     conda-forge       4kB
Doc Build and Upload	UNKNOWN STEP	2026-07-14T14:51:01.0404221Z   + fonts-conda-forge                                 1  hc364b38_1            conda-forge       4kB
Doc Build and Upload	UNKNOWN STEP	2026-07-14T14:51:01.0404749Z   + fonttools                                    4.63.0  py311h3778330_0       conda-forge       3MB
Doc Build and Upload	UNKNOWN STEP	2026-07-14T14:51:01.0405268Z   + fqdn                                          1.5.1  pyhd8ed1ab_1          conda-forge      17kB
Doc Build and Upload	UNKNOWN STEP	2026-07-14T14:51:01.0405749Z   + freetype                                     2.14.3  ha770c72_0            conda-forge     174kB
Doc Build and Upload	UNKNOWN STEP	2026-07-14T14:51:01.0406260Z   + fribidi                                      1.0.16  hb03c661_0            conda-forge      61kB
Doc Build and Upload	UNKNOWN STEP	2026-07-14T14:51:01.0406753Z   + frozenlist                                    1.8.0  py311h52bc045_0       conda-forge      54kB
Doc Build and Upload	UNKNOWN STEP	2026-07-14T14:51:01.0407267Z   + fsspec                                     2026.6.0  pyhd8ed1ab_0          conda-forge     150kB
Doc Build and Upload	UNKNOWN STEP	2026-07-14T14:51:01.0407984Z   + gcc                                          14.3.0  h0dff253_19           conda-forge      29kB
Doc Build and Upload	UNKNOWN STEP	2026-07-14T14:51:01.0408491Z   + gcc_impl_linux-64                            14.3.0  h235f0fe_19           conda-forge      78MB
Doc Build and Upload	UNKNOWN STEP	2026-07-14T14:51:01.0409017Z   + gcc_linux-64                                 14.3.0  h50e9bb6_27           conda-forge      29kB
Doc Build and Upload	UNKNOWN STEP	2026-07-14T14:51:01.0409531Z   + gcsfs                                      2026.7.0  pyhd8ed1ab_0          conda-forge      81kB
Doc Build and Upload	UNKNOWN STEP	2026-07-14T14:51:01.0410033Z   + gflags                                        2.2.2  h5888daf_1005         conda-forge     120kB
Doc Build and Upload	UNKNOWN STEP	2026-07-14T14:51:01.0410494Z   + gitdb                                        4.0.12  pyhd8ed1ab_0          conda-forge      53kB
Doc Build and Upload	UNKNOWN STEP	2026-07-14T14:51:01.0411048Z   + gitpython                                    3.1.51  pyhd8ed1ab_0          conda-forge     164kB
Doc Build and Upload	UNKNOWN STEP	2026-07-14T14:51:01.0411538Z   + glib                                         2.88.2  hbe0478d_0            conda-forge      85kB
Doc Build and Upload	UNKNOWN STEP	2026-07-14T14:51:01.0411999Z   + glib-tools                                   2.88.2  h8094192_0            conda-forge     239kB
Doc Build and Upload	UNKNOWN STEP	2026-07-14T14:51:01.0412522Z   + glog                                          0.7.1  hbabe93e_0            conda-forge     143kB
Doc Build and Upload	UNKNOWN STEP	2026-07-14T14:51:01.0413049Z   + google-api-core                              2.31.0  pyhcf101f3_0          conda-forge     105kB
Doc Build and Upload	UNKNOWN STEP	2026-07-14T14:51:01.0413536Z   + google-auth                                  2.56.0  pyhcf101f3_0          conda-forge     155kB
Doc Build and Upload	UNKNOWN STEP	2026-07-14T14:51:01.0414080Z   + google-auth-oauthlib                          1.4.0  pyhd8ed1ab_0          conda-forge      23kB
Doc Build and Upload	UNKNOWN STEP	2026-07-14T14:51:01.0414735Z   + google-cloud-core                             2.6.0  pyhcf101f3_1          conda-forge      33kB
Doc Build and Upload	UNKNOWN STEP	2026-07-14T14:51:01.0415246Z   + google-cloud-storage                         3.12.1  pyhcf101f3_0          conda-forge     213kB
Doc Build and Upload	UNKNOWN STEP	2026-07-14T14:51:01.0415838Z   + google-cloud-storage-control                 1.10.0  pyhcf101f3_0          conda-forge      62kB
Doc Build and Upload	UNKNOWN STEP	2026-07-14T14:51:01.0416382Z   + google-crc32c                                 1.8.0  py311h2702b87_1       conda-forge      25kB
Doc Build and Upload	UNKNOWN STEP	2026-07-14T14:51:01.0416919Z   + google-resumable-media                        2.8.0  pyhd8ed1ab_0          conda-forge      47kB
Doc Build and Upload	UNKNOWN STEP	2026-07-14T14:51:01.0417504Z   + googleapis-common-protos                     1.75.0  pyhcf101f3_0          conda-forge     150kB
Doc Build and Upload	UNKNOWN STEP	2026-07-14T14:51:01.0418245Z   + googleapis-common-protos-grpc                1.75.0  pyhcf101f3_0          conda-forge      12kB
Doc Build and Upload	UNKNOWN STEP	2026-07-14T14:51:01.0418807Z   + graphite2                                    1.3.15  hecca717_0            conda-forge     100kB
Doc Build and Upload	UNKNOWN STEP	2026-07-14T14:51:01.0419420Z   + greenlet                                      3.5.3  py311hc665b79_0       conda-forge     271kB
Doc Build and Upload	UNKNOWN STEP	2026-07-14T14:51:01.0419981Z   + grpc-google-iam-v1                           0.14.4  pyhcf101f3_0          conda-forge      31kB
Doc Build and Upload	UNKNOWN STEP	2026-07-14T14:51:01.0420501Z   + grpcio                                       1.78.1  py311h3aa0767_0       conda-forge     882kB
Doc Build and Upload	UNKNOWN STEP	2026-07-14T14:51:01.0421032Z   + grpcio-status                                1.78.1  pyhcf101f3_0          conda-forge      28kB
Doc Build and Upload	UNKNOWN STEP	2026-07-14T14:51:01.0421556Z   + gst-plugins-base                            1.26.11  h6d08254_0            conda-forge       3MB
Doc Build and Upload	UNKNOWN STEP	2026-07-14T14:51:01.0422075Z   + gstreamer                                   1.26.11  h29cf534_0            conda-forge       2MB
Doc Build and Upload	UNKNOWN STEP	2026-07-14T14:51:01.0422596Z   + gxx                                          14.3.0  he448592_7            conda-forge      30kB
Doc Build and Upload	UNKNOWN STEP	2026-07-14T14:51:01.0423092Z   + gxx_impl_linux-64                            14.3.0  h2185e75_19           conda-forge      15MB
Doc Build and Upload	UNKNOWN STEP	2026-07-14T14:51:01.0423605Z   + gxx_linux-64                                 14.3.0  hd240bd5_27           conda-forge      28kB
Doc Build and Upload	UNKNOWN STEP	2026-07-14T14:51:01.0424083Z   + h11                                          0.16.0  pyhcf101f3_1          conda-forge      39kB
Doc Build and Upload	UNKNOWN STEP	2026-07-14T14:51:01.0424589Z   + h2                                            4.3.0  pyhcf101f3_0          conda-forge      96kB
Doc Build and Upload	UNKNOWN STEP	2026-07-14T14:51:01.0425088Z   + harfbuzz                                     14.2.1  ha770c72_1            conda-forge      11kB
Doc Build and Upload	UNKNOWN STEP	2026-07-14T14:51:01.0425571Z   + hdf5                                          2.1.0  nompi_hc8ae080_109    conda-forge       4MB
Doc Build and Upload	UNKNOWN STEP	2026-07-14T14:51:01.0426086Z   + hpack                                         4.2.0  pyhd8ed1ab_0          conda-forge      33kB
Doc Build and Upload	UNKNOWN STEP	2026-07-14T14:51:01.0426580Z   + html5lib                                        1.1  pyhd8ed1ab_2          conda-forge      95kB
Doc Build and Upload	UNKNOWN STEP	2026-07-14T14:51:01.0427075Z   + httpcore                                      1.0.9  pyh29332c3_0          conda-forge      49kB
Doc Build and Upload	UNKNOWN STEP	2026-07-14T14:51:01.0427636Z   + httpx                                        0.28.1  pyhd8ed1ab_0          conda-forge      63kB
Doc Build and Upload	UNKNOWN STEP	2026-07-14T14:51:01.0428183Z   + hyperframe                                    6.1.0  pyhd8ed1ab_0          conda-forge      17kB
Doc Build and Upload	UNKNOWN STEP	2026-07-14T14:51:01.0428686Z   + hypothesis                                  6.156.6  py311h902ca64_0       conda-forge       2MB
Doc Build and Upload	UNKNOWN STEP	2026-07-14T14:51:01.0429177Z   + icu                                            78.3  h33c6efd_0            conda-forge      13MB
Doc Build and Upload	UNKNOWN STEP	2026-07-14T14:51:01.0429718Z   + identify                                     2.6.19  pyhd8ed1ab_0          conda-forge      80kB
Doc Build and Upload	UNKNOWN STEP	2026-07-14T14:51:01.0430211Z   + idna                                           3.18  pyhcf101f3_0          conda-forge     164kB
Doc Build and Upload	UNKNOWN STEP	2026-07-14T14:51:01.0430694Z   + imagesize                                     2.0.0  pyhd8ed1ab_0          conda-forge      16kB
Doc Build and Upload	UNKNOWN STEP	2026-07-14T14:51:01.0431220Z   + importlib-metadata                            9.0.0  pyhcf101f3_0          conda-forge      35kB
Doc Build and Upload	UNKNOWN STEP	2026-07-14T14:51:01.0431839Z   + importlib_resources                           7.1.0  pyhd8ed1ab_0          conda-forge      35kB
Doc Build and Upload	UNKNOWN STEP	2026-07-14T14:51:01.0432357Z   + iniconfig                                     2.3.0  pyhd8ed1ab_0          conda-forge      13kB
Doc Build and Upload	UNKNOWN STEP	2026-07-14T14:51:01.0432870Z   + ipykernel                                     7.3.0  pyha191276_0          conda-forge     139kB
Doc Build and Upload	UNKNOWN STEP	2026-07-14T14:51:01.0433409Z   + ipython                                      9.15.0  pyh53cf698_0          conda-forge     659kB
Doc Build and Upload	UNKNOWN STEP	2026-07-14T14:51:01.0433919Z   + ipython_pygments_lexers                       1.1.1  pyhd8ed1ab_0          conda-forge      14kB
Doc Build and Upload	UNKNOWN STEP	2026-07-14T14:51:01.0434457Z   + ipywidgets                                    8.1.8  pyhd8ed1ab_0          conda-forge     114kB
Doc Build and Upload	UNKNOWN STEP	2026-07-14T14:51:01.0434974Z   + isoduration                                 20.11.0  pyhd8ed1ab_1          conda-forge      20kB
Doc Build and Upload	UNKNOWN STEP	2026-07-14T14:51:01.0435524Z   + itsdangerous                                  2.2.0  pyhd8ed1ab_1          conda-forge      19kB
Doc Build and Upload	UNKNOWN STEP	2026-07-14T14:51:01.0436077Z   + jedi                                         0.20.0  pyhcf101f3_0          conda-forge       3MB
Doc Build and Upload	UNKNOWN STEP	2026-07-14T14:51:01.0436569Z   + jinja2                                        3.1.6  pyhcf101f3_1          conda-forge     121kB
Doc Build and Upload	UNKNOWN STEP	2026-07-14T14:51:01.0437092Z   + jmespath                                      1.1.0  pyhcf101f3_1          conda-forge      26kB
Doc Build and Upload	UNKNOWN STEP	2026-07-14T14:51:01.0437735Z   + joserfc                                       1.7.3  pyhd8ed1ab_0          conda-forge      54kB
Doc Build and Upload	UNKNOWN STEP	2026-07-14T14:51:01.0438249Z   + json5                                        0.15.0  pyhd8ed1ab_0          conda-forge      39kB
Doc Build and Upload	UNKNOWN STEP	2026-07-14T14:51:01.0438737Z   + jsondiff                                      2.2.1  pyhd8ed1ab_1          conda-forge      18kB
Doc Build and Upload	UNKNOWN STEP	2026-07-14T14:51:01.0439284Z   + jsonpointer                                   3.1.1  pyhcf101f3_0          conda-forge      14kB
Doc Build and Upload	UNKNOWN STEP	2026-07-14T14:51:01.0439834Z   + jsonschema                                   4.26.0  pyhcf101f3_0          conda-forge      82kB
Doc Build and Upload	UNKNOWN STEP	2026-07-14T14:51:01.0440349Z   + jsonschema-path                               0.5.0  pyhcf101f3_0          conda-forge      30kB
Doc Build and Upload	UNKNOWN STEP	2026-07-14T14:51:01.0440933Z   + jsonschema-specifications                  2025.9.1  pyhcf101f3_0          conda-forge      19kB
Doc Build and Upload	UNKNOWN STEP	2026-07-14T14:51:01.0441503Z   + jsonschema-with-format-nongpl                4.26.0  hcf101f3_0            conda-forge       5kB
Doc Build and Upload	UNKNOWN STEP	2026-07-14T14:51:01.0442041Z   + jupyter-builder                               1.1.0  pyhcf101f3_0          conda-forge     861kB
Doc Build and Upload	UNKNOWN STEP	2026-07-14T14:51:01.0442561Z   + jupyter-lsp                                   2.3.1  pyhcf101f3_0          conda-forge      62kB
Doc Build and Upload	UNKNOWN STEP	2026-07-14T14:51:01.0443118Z   + jupyter_client                                8.9.1  pyhcf101f3_0          conda-forge     118kB
Doc Build and Upload	UNKNOWN STEP	2026-07-14T14:51:01.0443631Z   + jupyter_core                                  5.9.1  pyhc90fa1f_0          conda-forge      66kB
Doc Build and Upload	UNKNOWN STEP	2026-07-14T14:51:01.0444157Z   + jupyter_events                               0.12.1  pyhcf101f3_0          conda-forge      24kB
Doc Build and Upload	UNKNOWN STEP	2026-07-14T14:51:01.0721050Z   + jupyter_server                               2.20.0  pyhcf101f3_0          conda-forge     363kB
Doc Build and Upload	UNKNOWN STEP	2026-07-14T14:51:01.0721854Z   + jupyter_server_terminals                      0.5.4  pyhcf101f3_0          conda-forge      22kB
Doc Build and Upload	UNKNOWN STEP	2026-07-14T14:51:01.0722428Z   + jupyterlab                                    4.6.1  pyhd8ed1ab_0          conda-forge      14MB
Doc Build and Upload	UNKNOWN STEP	2026-07-14T14:51:01.0722983Z   + jupyterlab_pygments                           0.3.0  pyhd8ed1ab_2          conda-forge      19kB
Doc Build and Upload	UNKNOWN STEP	2026-07-14T14:51:01.0723548Z   + jupyterlab_server                            2.28.0  pyhcf101f3_0          conda-forge      52kB
Doc Build and Upload	UNKNOWN STEP	2026-07-14T14:51:01.0724100Z   + jupyterlab_widgets                           3.0.16  pyhcf101f3_1          conda-forge     217kB
Doc Build and Upload	UNKNOWN STEP	2026-07-14T14:51:01.0724646Z   + jupyterlite-core                              0.8.1  pyhcf101f3_0          conda-forge      16MB
Doc Build and Upload	UNKNOWN STEP	2026-07-14T14:51:01.0725554Z   + jupyterlite-pyodide-kernel                    0.8.1  pyhcf101f3_0          conda-forge     296kB
Doc Build and Upload	UNKNOWN STEP	2026-07-14T14:51:01.0726216Z   + kernel-headers_linux-64                      6.12.0  he073ed8_6            conda-forge       2MB
Doc Build and Upload	UNKNOWN STEP	2026-07-14T14:51:01.0726832Z   + keyutils                                      1.6.3  hb9d3cd8_0            conda-forge     134kB
Doc Build and Upload	UNKNOWN STEP	2026-07-14T14:51:01.0727421Z   + kiwisolver                                    1.5.0  py311h724c32c_0       conda-forge      78kB
Doc Build and Upload	UNKNOWN STEP	2026-07-14T14:51:01.0728102Z   + krb5                                         1.22.2  hbde042b_1            conda-forge       1MB
Doc Build and Upload	UNKNOWN STEP	2026-07-14T14:51:01.0728673Z   + lame                                          3.100  h166bdaf_1003         conda-forge     508kB
Doc Build and Upload	UNKNOWN STEP	2026-07-14T14:51:01.0729232Z   + lark                                          1.3.1  pyhd8ed1ab_0          conda-forge      94kB
Doc Build and Upload	UNKNOWN STEP	2026-07-14T14:51:01.0729765Z   + lazy-object-proxy                            1.12.0  py311h49ec1c0_1       conda-forge      41kB
Doc Build and Upload	UNKNOWN STEP	2026-07-14T14:51:01.0730447Z   + lcms2                                        2.19.1  h0c24ade_1            conda-forge     252kB
Doc Build and Upload	UNKNOWN STEP	2026-07-14T14:51:01.0730930Z   + ld_impl_linux-64                             2.45.1  default_hbd61a6d_102  conda-forge     728kB
Doc Build and Upload	UNKNOWN STEP	2026-07-14T14:51:01.0731407Z   + lerc                                          4.1.0  hdb68285_0            conda-forge     262kB
Doc Build and Upload	UNKNOWN STEP	2026-07-14T14:51:01.0731856Z   + libabseil                                20260107.1  cxx17_h7b12aa8_0      conda-forge       1MB
Doc Build and Upload	UNKNOWN STEP	2026-07-14T14:51:01.0732434Z   + libadbc-driver-postgresql                    1.11.0  hedb09cf_0            conda-forge     286kB
Doc Build and Upload	UNKNOWN STEP	2026-07-14T14:51:01.0733036Z   + libadbc-driver-sqlite                        1.11.0  hcea63bf_0            conda-forge     201kB
Doc Build and Upload	UNKNOWN STEP	2026-07-14T14:51:01.0733545Z   + libaec                                        1.1.5  h088129d_0            conda-forge      37kB
Doc Build and Upload	UNKNOWN STEP	2026-07-14T14:51:01.0734059Z   + libarrow                                     23.0.1  h3e48024_16_cpu       conda-forge       7MB
Doc Build and Upload	UNKNOWN STEP	2026-07-14T14:51:01.0734658Z   + libarrow-acero                               23.0.1  h635bf11_16_cpu       conda-forge     608kB
Doc Build and Upload	UNKNOWN STEP	2026-07-14T14:51:01.0735234Z   + libarrow-compute                             23.0.1  h53684a4_16_cpu       conda-forge       3MB
Doc Build and Upload	UNKNOWN STEP	2026-07-14T14:51:01.0735836Z   + libarrow-dataset                             23.0.1  h635bf11_16_cpu       conda-forge     606kB
Doc Build and Upload	UNKNOWN STEP	2026-07-14T14:51:01.0736471Z   + libarrow-substrait                           23.0.1  hb4dd7c2_16_cpu       conda-forge     518kB
Doc Build and Upload	UNKNOWN STEP	2026-07-14T14:51:01.0737076Z   + libblas                                      3.11.0  8_h4a7cf45_openblas   conda-forge      19kB
Doc Build and Upload	UNKNOWN STEP	2026-07-14T14:51:01.0737815Z   + libbrotlicommon                               1.2.0  hb03c661_1            conda-forge      80kB
Doc Build and Upload	UNKNOWN STEP	2026-07-14T14:51:01.0738458Z   + libbrotlidec                                  1.2.0  hb03c661_1            conda-forge      35kB
Doc Build and Upload	UNKNOWN STEP	2026-07-14T14:51:01.0739076Z   + libbrotlienc                                  1.2.0  hb03c661_1            conda-forge     298kB
Doc Build and Upload	UNKNOWN STEP	2026-07-14T14:51:01.0739751Z   + libcap                                         2.78  hd0affe5_0            conda-forge     124kB
Doc Build and Upload	UNKNOWN STEP	2026-07-14T14:51:01.0740335Z   + libcblas                                     3.11.0  8_h0358290_openblas   conda-forge      19kB
Doc Build and Upload	UNKNOWN STEP	2026-07-14T14:51:01.0740888Z   + libclang-cpp22.1                             22.1.8  default_h6c227bf_3    conda-forge      24MB
Doc Build and Upload	UNKNOWN STEP	2026-07-14T14:51:01.0741506Z   + libclang13                                   22.1.8  default_h9692865_3    conda-forge      14MB
Doc Build and Upload	UNKNOWN STEP	2026-07-14T14:51:01.0742099Z   + libcrc32c                                     1.1.2  h9c3ff4c_0            conda-forge      20kB
Doc Build and Upload	UNKNOWN STEP	2026-07-14T14:51:01.0742629Z   + libcups                                       2.3.3  h7a8fb5f_6            conda-forge       5MB
Doc Build and Upload	UNKNOWN STEP	2026-07-14T14:51:01.0743183Z   + libcurl                                      8.21.0  hae6b9f4_2            conda-forge     480kB
Doc Build and Upload	UNKNOWN STEP	2026-07-14T14:51:01.0743676Z   + libdeflate                                     1.25  h17f619e_0            conda-forge      73kB
Doc Build and Upload	UNKNOWN STEP	2026-07-14T14:51:01.0744312Z   + libdrm                                      2.4.127  hb03c661_0            conda-forge     312kB
Doc Build and Upload	UNKNOWN STEP	2026-07-14T14:51:01.0744720Z   + libedit                                3.1.20250104  pl5321h7949ede_0      conda-forge     135kB
Doc Build and Upload	UNKNOWN STEP	2026-07-14T14:51:01.0745113Z   + libegl                                        1.7.0  ha4b6fd6_3            conda-forge      46kB
Doc Build and Upload	UNKNOWN STEP	2026-07-14T14:51:01.0745503Z   + libegl-devel                                  1.7.0  ha4b6fd6_3            conda-forge      32kB
Doc Build and Upload	UNKNOWN STEP	2026-07-14T14:51:01.0745894Z   + libev                                          4.33  hd590300_2            conda-forge     113kB
Doc Build and Upload	UNKNOWN STEP	2026-07-14T14:51:01.0746274Z   + libevent                                     2.1.12  hf998b51_1            conda-forge     427kB
Doc Build and Upload	UNKNOWN STEP	2026-07-14T14:51:01.0746662Z   + libexpat                                      2.8.1  hecca717_1            conda-forge      78kB
Doc Build and Upload	UNKNOWN STEP	2026-07-14T14:51:01.0747054Z   + libffi                                        3.5.2  h3435931_0            conda-forge      59kB
Doc Build and Upload	UNKNOWN STEP	2026-07-14T14:51:01.0747527Z   + libflac                                       1.5.0  he200343_1            conda-forge     425kB
Doc Build and Upload	UNKNOWN STEP	2026-07-14T14:51:01.0748117Z   + libfreetype                                  2.14.3  ha770c72_0            conda-forge       8kB
Doc Build and Upload	UNKNOWN STEP	2026-07-14T14:51:01.0748519Z   + libfreetype6                                 2.14.3  h73754d4_0            conda-forge     385kB
Doc Build and Upload	UNKNOWN STEP	2026-07-14T14:51:01.0748911Z   + libgcc                                       15.2.0  he0feb66_19           conda-forge       1MB
Doc Build and Upload	UNKNOWN STEP	2026-07-14T14:51:01.0749316Z   + libgcc-devel_linux-64                        14.3.0  hf649bbc_119          conda-forge       3MB
Doc Build and Upload	UNKNOWN STEP	2026-07-14T14:51:01.0749722Z   + libgcc-ng                                    15.2.0  h69a702a_19           conda-forge      28kB
Doc Build and Upload	UNKNOWN STEP	2026-07-14T14:51:01.0750111Z   + libgfortran                                  15.2.0  h69a702a_19           conda-forge      28kB
Doc Build and Upload	UNKNOWN STEP	2026-07-14T14:51:01.0750515Z   + libgfortran5                                 15.2.0  h68bc16d_19           conda-forge       2MB
Doc Build and Upload	UNKNOWN STEP	2026-07-14T14:51:01.0750903Z   + libgl                                         1.7.0  ha4b6fd6_3            conda-forge     133kB
Doc Build and Upload	UNKNOWN STEP	2026-07-14T14:51:01.0751283Z   + libgl-devel                                   1.7.0  ha4b6fd6_3            conda-forge     116kB
Doc Build and Upload	UNKNOWN STEP	2026-07-14T14:51:01.0751674Z   + libglib                                      2.88.2  h0d30a3d_0            conda-forge       5MB
Doc Build and Upload	UNKNOWN STEP	2026-07-14T14:51:01.0752066Z   + libglvnd                                      1.7.0  ha4b6fd6_3            conda-forge     134kB
Doc Build and Upload	UNKNOWN STEP	2026-07-14T14:51:01.0752448Z   + libglx                                        1.7.0  ha4b6fd6_3            conda-forge      77kB
Doc Build and Upload	UNKNOWN STEP	2026-07-14T14:51:01.0752837Z   + libglx-devel                                  1.7.0  ha4b6fd6_3            conda-forge      27kB
Doc Build and Upload	UNKNOWN STEP	2026-07-14T14:51:01.0753261Z   + libgomp                                      15.2.0  he0feb66_19           conda-forge     604kB
Doc Build and Upload	UNKNOWN STEP	2026-07-14T14:51:01.0753695Z   + libgoogle-cloud                               3.6.0  h8d2ee43_0            conda-forge       3MB
Doc Build and Upload	UNKNOWN STEP	2026-07-14T14:51:01.0754160Z   + libgoogle-cloud-storage                       3.6.0  hdbdcf42_0            conda-forge     786kB
Doc Build and Upload	UNKNOWN STEP	2026-07-14T14:51:01.0754585Z   + libgrpc                                      1.78.1  h1d1128b_0            conda-forge       7MB
Doc Build and Upload	UNKNOWN STEP	2026-07-14T14:51:01.0755007Z   + libharfbuzz                                  14.2.1  h17a8019_1            conda-forge       1MB
Doc Build and Upload	UNKNOWN STEP	2026-07-14T14:51:01.0755448Z   + libharfbuzz-devel                            14.2.1  h17a8019_1            conda-forge       2MB
Doc Build and Upload	UNKNOWN STEP	2026-07-14T14:51:01.0755874Z   + libiconv                                       1.18  h3b78370_2            conda-forge     790kB
Doc Build and Upload	UNKNOWN STEP	2026-07-14T14:51:01.0756372Z   + libjpeg-turbo                                 3.2.0  hb03c661_0            conda-forge     653kB
Doc Build and Upload	UNKNOWN STEP	2026-07-14T14:51:01.0756828Z   + liblapack                                    3.11.0  8_h47877c9_openblas   conda-forge      19kB
Doc Build and Upload	UNKNOWN STEP	2026-07-14T14:51:01.0757300Z   + libllvm22                                    22.1.8  hf7376ad_1            conda-forge      44MB
Doc Build and Upload	UNKNOWN STEP	2026-07-14T14:51:01.0757877Z   + liblzma                                       5.8.3  hb03c661_0            conda-forge     113kB
Doc Build and Upload	UNKNOWN STEP	2026-07-14T14:51:01.0758310Z   + libnghttp2                                   1.68.1  h877daf1_0            conda-forge     663kB
Doc Build and Upload	UNKNOWN STEP	2026-07-14T14:51:01.0758723Z   + libnsl                                        2.0.1  hb9d3cd8_1            conda-forge      34kB
Doc Build and Upload	UNKNOWN STEP	2026-07-14T14:51:01.0759154Z   + libntlm                                         1.8  hb9d3cd8_0            conda-forge      33kB
Doc Build and Upload	UNKNOWN STEP	2026-07-14T14:51:01.0759576Z   + libogg                                        1.3.5  hd0c01bc_1            conda-forge     218kB
Doc Build and Upload	UNKNOWN STEP	2026-07-14T14:51:01.0759993Z   + libopenblas                                  0.3.33  pthreads_h94d23a6_0   conda-forge       6MB
Doc Build and Upload	UNKNOWN STEP	2026-07-14T14:51:01.0760422Z   + libopengl                                     1.7.0  ha4b6fd6_3            conda-forge      52kB
Doc Build and Upload	UNKNOWN STEP	2026-07-14T14:51:01.0760930Z   + libopentelemetry-cpp                         1.27.0  h9692893_0            conda-forge     943kB
Doc Build and Upload	UNKNOWN STEP	2026-07-14T14:51:01.0761391Z   + libopentelemetry-cpp-headers                 1.27.0  ha770c72_0            conda-forge     392kB
Doc Build and Upload	UNKNOWN STEP	2026-07-14T14:51:01.0761834Z   + libopus                                       1.6.1  h280c20c_0            conda-forge     325kB
Doc Build and Upload	UNKNOWN STEP	2026-07-14T14:51:01.0762257Z   + libparquet                                   23.0.1  h7376487_16_cpu       conda-forge       1MB
Doc Build and Upload	UNKNOWN STEP	2026-07-14T14:51:01.0762691Z   + libpciaccess                                   0.19  hb03c661_0            conda-forge      29kB
Doc Build and Upload	UNKNOWN STEP	2026-07-14T14:51:01.0763081Z   + libpng                                       1.6.58  h421ea60_0            conda-forge     318kB
Doc Build and Upload	UNKNOWN STEP	2026-07-14T14:51:01.0763473Z   + libpq                                          18.4  hd5a49e9_1            conda-forge       3MB
Doc Build and Upload	UNKNOWN STEP	2026-07-14T14:51:01.0763868Z   + libprotobuf                                  6.33.5  h538a264_2            conda-forge       4MB
Doc Build and Upload	UNKNOWN STEP	2026-07-14T14:51:01.0764261Z   + libpsl                                       0.22.0  h49b2146_1            conda-forge      70kB
Doc Build and Upload	UNKNOWN STEP	2026-07-14T14:51:01.0764637Z   + libraqm                                      0.10.5  h6406941_1            conda-forge      29kB
Doc Build and Upload	UNKNOWN STEP	2026-07-14T14:51:01.0765041Z   + libre2-11                                2025.11.05  h0dc7533_1            conda-forge     213kB
Doc Build and Upload	UNKNOWN STEP	2026-07-14T14:51:01.0765449Z   + libsanitizer                                 14.3.0  h8f1669f_19           conda-forge       8MB
Doc Build and Upload	UNKNOWN STEP	2026-07-14T14:51:01.0765845Z   + libsndfile                                    1.2.2  hc7d488a_2            conda-forge     356kB
Doc Build and Upload	UNKNOWN STEP	2026-07-14T14:51:01.0766238Z   + libsodium                                    1.0.22  h280c20c_1            conda-forge     269kB
Doc Build and Upload	UNKNOWN STEP	2026-07-14T14:51:01.0766634Z   + libsqlite                                    3.53.3  h0c1763c_0            conda-forge     962kB
Doc Build and Upload	UNKNOWN STEP	2026-07-14T14:51:01.0767072Z   + libssh2                                      1.11.1  hcf80075_0            conda-forge     305kB
Doc Build and Upload	UNKNOWN STEP	2026-07-14T14:51:01.0767475Z   + libstdcxx                                    15.2.0  h934c35e_19           conda-forge       6MB
Doc Build and Upload	UNKNOWN STEP	2026-07-14T14:51:01.0768087Z   + libstdcxx-devel_linux-64                     14.3.0  h9f08a49_119          conda-forge      20MB
Doc Build and Upload	UNKNOWN STEP	2026-07-14T14:51:01.0768533Z   + libstdcxx-ng                                 15.2.0  hdf11a46_19           conda-forge      28kB
Doc Build and Upload	UNKNOWN STEP	2026-07-14T14:51:01.0768941Z   + libsystemd0                                   261.1  h6f4a2f1_0            conda-forge     566kB
Doc Build and Upload	UNKNOWN STEP	2026-07-14T14:51:01.0769347Z   + libthrift                                    0.22.0  h7d032f7_2            conda-forge     424kB
Doc Build and Upload	UNKNOWN STEP	2026-07-14T14:51:01.0769781Z   + libtiff                                       4.7.2  h9d88235_0            conda-forge     452kB
Doc Build and Upload	UNKNOWN STEP	2026-07-14T14:51:01.0770198Z   + libutf8proc                                  2.11.3  hfe17d71_0            conda-forge      86kB
Doc Build and Upload	UNKNOWN STEP	2026-07-14T14:51:01.0770591Z   + libuuid                                      2.42.2  h5347b49_0            conda-forge      40kB
Doc Build and Upload	UNKNOWN STEP	2026-07-14T14:51:01.0771047Z   + libvorbis                                     1.3.7  h54a6638_2            conda-forge     286kB
Doc Build and Upload	UNKNOWN STEP	2026-07-14T14:51:01.0771486Z   + libvulkan-loader                          1.4.341.0  h5279c79_0            conda-forge     200kB
Doc Build and Upload	UNKNOWN STEP	2026-07-14T14:51:01.0771912Z   + libwebp-base                                  1.6.0  hd42ef1d_0            conda-forge     429kB
Doc Build and Upload	UNKNOWN STEP	2026-07-14T14:51:01.0772303Z   + libxcb                                       1.17.0  h8a09558_0            conda-forge     396kB
Doc Build and Upload	UNKNOWN STEP	2026-07-14T14:51:01.0772689Z   + libxcrypt                                    4.4.36  hd590300_1            conda-forge     100kB
Doc Build and Upload	UNKNOWN STEP	2026-07-14T14:51:01.0773119Z   + libxkbcommon                                 1.13.2  hca5e8e5_0            conda-forge     851kB
Doc Build and Upload	UNKNOWN STEP	2026-07-14T14:51:01.0773516Z   + libxml2                                      2.15.3  h49c6c72_0            conda-forge      47kB
Doc Build and Upload	UNKNOWN STEP	2026-07-14T14:51:01.0773888Z   + libxml2-16                                   2.15.3  hca6bf5a_0            conda-forge     560kB
Doc Build and Upload	UNKNOWN STEP	2026-07-14T14:51:01.0774349Z   + libxslt                                      1.1.43  h711ed8c_1            conda-forge     245kB
Doc Build and Upload	UNKNOWN STEP	2026-07-14T14:51:01.0774779Z   + libzlib                                       1.3.2  h25fd6f3_2            conda-forge      64kB
Doc Build and Upload	UNKNOWN STEP	2026-07-14T14:51:01.0775194Z   + llvmlite                                     0.47.0  py311h41a00d4_1       conda-forge      34MB
Doc Build and Upload	UNKNOWN STEP	2026-07-14T14:51:01.0775607Z   + locket                                        1.0.0  pyhd8ed1ab_0          conda-forge       8kB
Doc Build and Upload	UNKNOWN STEP	2026-07-14T14:51:01.0776034Z   + lxml                                          6.1.1  py311h8840267_0       conda-forge       2MB
Doc Build and Upload	UNKNOWN STEP	2026-07-14T14:51:01.0776436Z   + lz4-c                                        1.10.0  h5888daf_1            conda-forge     167kB
Doc Build and Upload	UNKNOWN STEP	2026-07-14T14:51:01.0776848Z   + markdown                                     3.10.2  pyhcf101f3_0          conda-forge      86kB
Doc Build and Upload	UNKNOWN STEP	2026-07-14T14:51:01.0777268Z   + markdown-it-py                                4.2.0  pyhd8ed1ab_0          conda-forge      69kB
Doc Build and Upload	UNKNOWN STEP	2026-07-14T14:51:01.0777838Z   + markupsafe                                    3.0.3  py311h3778330_1       conda-forge      27kB
Doc Build and Upload	UNKNOWN STEP	2026-07-14T14:51:01.0778262Z   + matplotlib                                   3.11.0  py311h38be061_1       conda-forge      15kB
Doc Build and Upload	UNKNOWN STEP	2026-07-14T14:51:01.0778694Z   + matplotlib-base                              3.11.0  py311h0a88c4d_1       conda-forge       9MB
Doc Build and Upload	UNKNOWN STEP	2026-07-14T14:51:01.0779135Z   + matplotlib-inline                             0.2.2  pyhd8ed1ab_0          conda-forge      16kB
Doc Build and Upload	UNKNOWN STEP	2026-07-14T14:51:01.0779578Z   + mccabe                                        0.7.0  pyhd8ed1ab_1          conda-forge      13kB
Doc Build and Upload	UNKNOWN STEP	2026-07-14T14:51:01.0779979Z   + mdurl                                         0.1.2  pyhd8ed1ab_1          conda-forge      14kB
Doc Build and Upload	UNKNOWN STEP	2026-07-14T14:51:01.0780373Z   + meson                                        1.11.2  pyhcf101f3_0          conda-forge     777kB
Doc Build and Upload	UNKNOWN STEP	2026-07-14T14:51:01.0780793Z   + meson-python                                 0.20.0  pyh7e86bf3_0          conda-forge      95kB
Doc Build and Upload	UNKNOWN STEP	2026-07-14T14:51:01.0781225Z   + mistune                                       3.3.3  pyhcf101f3_0          conda-forge      91kB
Doc Build and Upload	UNKNOWN STEP	2026-07-14T14:51:01.0781618Z   + mmh3                                          5.2.1  py311h1ddb823_0       conda-forge      34kB
Doc Build and Upload	UNKNOWN STEP	2026-07-14T14:51:01.0782000Z   + moto                                          5.2.2  pyhcf101f3_0          conda-forge       6MB
Doc Build and Upload	UNKNOWN STEP	2026-07-14T14:51:01.0782414Z   + mpg123                                       1.32.9  hc50e24c_0            conda-forge     491kB
Doc Build and Upload	UNKNOWN STEP	2026-07-14T14:51:01.0782815Z   + multidict                                     6.7.1  py311h3778330_0       conda-forge     101kB
Doc Build and Upload	UNKNOWN STEP	2026-07-14T14:51:01.0783225Z   + munkres                                       1.1.4  pyhd8ed1ab_1          conda-forge      16kB
Doc Build and Upload	UNKNOWN STEP	2026-07-14T14:51:01.0783621Z   + mypy                                         1.17.1  py311h49ec1c0_1       conda-forge      19MB
Doc Build and Upload	UNKNOWN STEP	2026-07-14T14:51:01.0784123Z   + mypy_extensions                               1.1.0  pyha770c72_0          conda-forge      12kB
Doc Build and Upload	UNKNOWN STEP	2026-07-14T14:51:01.0784545Z   + narwhals                                     2.24.0  pyhcf101f3_0          conda-forge     290kB
Doc Build and Upload	UNKNOWN STEP	2026-07-14T14:51:01.0784954Z   + natsort                                       8.4.0  pyhcf101f3_2          conda-forge      39kB
Doc Build and Upload	UNKNOWN STEP	2026-07-14T14:51:01.0785357Z   + nbclient                                     0.11.0  pyhd8ed1ab_0          conda-forge      29kB
Doc Build and Upload	UNKNOWN STEP	2026-07-14T14:51:01.0785779Z   + nbconvert                                    7.17.1  hb502eef_0            conda-forge       5kB
Doc Build and Upload	UNKNOWN STEP	2026-07-14T14:51:01.0786191Z   + nbconvert-core                               7.17.1  pyhcf101f3_0          conda-forge     202kB
Doc Build and Upload	UNKNOWN STEP	2026-07-14T14:51:01.0786615Z   + nbconvert-pandoc                             7.17.1  h08b4883_0            conda-forge       6kB
Doc Build and Upload	UNKNOWN STEP	2026-07-14T14:51:01.0787038Z   + nbformat                                     5.10.4  pyhd8ed1ab_1          conda-forge     101kB
Doc Build and Upload	UNKNOWN STEP	2026-07-14T14:51:01.0787516Z   + nbsphinx                                      0.9.8  pyhd8ed1ab_0          conda-forge      35kB
Doc Build and Upload	UNKNOWN STEP	2026-07-14T14:51:01.0788084Z   + ncurses                                         6.6  hdb14827_0            conda-forge     919kB
Doc Build and Upload	UNKNOWN STEP	2026-07-14T14:51:01.0788507Z   + nest-asyncio2                                 1.7.2  pyhcf101f3_0          conda-forge      16kB
Doc Build and Upload	UNKNOWN STEP	2026-07-14T14:51:01.0788918Z   + ninja                                        1.13.2  h171cf75_0            conda-forge     186kB
Doc Build and Upload	UNKNOWN STEP	2026-07-14T14:51:01.0789337Z   + nlohmann_json                                3.12.0  h54a6638_1            conda-forge     136kB
Doc Build and Upload	UNKNOWN STEP	2026-07-14T14:51:01.0789758Z   + nodeenv                                      1.10.0  pyhd8ed1ab_0          conda-forge      41kB
Doc Build and Upload	UNKNOWN STEP	2026-07-14T14:51:01.0790166Z   + nomkl                                           1.0  h5ca1d4c_0            conda-forge       4kB
Doc Build and Upload	UNKNOWN STEP	2026-07-14T14:51:01.0790587Z   + notebook                                      7.6.0  pyhcf101f3_0          conda-forge       5MB
Doc Build and Upload	UNKNOWN STEP	2026-07-14T14:51:01.0791018Z   + notebook-shim                                 0.2.4  pyhd8ed1ab_1          conda-forge      17kB
Doc Build and Upload	UNKNOWN STEP	2026-07-14T14:51:01.0791438Z   + nspr                                           4.38  h29cc59b_0            conda-forge     229kB
Doc Build and Upload	UNKNOWN STEP	2026-07-14T14:51:01.0791839Z   + nss                                           3.118  h445c969_0            conda-forge       2MB
Doc Build and Upload	UNKNOWN STEP	2026-07-14T14:51:01.0792260Z   + numba                                        0.65.1  py311h3c884d5_1       conda-forge       6MB
Doc Build and Upload	UNKNOWN STEP	2026-07-14T14:51:01.0792685Z   + numexpr                                      2.14.1  py311h3143de2_102     conda-forge     220kB
Doc Build and Upload	UNKNOWN STEP	2026-07-14T14:51:01.0793091Z   + numpy                                         2.4.6  py311h2e04523_0       conda-forge       9MB
Doc Build and Upload	UNKNOWN STEP	2026-07-14T14:51:01.0793527Z   + numpy-typing-compat                    20251206.2.4  pyhd6139ff_0          conda-forge      14kB
Doc Build and Upload	UNKNOWN STEP	2026-07-14T14:51:01.0793984Z   + numpydoc                                     1.10.0  pyhcf101f3_0          conda-forge      66kB
Doc Build and Upload	UNKNOWN STEP	2026-07-14T14:51:01.0794411Z   + oauthlib                                      3.3.1  pyhd8ed1ab_0          conda-forge     102kB
Doc Build and Upload	UNKNOWN STEP	2026-07-14T14:51:01.0794819Z   + odfpy                                         1.4.1  pyhd8ed1ab_1          conda-forge     106kB
Doc Build and Upload	UNKNOWN STEP	2026-07-14T14:51:01.0795264Z   + openapi-schema-validator                      0.9.0  pyhcf101f3_0          conda-forge      30kB
Doc Build and Upload	UNKNOWN STEP	2026-07-14T14:51:01.0795749Z   + openapi-spec-validator                        0.9.0  pyhcf101f3_0          conda-forge       1MB
Doc Build and Upload	UNKNOWN STEP	2026-07-14T14:51:01.0796191Z   + openjpeg                                      2.5.4  h55fea9a_0            conda-forge     355kB
Doc Build and Upload	UNKNOWN STEP	2026-07-14T14:51:01.0796605Z   + openldap                                     2.6.13  hbde042b_0            conda-forge     786kB
Doc Build and Upload	UNKNOWN STEP	2026-07-14T14:51:01.0797028Z   + openpyxl                                      3.1.5  py311h534898f_3       conda-forge     490kB
Doc Build and Upload	UNKNOWN STEP	2026-07-14T14:51:01.0797435Z   + openssl                                       3.6.3  h35e630c_0            conda-forge       3MB
Doc Build and Upload	UNKNOWN STEP	2026-07-14T14:51:01.0798030Z   + optype                                       0.17.1  pyhc364b38_0          conda-forge      58kB
Doc Build and Upload	UNKNOWN STEP	2026-07-14T14:51:01.0798450Z   + optype-numpy                                 0.17.1  pyh3cfb546_0          conda-forge      11kB
Doc Build and Upload	UNKNOWN STEP	2026-07-14T14:51:01.0798872Z   + orc                                           2.3.0  h21090e2_0            conda-forge       1MB
Doc Build and Upload	UNKNOWN STEP	2026-07-14T14:51:01.0799276Z   + overrides                                     7.7.0  pyhd8ed1ab_1          conda-forge      30kB
Doc Build and Upload	UNKNOWN STEP	2026-07-14T14:51:01.0799691Z   + packaging                                      26.2  pyhc364b38_0          conda-forge      92kB
Doc Build and Upload	UNKNOWN STEP	2026-07-14T14:51:01.0800105Z   + pandas                                        3.0.3  py311h8032f78_0       conda-forge      15MB
Doc Build and Upload	UNKNOWN STEP	2026-07-14T14:51:01.0800522Z   + pandoc                                         3.10  ha770c72_0            conda-forge      23MB
Doc Build and Upload	UNKNOWN STEP	2026-07-14T14:51:01.0800937Z   + pandocfilters                                 1.5.0  pyhd8ed1ab_0          conda-forge      12kB
Doc Build and Upload	UNKNOWN STEP	2026-07-14T14:51:01.0801421Z   + pango                                        1.56.4  hda50119_1            conda-forge     458kB
Doc Build and Upload	UNKNOWN STEP	2026-07-14T14:51:01.0801819Z   + parso                                         0.8.7  pyhcf101f3_0          conda-forge      82kB
Doc Build and Upload	UNKNOWN STEP	2026-07-14T14:51:01.0802234Z   + partd                                         1.4.2  pyhd8ed1ab_0          conda-forge      21kB
Doc Build and Upload	UNKNOWN STEP	2026-07-14T14:51:01.0802639Z   + pathable                                      0.6.0  pyhcf101f3_0          conda-forge      42kB
Doc Build and Upload	UNKNOWN STEP	2026-07-14T14:51:01.0803052Z   + pathspec                                      1.1.1  pyhd8ed1ab_0          conda-forge      57kB
Doc Build and Upload	UNKNOWN STEP	2026-07-14T14:51:01.0803471Z   + pcre2                                         10.47  haa7fec5_0            conda-forge       1MB
Doc Build and Upload	UNKNOWN STEP	2026-07-14T14:51:01.0803896Z   + pexpect                                       4.9.0  pyhd8ed1ab_1          conda-forge      54kB
Doc Build and Upload	UNKNOWN STEP	2026-07-14T14:51:01.0804308Z   + pickleshare                                   0.7.5  pyhd8ed1ab_1004       conda-forge      12kB
Doc Build and Upload	UNKNOWN STEP	2026-07-14T14:51:01.0804729Z   + pillow                                       12.3.0  py311hf88fc01_0       conda-forge       1MB
Doc Build and Upload	UNKNOWN STEP	2026-07-14T14:51:01.0805144Z   + pip                                          26.1.2  pyh8b19718_0          conda-forge       1MB
Doc Build and Upload	UNKNOWN STEP	2026-07-14T14:51:01.0805542Z   + pixman                                       0.46.4  h54a6638_1            conda-forge     451kB
Doc Build and Upload	UNKNOWN STEP	2026-07-14T14:51:01.0805946Z   + pkginfo                                    1.12.1.2  pyhd8ed1ab_0          conda-forge      31kB
Doc Build and Upload	UNKNOWN STEP	2026-07-14T14:51:01.0806361Z   + platformdirs                                 4.10.0  pyhcf101f3_0          conda-forge      26kB
Doc Build and Upload	UNKNOWN STEP	2026-07-14T14:51:01.0806790Z   + pluggy                                        1.6.0  pyhf9edf01_1          conda-forge      26kB
Doc Build and Upload	UNKNOWN STEP	2026-07-14T14:51:01.0807180Z   + ply                                            3.11  pyhd8ed1ab_3          conda-forge      49kB
Doc Build and Upload	UNKNOWN STEP	2026-07-14T14:51:01.0807692Z   + pre-commit                                    4.6.0  pyha770c72_0          conda-forge     202kB
Doc Build and Upload	UNKNOWN STEP	2026-07-14T14:51:01.0808132Z   + prometheus-cpp                                1.3.0  ha5d0236_0            conda-forge     200kB
Doc Build and Upload	UNKNOWN STEP	2026-07-14T14:51:01.0808587Z   + prometheus_client                            0.25.0  pyhd8ed1ab_0          conda-forge      57kB
Doc Build and Upload	UNKNOWN STEP	2026-07-14T14:51:01.0809023Z   + prompt-toolkit                               3.0.52  pyha770c72_0          conda-forge     274kB
Doc Build and Upload	UNKNOWN STEP	2026-07-14T14:51:01.0809445Z   + propcache                                     0.5.2  py311h3778330_0       conda-forge      51kB
Doc Build and Upload	UNKNOWN STEP	2026-07-14T14:51:01.0809886Z   + proto-plus                                   1.28.1  pyhcf101f3_0          conda-forge      44kB
Doc Build and Upload	UNKNOWN STEP	2026-07-14T14:51:01.0810299Z   + protobuf                                     6.33.5  py311h3f0a9aa_2       conda-forge     489kB
Doc Build and Upload	UNKNOWN STEP	2026-07-14T14:51:01.0810714Z   + psutil                                        7.2.2  py311haee01d2_0       conda-forge     232kB
Doc Build and Upload	UNKNOWN STEP	2026-07-14T14:51:01.0811196Z   + psycopg2                                     2.9.12  py311h71af7b3_0       conda-forge     192kB
Doc Build and Upload	UNKNOWN STEP	2026-07-14T14:51:01.0811631Z   + pthread-stubs                                   0.4  hb9d3cd8_1002         conda-forge       8kB
Doc Build and Upload	UNKNOWN STEP	2026-07-14T14:51:01.0812053Z   + ptyprocess                                    0.7.0  pyhd8ed1ab_1          conda-forge      19kB
Doc Build and Upload	UNKNOWN STEP	2026-07-14T14:51:01.0812484Z   + pulseaudio-client                              17.0  h9a6aba3_3            conda-forge     751kB
Doc Build and Upload	UNKNOWN STEP	2026-07-14T14:51:01.0812928Z   + pure_eval                                     0.2.3  pyhd8ed1ab_1          conda-forge      17kB
Doc Build and Upload	UNKNOWN STEP	2026-07-14T14:51:01.0813336Z   + py-cpuinfo                                    9.0.0  pyhd8ed1ab_1          conda-forge      26kB
Doc Build and Upload	UNKNOWN STEP	2026-07-14T14:51:01.0813711Z   + pyarrow                                      23.0.1  py311h38be061_0       conda-forge      29kB
Doc Build and Upload	UNKNOWN STEP	2026-07-14T14:51:01.0814110Z   + pyarrow-core                                 23.0.1  py311h66caee6_0_cpu   conda-forge       5MB
Doc Build and Upload	UNKNOWN STEP	2026-07-14T14:51:01.0814564Z   + pyasn1                                        0.6.4  pyhcf101f3_0          conda-forge      67kB
Doc Build and Upload	UNKNOWN STEP	2026-07-14T14:51:01.0814963Z   + pyasn1-modules                                0.4.2  pyhd8ed1ab_0          conda-forge      96kB
Doc Build and Upload	UNKNOWN STEP	2026-07-14T14:51:01.0815379Z   + pycodestyle                                  2.12.1  pyhd8ed1ab_1          conda-forge      34kB
Doc Build and Upload	UNKNOWN STEP	2026-07-14T14:51:01.0815776Z   + pycparser                                       3.0  pyhcf101f3_0          conda-forge      56kB
Doc Build and Upload	UNKNOWN STEP	2026-07-14T14:51:01.0816199Z   + pydantic                                     2.13.4  pyhcf101f3_0          conda-forge     347kB
Doc Build and Upload	UNKNOWN STEP	2026-07-14T14:51:01.0816627Z   + pydantic-core                                2.46.4  py311h902ca64_0       conda-forge       2MB
Doc Build and Upload	UNKNOWN STEP	2026-07-14T14:51:01.0817063Z   + pydantic-settings                            2.14.2  pyhcf101f3_0          conda-forge      53kB
Doc Build and Upload	UNKNOWN STEP	2026-07-14T14:51:01.0817498Z   + pyflakes                                      3.2.0  pyhd8ed1ab_1          conda-forge      58kB
Doc Build and Upload	UNKNOWN STEP	2026-07-14T14:51:01.0818043Z   + pygments                                     2.20.0  pyhd8ed1ab_0          conda-forge     893kB
Doc Build and Upload	UNKNOWN STEP	2026-07-14T14:51:01.0818465Z   + pyiceberg                                    0.11.1  np2py311h912ec1f_0    conda-forge       1MB
Doc Build and Upload	UNKNOWN STEP	2026-07-14T14:51:01.0818879Z   + pyjwt                                        2.13.0  pyhcf101f3_0          conda-forge      33kB
Doc Build and Upload	UNKNOWN STEP	2026-07-14T14:51:01.0819304Z   + pympler                                         1.1  pyhd8ed1ab_1          conda-forge     146kB
Doc Build and Upload	UNKNOWN STEP	2026-07-14T14:51:01.0819715Z   + pymysql                                       1.2.0  pyhcf101f3_0          conda-forge      47kB
Doc Build and Upload	UNKNOWN STEP	2026-07-14T14:51:01.0820124Z   + pyparsing                                     3.3.2  pyhcf101f3_0          conda-forge     111kB
Doc Build and Upload	UNKNOWN STEP	2026-07-14T14:51:01.0820560Z   + pyproject-metadata                           0.12.1  pyhd8ed1ab_0          conda-forge      27kB
Doc Build and Upload	UNKNOWN STEP	2026-07-14T14:51:01.0821005Z   + pyqt                                        5.15.11  py311h0580839_2       conda-forge       5MB
Doc Build and Upload	UNKNOWN STEP	2026-07-14T14:51:01.0821425Z   + pyqt5-sip                                   12.17.0  py311h1ddb823_2       conda-forge      85kB
Doc Build and Upload	UNKNOWN STEP	2026-07-14T14:51:01.0821843Z   + pyreadstat                                    1.3.5  py311h71a53d8_0       conda-forge     521kB
Doc Build and Upload	UNKNOWN STEP	2026-07-14T14:51:01.0822256Z   + pyroaring                                     1.0.4  py311h1ddb823_0       conda-forge     333kB
Doc Build and Upload	UNKNOWN STEP	2026-07-14T14:51:01.0822677Z   + pyside6                                      6.11.1  py311hf27b23e_1       conda-forge      14MB
Doc Build and Upload	UNKNOWN STEP	2026-07-14T14:51:01.0823076Z   + pysocks                                       1.7.1  pyha55dd90_7          conda-forge      21kB
Doc Build and Upload	UNKNOWN STEP	2026-07-14T14:51:01.0823495Z   + pytables                                     3.11.1  py311hd94606f_4       conda-forge       2MB
Doc Build and Upload	UNKNOWN STEP	2026-07-14T14:51:01.0823907Z   + pytest                                        9.0.3  pyhc364b38_1          conda-forge     300kB
Doc Build and Upload	UNKNOWN STEP	2026-07-14T14:51:01.0824336Z   + pytest-cov                                    7.1.0  pyhcf101f3_0          conda-forge      30kB
Doc Build and Upload	UNKNOWN STEP	2026-07-14T14:51:01.0824835Z   + pytest-cython                                 0.4.0  pyhd8ed1ab_0          conda-forge      12kB
Doc Build and Upload	UNKNOWN STEP	2026-07-14T14:51:01.0825276Z   + pytest-localserver                           0.10.0  pyhd8ed1ab_0          conda-forge      24kB
Doc Build and Upload	UNKNOWN STEP	2026-07-14T14:51:01.0825718Z   + pytest-qt                                     4.5.0  pyhdecd6ff_0          conda-forge      39kB
Doc Build and Upload	UNKNOWN STEP	2026-07-14T14:51:01.0826151Z   + pytest-xdist                                  3.8.0  pyhd8ed1ab_0          conda-forge      39kB
Doc Build and Upload	UNKNOWN STEP	2026-07-14T14:51:01.0826571Z   + python                                      3.11.15  h7508c33_1_cpython    conda-forge      31MB
Doc Build and Upload	UNKNOWN STEP	2026-07-14T14:51:01.0827011Z   + python-calamine                               0.6.1  py311hc8fb587_0       conda-forge     800kB
Doc Build and Upload	UNKNOWN STEP	2026-07-14T14:51:01.0827473Z   + python-dateutil                         2.9.0.post0  pyhe01879c_2          conda-forge     233kB
Doc Build and Upload	UNKNOWN STEP	2026-07-14T14:51:01.0828065Z   + python-discovery                              1.4.4  pyhcf101f3_0          conda-forge      36kB
Doc Build and Upload	UNKNOWN STEP	2026-07-14T14:51:01.0828605Z   + python-dotenv                                 1.2.2  pyhcf101f3_0          conda-forge      28kB
Doc Build and Upload	UNKNOWN STEP	2026-07-14T14:51:01.0829054Z   + python-fastjsonschema                        2.21.2  pyhe01879c_0          conda-forge     245kB
Doc Build and Upload	UNKNOWN STEP	2026-07-14T14:51:01.0829523Z   + python-json-logger                            4.1.0  pyhd8ed1ab_0          conda-forge      19kB
Doc Build and Upload	UNKNOWN STEP	2026-07-14T14:51:01.0829968Z   + python-tzdata                                2026.3  pyhd8ed1ab_0          conda-forge     147kB
Doc Build and Upload	UNKNOWN STEP	2026-07-14T14:51:01.0830391Z   + python_abi                                     3.11  8_cp311               conda-forge       7kB
Doc Build and Upload	UNKNOWN STEP	2026-07-14T14:51:01.0830796Z   + pytz                                         2026.2  pyhcf101f3_0          conda-forge     202kB
Doc Build and Upload	UNKNOWN STEP	2026-07-14T14:51:01.0831221Z   + pyu2f                                         0.1.5  pyhd8ed1ab_1          conda-forge      37kB
Doc Build and Upload	UNKNOWN STEP	2026-07-14T14:51:01.0831633Z   + pyxlsb                                       1.0.10  pyhd8ed1ab_0          conda-forge      28kB
Doc Build and Upload	UNKNOWN STEP	2026-07-14T14:51:01.0832038Z   + pyyaml                                        6.0.3  py311h3778330_1       conda-forge     206kB
Doc Build and Upload	UNKNOWN STEP	2026-07-14T14:51:01.0832446Z   + pyzmq                                        27.1.0  py311hca8cfc1_3       conda-forge     383kB
Doc Build and Upload	UNKNOWN STEP	2026-07-14T14:51:01.0832872Z   + qhull                                        2020.2  h434a139_5            conda-forge     553kB
Doc Build and Upload	UNKNOWN STEP	2026-07-14T14:51:01.0833287Z   + qt-main                                     5.15.15  h0c412b5_8            conda-forge      53MB
Doc Build and Upload	UNKNOWN STEP	2026-07-14T14:51:01.0833704Z   + qt6-main                                     6.11.1  pl5321h16c4a6b_1      conda-forge      60MB
Doc Build and Upload	UNKNOWN STEP	2026-07-14T14:51:01.0834111Z   + re2                                      2025.11.05  h5301d42_1            conda-forge      27kB
Doc Build and Upload	UNKNOWN STEP	2026-07-14T14:51:01.0834539Z   + readline                                        8.3  h853b02a_0            conda-forge     345kB
Doc Build and Upload	UNKNOWN STEP	2026-07-14T14:51:01.0834962Z   + referencing                                  0.37.0  pyhcf101f3_0          conda-forge      52kB
Doc Build and Upload	UNKNOWN STEP	2026-07-14T14:51:01.0835387Z   + requests                                     2.34.2  pyhcf101f3_0          conda-forge      69kB
Doc Build and Upload	UNKNOWN STEP	2026-07-14T14:51:01.0835815Z   + requests-oauthlib                             2.0.0  pyhd8ed1ab_1          conda-forge      26kB
Doc Build and Upload	UNKNOWN STEP	2026-07-14T14:51:01.0836252Z   + responses                                    0.26.2  pyhcf101f3_0          conda-forge      42kB
Doc Build and Upload	UNKNOWN STEP	2026-07-14T14:51:01.0836691Z   + rfc3339-validator                             0.1.4  pyhd8ed1ab_1          conda-forge      10kB
Doc Build and Upload	UNKNOWN STEP	2026-07-14T14:51:01.0837139Z   + rfc3986-validator                             0.1.1  pyh9f0ad1d_0          conda-forge       8kB
Doc Build and Upload	UNKNOWN STEP	2026-07-14T14:51:01.0837686Z   + rfc3987-syntax                                1.1.0  pyhe01879c_1          conda-forge      23kB
Doc Build and Upload	UNKNOWN STEP	2026-07-14T14:51:01.0838113Z   + rich                                         14.3.4  pyhcf101f3_0          conda-forge     208kB
Doc Build and Upload	UNKNOWN STEP	2026-07-14T14:51:01.0838595Z   + roman-numerals                                4.1.0  pyhd8ed1ab_0          conda-forge      14kB
Doc Build and Upload	UNKNOWN STEP	2026-07-14T14:51:01.0839029Z   + rpds-py                                    2026.6.3  py311h1baac5b_0       conda-forge     300kB
Doc Build and Upload	UNKNOWN STEP	2026-07-14T14:51:01.0839455Z   + rsa                                           4.9.1  pyhd8ed1ab_0          conda-forge      32kB
Doc Build and Upload	UNKNOWN STEP	2026-07-14T14:51:01.0839899Z   + ruamel.yaml                                  0.19.1  pyhcf101f3_0          conda-forge      98kB
Doc Build and Upload	UNKNOWN STEP	2026-07-14T14:51:01.0840333Z   + ruamel.yaml.clib                             0.2.15  py311haee01d2_1       conda-forge     153kB
Doc Build and Upload	UNKNOWN STEP	2026-07-14T14:51:01.0840747Z   + s2n                                           1.7.5  h7e3ee7f_1            conda-forge     393kB
Doc Build and Upload	UNKNOWN STEP	2026-07-14T14:51:01.0841157Z   + s3fs                                       2026.6.0  pyhd8ed1ab_0          conda-forge      36kB
Doc Build and Upload	UNKNOWN STEP	2026-07-14T14:51:01.0841566Z   + s3transfer                                   0.17.1  pyhd8ed1ab_0          conda-forge      69kB
Doc Build and Upload	UNKNOWN STEP	2026-07-14T14:51:01.0842038Z   + scipy                                        1.17.1  py311hbe70eeb_1       conda-forge      17MB
Doc Build and Upload	UNKNOWN STEP	2026-07-14T14:51:01.0842480Z   + scipy-stubs                                1.17.1.5  pyhc364b38_0          conda-forge     373kB
Doc Build and Upload	UNKNOWN STEP	2026-07-14T14:51:01.0842910Z   + seaborn-base                                 0.13.2  pyhd8ed1ab_3          conda-forge     228kB
Doc Build and Upload	UNKNOWN STEP	2026-07-14T14:51:01.0843336Z   + send2trash                                    2.1.0  pyha191276_1          conda-forge      24kB
Doc Build and Upload	UNKNOWN STEP	2026-07-14T14:51:01.0843756Z   + setuptools                                   83.0.0  pyh332efcf_0          conda-forge     642kB
Doc Build and Upload	UNKNOWN STEP	2026-07-14T14:51:01.0844196Z   + sgmllib3k                                     1.0.0  pyhd8ed1ab_1          conda-forge      13kB
Doc Build and Upload	UNKNOWN STEP	2026-07-14T14:51:01.0844610Z   + sip                                          6.10.0  py311h1ddb823_1       conda-forge     691kB
Doc Build and Upload	UNKNOWN STEP	2026-07-14T14:51:01.0845004Z   + six                                          1.17.0  pyhe01879c_1          conda-forge      18kB
Doc Build and Upload	UNKNOWN STEP	2026-07-14T14:51:01.0845390Z   + smmap                                         5.0.3  pyhcf101f3_1          conda-forge      27kB
Doc Build and Upload	UNKNOWN STEP	2026-07-14T14:51:01.0845809Z   + snappy                                        1.2.2  h03e3b7b_1            conda-forge      46kB
Doc Build and Upload	UNKNOWN STEP	2026-07-14T14:51:01.0846208Z   + sniffio                                       1.3.1  pyhd8ed1ab_2          conda-forge      16kB
Doc Build and Upload	UNKNOWN STEP	2026-07-14T14:51:01.0846625Z   + snowballstemmer                               3.1.1  pyhd8ed1ab_0          conda-forge      74kB
Doc Build and Upload	UNKNOWN STEP	2026-07-14T14:51:01.0847067Z   + sortedcontainers                              2.4.0  pyhd8ed1ab_1          conda-forge      29kB
Doc Build and Upload	UNKNOWN STEP	2026-07-14T14:51:01.0847510Z   + soupsieve                                     2.8.4  pyhd8ed1ab_0          conda-forge      39kB
Doc Build and Upload	UNKNOWN STEP	2026-07-14T14:51:01.0848084Z   + sphinx                                        9.0.4  pyhd8ed1ab_0          conda-forge       2MB
Doc Build and Upload	UNKNOWN STEP	2026-07-14T14:51:01.0848513Z   + sphinx-copybutton                             0.5.2  pyhd8ed1ab_1          conda-forge      18kB
Doc Build and Upload	UNKNOWN STEP	2026-07-14T14:51:01.0848957Z   + sphinx-design                                 0.7.0  pyhd8ed1ab_0          conda-forge     931kB
Doc Build and Upload	UNKNOWN STEP	2026-07-14T14:51:01.0849427Z   + sphinxcontrib-applehelp                       2.0.0  pyhd8ed1ab_1          conda-forge      30kB
Doc Build and Upload	UNKNOWN STEP	2026-07-14T14:51:01.0849894Z   + sphinxcontrib-devhelp                         2.0.0  pyhd8ed1ab_1          conda-forge      25kB
Doc Build and Upload	UNKNOWN STEP	2026-07-14T14:51:01.0850352Z   + sphinxcontrib-htmlhelp                        2.1.0  pyhd8ed1ab_1          conda-forge      33kB
Doc Build and Upload	UNKNOWN STEP	2026-07-14T14:51:01.0850821Z   + sphinxcontrib-jsmath                          1.0.1  pyhd8ed1ab_1          conda-forge      10kB
Doc Build and Upload	UNKNOWN STEP	2026-07-14T14:51:01.0851227Z   + sphinxcontrib-qthelp                          2.0.0  pyhd8ed1ab_1          conda-forge      27kB
Doc Build and Upload	UNKNOWN STEP	2026-07-14T14:51:01.0851700Z   + sphinxcontrib-serializinghtml                 2.0.0  pyhd8ed1ab_0          conda-forge      31kB
Doc Build and Upload	UNKNOWN STEP	2026-07-14T14:51:01.0852163Z   + sqlalchemy                                   2.0.51  py311haee01d2_0       conda-forge       4MB
Doc Build and Upload	UNKNOWN STEP	2026-07-14T14:51:01.0852673Z   + stack_data                                    0.6.3  pyhd8ed1ab_1          conda-forge      27kB
Doc Build and Upload	UNKNOWN STEP	2026-07-14T14:51:01.0853091Z   + strictyaml                                    1.7.3  pyhd8ed1ab_1          conda-forge      98kB
Doc Build and Upload	UNKNOWN STEP	2026-07-14T14:51:01.0853525Z   + sysroot_linux-64                               2.39  hc4b9eeb_6            conda-forge      42MB
Doc Build and Upload	UNKNOWN STEP	2026-07-14T14:51:01.0853945Z   + tabulate                                     0.10.0  pyhcf101f3_0          conda-forge      44kB
Doc Build and Upload	UNKNOWN STEP	2026-07-14T14:51:01.0854379Z   + tenacity                                      9.1.4  pyhcf101f3_0          conda-forge      31kB
Doc Build and Upload	UNKNOWN STEP	2026-07-14T14:51:01.0854799Z   + terminado                                    0.18.1  pyhc90fa1f_1          conda-forge      25kB
Doc Build and Upload	UNKNOWN STEP	2026-07-14T14:51:01.0855213Z   + tinycss2                                      1.4.0  pyhd8ed1ab_0          conda-forge      28kB
Doc Build and Upload	UNKNOWN STEP	2026-07-14T14:51:01.0855628Z   + tk                                           8.6.13  noxft_h366c992_103    conda-forge       3MB
Doc Build and Upload	UNKNOWN STEP	2026-07-14T14:51:01.0856123Z   + tokenize-rt                                   6.2.0  pyhd8ed1ab_0          conda-forge      12kB
Doc Build and Upload	UNKNOWN STEP	2026-07-14T14:51:01.0856535Z   + toml                                         0.10.2  pyhcf101f3_3          conda-forge      24kB
Doc Build and Upload	UNKNOWN STEP	2026-07-14T14:51:01.0856928Z   + tomli                                         2.4.1  pyhcf101f3_0          conda-forge      22kB
Doc Build and Upload	UNKNOWN STEP	2026-07-14T14:51:01.0857346Z   + toolz                                         1.1.0  pyhd8ed1ab_1          conda-forge      54kB
Doc Build and Upload	UNKNOWN STEP	2026-07-14T14:51:01.0857891Z   + tornado                                       6.5.7  py311h49ec1c0_0       conda-forge     882kB
Doc Build and Upload	UNKNOWN STEP	2026-07-14T14:51:01.0858313Z   + traitlets                                    5.15.1  pyhcf101f3_0          conda-forge     115kB
Doc Build and Upload	UNKNOWN STEP	2026-07-14T14:51:01.0858748Z   + types-pymysql                        1.1.0.20260518  pyhcf101f3_0          conda-forge      31kB
Doc Build and Upload	UNKNOWN STEP	2026-07-14T14:51:01.0859228Z   + types-python-dateutil                2.9.0.20260518  pyhcf101f3_0          conda-forge      26kB
Doc Build and Upload	UNKNOWN STEP	2026-07-14T14:51:01.0859691Z   + types-pytz                        2026.2.0.20260518  pyhcf101f3_0          conda-forge      20kB
Doc Build and Upload	UNKNOWN STEP	2026-07-14T14:51:01.0860133Z   + types-pyyaml                        6.0.12.20260518  pyhcf101f3_0          conda-forge      27kB
Doc Build and Upload	UNKNOWN STEP	2026-07-14T14:51:01.0860585Z   + types-setuptools                    83.0.0.20260706  pyhcf101f3_0          conda-forge      52kB
Doc Build and Upload	UNKNOWN STEP	2026-07-14T14:51:01.0861065Z   + typing-extensions                            4.16.0  h69aa097_0            conda-forge      94kB
Doc Build and Upload	UNKNOWN STEP	2026-07-14T14:51:01.0861513Z   + typing-inspection                             0.4.2  pyhcf101f3_2          conda-forge      21kB
Doc Build and Upload	UNKNOWN STEP	2026-07-14T14:51:01.0861955Z   + typing_extensions                            4.16.0  pyhcf101f3_0          conda-forge      53kB
Doc Build and Upload	UNKNOWN STEP	2026-07-14T14:51:01.0862391Z   + typing_utils                                  0.1.0  pyhd8ed1ab_1          conda-forge      15kB
Doc Build and Upload	UNKNOWN STEP	2026-07-14T14:51:01.0862829Z   + tzdata                                        2025c  hc9c84f9_1            conda-forge     119kB
Doc Build and Upload	UNKNOWN STEP	2026-07-14T14:51:01.0863232Z   + ukkonen                                       1.1.0  py311hdf67eae_0       conda-forge      15kB
Doc Build and Upload	UNKNOWN STEP	2026-07-14T14:51:01.0863658Z   + unicodedata2                                 17.0.1  py311h49ec1c0_0       conda-forge     410kB
Doc Build and Upload	UNKNOWN STEP	2026-07-14T14:51:01.0864085Z   + uri-template                                  1.3.0  pyhd8ed1ab_1          conda-forge      24kB
Doc Build and Upload	UNKNOWN STEP	2026-07-14T14:51:01.0864506Z   + urllib3                                       2.7.0  pyhd8ed1ab_0          conda-forge     104kB
Doc Build and Upload	UNKNOWN STEP	2026-07-14T14:51:01.0864920Z   + versioneer                                     0.29  pyhd8ed1ab_0          conda-forge      48kB
Doc Build and Upload	UNKNOWN STEP	2026-07-14T14:51:01.0865315Z   + virtualenv                                   21.6.1  pyhcf101f3_0          conda-forge       3MB
Doc Build and Upload	UNKNOWN STEP	2026-07-14T14:51:01.0865730Z   + wayland                                      1.25.0  hd6090a7_0            conda-forge     334kB
Doc Build and Upload	UNKNOWN STEP	2026-07-14T14:51:01.0866202Z   + wcwidth                                       0.8.2  pyhd8ed1ab_0          conda-forge     132kB
Doc Build and Upload	UNKNOWN STEP	2026-07-14T14:51:01.0866609Z   + webcolors                                   25.10.0  pyhd8ed1ab_0          conda-forge      19kB
Doc Build and Upload	UNKNOWN STEP	2026-07-14T14:51:01.0867032Z   + webencodings                                  0.5.1  pyhd8ed1ab_3          conda-forge      15kB
Doc Build and Upload	UNKNOWN STEP	2026-07-14T14:51:01.0867480Z   + websocket-client                              1.9.0  pyhd8ed1ab_0          conda-forge      61kB
Doc Build and Upload	UNKNOWN STEP	2026-07-14T14:51:01.0868043Z   + werkzeug                                      3.1.8  pyhcf101f3_0          conda-forge     258kB
Doc Build and Upload	UNKNOWN STEP	2026-07-14T14:51:01.0868465Z   + wheel                                        0.47.0  pyhd8ed1ab_0          conda-forge      33kB
Doc Build and Upload	UNKNOWN STEP	2026-07-14T14:51:01.0868903Z   + widgetsnbextension                           4.0.15  pyhd8ed1ab_0          conda-forge     889kB
Doc Build and Upload	UNKNOWN STEP	2026-07-14T14:51:01.0869359Z   + wrapt                                         2.2.2  py311h49ec1c0_0       conda-forge     118kB
Doc Build and Upload	UNKNOWN STEP	2026-07-14T14:51:01.0869839Z   + xarray                                     2026.7.0  pyhc364b38_0          conda-forge       1MB
Doc Build and Upload	UNKNOWN STEP	2026-07-14T14:51:01.0870250Z   + xcb-util                                      0.4.1  h4f16b4b_2            conda-forge      21kB
Doc Build and Upload	UNKNOWN STEP	2026-07-14T14:51:01.0870669Z   + xcb-util-cursor                               0.1.6  hb03c661_0            conda-forge      21kB
Doc Build and Upload	UNKNOWN STEP	2026-07-14T14:51:01.0871115Z   + xcb-util-image                                0.4.0  hb711507_2            conda-forge      25kB
Doc Build and Upload	UNKNOWN STEP	2026-07-14T14:51:01.0871557Z   + xcb-util-keysyms                              0.4.1  hb711507_0            conda-forge      14kB
Doc Build and Upload	UNKNOWN STEP	2026-07-14T14:51:01.0871997Z   + xcb-util-renderutil                          0.3.10  hb711507_0            conda-forge      17kB
Doc Build and Upload	UNKNOWN STEP	2026-07-14T14:51:01.0872443Z   + xcb-util-wm                                   0.4.2  hb711507_0            conda-forge      52kB
Doc Build and Upload	UNKNOWN STEP	2026-07-14T14:51:01.0872868Z   + xkeyboard-config                               2.48  h280c20c_0            conda-forge     442kB
Doc Build and Upload	UNKNOWN STEP	2026-07-14T14:51:01.0873290Z   + xlrd                                          2.0.2  pyhd8ed1ab_0          conda-forge      94kB
Doc Build and Upload	UNKNOWN STEP	2026-07-14T14:51:01.0873704Z   + xlsxwriter                                    3.2.9  pyhd8ed1ab_0          conda-forge     134kB
Doc Build and Upload	UNKNOWN STEP	2026-07-14T14:51:01.0874128Z   + xmltodict                                     1.0.4  pyhcf101f3_0          conda-forge      21kB
Doc Build and Upload	UNKNOWN STEP	2026-07-14T14:51:01.0874546Z   + xorg-libice                                   1.1.2  hb9d3cd8_0            conda-forge      59kB
Doc Build and Upload	UNKNOWN STEP	2026-07-14T14:51:01.0874952Z   + xorg-libsm                                    1.2.6  he73a12e_0            conda-forge      28kB
Doc Build and Upload	UNKNOWN STEP	2026-07-14T14:51:01.0875361Z   + xorg-libx11                                  1.8.13  he1eb515_0            conda-forge     840kB
Doc Build and Upload	UNKNOWN STEP	2026-07-14T14:51:01.0875793Z   + xorg-libxau                                  1.0.12  hb03c661_1            conda-forge      15kB
Doc Build and Upload	UNKNOWN STEP	2026-07-14T14:51:01.0876229Z   + xorg-libxcomposite                            0.4.7  hb03c661_0            conda-forge      14kB
Doc Build and Upload	UNKNOWN STEP	2026-07-14T14:51:01.0876676Z   + xorg-libxcursor                               1.2.3  hb9d3cd8_0            conda-forge      33kB
Doc Build and Upload	UNKNOWN STEP	2026-07-14T14:51:01.0877106Z   + xorg-libxdamage                               1.1.6  hb9d3cd8_0            conda-forge      13kB
Doc Build and Upload	UNKNOWN STEP	2026-07-14T14:51:01.0877660Z   + xorg-libxdmcp                                 1.1.5  hb03c661_1            conda-forge      21kB
Doc Build and Upload	UNKNOWN STEP	2026-07-14T14:51:01.0878100Z   + xorg-libxext                                  1.3.7  hb03c661_0            conda-forge      50kB
Doc Build and Upload	UNKNOWN STEP	2026-07-14T14:51:01.0878529Z   + xorg-libxfixes                                6.0.2  hb03c661_0            conda-forge      20kB
Doc Build and Upload	UNKNOWN STEP	2026-07-14T14:51:01.0878946Z   + xorg-libxi                                    1.8.3  hb03c661_0            conda-forge      48kB
Doc Build and Upload	UNKNOWN STEP	2026-07-14T14:51:01.0879380Z   + xorg-libxrandr                                1.5.5  hb03c661_0            conda-forge      30kB
Doc Build and Upload	UNKNOWN STEP	2026-07-14T14:51:01.0879818Z   + xorg-libxrender                              0.9.12  hb9d3cd8_0            conda-forge      33kB
Doc Build and Upload	UNKNOWN STEP	2026-07-14T14:51:01.0880308Z   + xorg-libxshmfence                             1.3.3  hb9d3cd8_0            conda-forge      12kB
Doc Build and Upload	UNKNOWN STEP	2026-07-14T14:51:01.0880749Z   + xorg-libxtst                                  1.2.5  hb9d3cd8_3            conda-forge      33kB
Doc Build and Upload	UNKNOWN STEP	2026-07-14T14:51:01.0881177Z   + xorg-libxxf86vm                               1.1.7  hb03c661_0            conda-forge      19kB
Doc Build and Upload	UNKNOWN STEP	2026-07-14T14:51:01.0881607Z   + xorg-xorgproto                               2025.1  hb03c661_0            conda-forge     570kB
Doc Build and Upload	UNKNOWN STEP	2026-07-14T14:51:01.0882029Z   + yaml                                          0.2.5  h280c20c_3            conda-forge      85kB
Doc Build and Upload	UNKNOWN STEP	2026-07-14T14:51:01.0882444Z   + yarl                                         1.24.2  py311h3778330_0       conda-forge     157kB
Doc Build and Upload	UNKNOWN STEP	2026-07-14T14:51:01.0882833Z   + zeromq                                        4.3.5  h09e67af_11           conda-forge     311kB
Doc Build and Upload	UNKNOWN STEP	2026-07-14T14:51:01.0883193Z   + zipp                                          4.1.0  pyhcf101f3_0          conda-forge      24kB
Doc Build and Upload	UNKNOWN STEP	2026-07-14T14:51:01.0883652Z   + zlib                                          1.3.2  h25fd6f3_2            conda-forge      96kB
Doc Build and Upload	UNKNOWN STEP	2026-07-14T14:51:01.0884072Z   + zlib-ng                                       2.3.3  hceb46e0_1            conda-forge     123kB
Doc Build and Upload	UNKNOWN STEP	2026-07-14T14:51:01.0884486Z   + zstandard                                    0.25.0  py311haee01d2_1       conda-forge     467kB
Doc Build and Upload	UNKNOWN STEP	2026-07-14T14:51:01.0884893Z   + zstd                                          1.5.7  hb78ec9c_6            conda-forge     601kB
Doc Build and Upload	UNKNOWN STEP	2026-07-14T14:51:01.0885142Z 
Doc Build and Upload	UNKNOWN STEP	2026-07-14T14:51:01.0885253Z   Summary:
Doc Build and Upload	UNKNOWN STEP	2026-07-14T14:51:01.0885395Z 
Doc Build and Upload	UNKNOWN STEP	2026-07-14T14:51:01.0885526Z   Install: 551 packages
Doc Build and Upload	UNKNOWN STEP	2026-07-14T14:51:01.0885666Z 
Doc Build and Upload	UNKNOWN STEP	2026-07-14T14:51:01.0885782Z   Total download: 820MB
Doc Build and Upload	UNKNOWN STEP	2026-07-14T14:51:01.0885940Z 
Doc Build and Upload	UNKNOWN STEP	2026-07-14T14:51:01.0886419Z ──────────────────────────────────────────────────────────────────────────────────────────────────────
Doc Build and Upload	UNKNOWN STEP	2026-07-14T14:51:01.0886680Z 
Doc Build and Upload	UNKNOWN STEP	2026-07-14T14:51:01.0886689Z 
Doc Build and Upload	UNKNOWN STEP	2026-07-14T14:51:01.0886692Z 
Doc Build and Upload	UNKNOWN STEP	2026-07-14T14:51:01.0886819Z Transaction starting
Doc Build and Upload	UNKNOWN STEP	2026-07-14T14:51:19.0632446Z Linking libzlib-1.3.2-h25fd6f3_2
Doc Build and Upload	UNKNOWN STEP	2026-07-14T14:51:19.0635466Z Linking pandoc-3.10-ha770c72_0
Doc Build and Upload	UNKNOWN STEP	2026-07-14T14:51:19.0639706Z Linking libgomp-15.2.0-he0feb66_19
Doc Build and Upload	UNKNOWN STEP	2026-07-14T14:51:19.0644101Z Linking libopentelemetry-cpp-headers-1.27.0-ha770c72_0
Doc Build and Upload	UNKNOWN STEP	2026-07-14T14:51:19.0804976Z Linking libglvnd-1.7.0-ha4b6fd6_3
Doc Build and Upload	UNKNOWN STEP	2026-07-14T14:51:19.0809814Z Linking nlohmann_json-3.12.0-h54a6638_1
Doc Build and Upload	UNKNOWN STEP	2026-07-14T14:51:19.0827748Z Linking zstd-1.5.7-hb78ec9c_6
Doc Build and Upload	UNKNOWN STEP	2026-07-14T14:51:19.0836438Z Linking zlib-1.3.2-h25fd6f3_2
Doc Build and Upload	UNKNOWN STEP	2026-07-14T14:51:19.0841592Z Linking _openmp_mutex-4.5-20_gnu
Doc Build and Upload	UNKNOWN STEP	2026-07-14T14:51:19.0854649Z Linking libopengl-1.7.0-ha4b6fd6_3
Doc Build and Upload	UNKNOWN STEP	2026-07-14T14:51:19.0858061Z Linking libegl-1.7.0-ha4b6fd6_3
Doc Build and Upload	UNKNOWN STEP	2026-07-14T14:51:19.0863196Z Linking ld_impl_linux-64-2.45.1-default_hbd61a6d_102
Doc Build and Upload	UNKNOWN STEP	2026-07-14T14:51:19.1220477Z Linking libgcc-15.2.0-he0feb66_19
Doc Build and Upload	UNKNOWN STEP	2026-07-14T14:51:19.1227230Z Linking tk-8.6.13-noxft_h366c992_103
Doc Build and Upload	UNKNOWN STEP	2026-07-14T14:51:19.1969645Z Linking libffi-3.5.2-h3435931_0
Doc Build and Upload	UNKNOWN STEP	2026-07-14T14:51:19.1977225Z Linking libsqlite-3.53.3-h0c1763c_0
Doc Build and Upload	UNKNOWN STEP	2026-07-14T14:51:19.1982105Z Linking libsodium-1.0.22-h280c20c_1
Doc Build and Upload	UNKNOWN STEP	2026-07-14T14:51:19.2007137Z Linking xorg-xorgproto-2025.1-hb03c661_0
Doc Build and Upload	UNKNOWN STEP	2026-07-14T14:51:19.2070570Z Linking libogg-1.3.5-hd0c01bc_1
Doc Build and Upload	UNKNOWN STEP	2026-07-14T14:51:19.2097354Z Linking libiconv-1.18-h3b78370_2
Doc Build and Upload	UNKNOWN STEP	2026-07-14T14:51:19.2121288Z Linking libcap-2.78-hd0affe5_0
Doc Build and Upload	UNKNOWN STEP	2026-07-14T14:51:19.2148664Z Linking libdeflate-1.25-h17f619e_0
Doc Build and Upload	UNKNOWN STEP	2026-07-14T14:51:19.2155300Z Linking yaml-0.2.5-h280c20c_3
Doc Build and Upload	UNKNOWN STEP	2026-07-14T14:51:19.2159983Z Linking alsa-lib-1.2.16.1-hb03c661_0
Doc Build and Upload	UNKNOWN STEP	2026-07-14T14:51:19.2214763Z Linking xorg-libxshmfence-1.3.3-hb9d3cd8_0
Doc Build and Upload	UNKNOWN STEP	2026-07-14T14:51:19.2220281Z Linking libopus-1.6.1-h280c20c_0
Doc Build and Upload	UNKNOWN STEP	2026-07-14T14:51:19.2226111Z Linking libpciaccess-0.19-hb03c661_0
Doc Build and Upload	UNKNOWN STEP	2026-07-14T14:51:19.2231904Z Linking libjpeg-turbo-3.2.0-hb03c661_0
Doc Build and Upload	UNKNOWN STEP	2026-07-14T14:51:19.2246276Z Linking libbrotlicommon-1.2.0-hb03c661_1
Doc Build and Upload	UNKNOWN STEP	2026-07-14T14:51:19.2253755Z Linking libnsl-2.0.1-hb9d3cd8_1
Doc Build and Upload	UNKNOWN STEP	2026-07-14T14:51:19.2260753Z Linking libexpat-2.8.1-hecca717_1
Doc Build and Upload	UNKNOWN STEP	2026-07-14T14:51:19.2263738Z Linking bzip2-1.0.8-hda65f42_9
Doc Build and Upload	UNKNOWN STEP	2026-07-14T14:51:19.2272716Z Linking c-ares-1.34.6-hb03c661_0
Doc Build and Upload	UNKNOWN STEP	2026-07-14T14:51:19.2321944Z Linking libutf8proc-2.11.3-hfe17d71_0
Doc Build and Upload	UNKNOWN STEP	2026-07-14T14:51:19.2328121Z Linking aws-c-common-0.14.1-hb03c661_0
Doc Build and Upload	UNKNOWN STEP	2026-07-14T14:51:19.2358262Z Linking fribidi-1.0.16-hb03c661_0
Doc Build and Upload	UNKNOWN STEP	2026-07-14T14:51:19.2369165Z Linking libwebp-base-1.6.0-hd42ef1d_0
Doc Build and Upload	UNKNOWN STEP	2026-07-14T14:51:19.2383274Z Linking libpng-1.6.58-h421ea60_0
Doc Build and Upload	UNKNOWN STEP	2026-07-14T14:51:19.2393368Z Linking keyutils-1.6.3-hb9d3cd8_0
Doc Build and Upload	UNKNOWN STEP	2026-07-14T14:51:19.2415176Z Linking libntlm-1.8-hb9d3cd8_0
Doc Build and Upload	UNKNOWN STEP	2026-07-14T14:51:19.2420310Z Linking libgfortran5-15.2.0-h68bc16d_19
Doc Build and Upload	UNKNOWN STEP	2026-07-14T14:51:19.2424869Z Linking pthread-stubs-0.4-hb9d3cd8_1002
Doc Build and Upload	UNKNOWN STEP	2026-07-14T14:51:19.2428524Z Linking xorg-libxau-1.0.12-hb03c661_1
Doc Build and Upload	UNKNOWN STEP	2026-07-14T14:51:19.2433147Z Linking xorg-libxdmcp-1.1.5-hb03c661_1
Doc Build and Upload	UNKNOWN STEP	2026-07-14T14:51:19.2437925Z Linking libuuid-2.42.2-h5347b49_0
Doc Build and Upload	UNKNOWN STEP	2026-07-14T14:51:19.2444921Z Linking libstdcxx-15.2.0-h934c35e_19
Doc Build and Upload	UNKNOWN STEP	2026-07-14T14:51:19.2449417Z Linking libgcc-ng-15.2.0-h69a702a_19
Doc Build and Upload	UNKNOWN STEP	2026-07-14T14:51:19.2452373Z Linking liblzma-5.8.3-hb03c661_0
Doc Build and Upload	UNKNOWN STEP	2026-07-14T14:51:19.2455514Z Linking ncurses-6.6-hdb14827_0
Doc Build and Upload	UNKNOWN STEP	2026-07-14T14:51:20.2287375Z Linking xorg-libice-1.1.2-hb9d3cd8_0
Doc Build and Upload	UNKNOWN STEP	2026-07-14T14:51:20.2302110Z Linking libsystemd0-261.1-h6f4a2f1_0
Doc Build and Upload	UNKNOWN STEP	2026-07-14T14:51:20.2323272Z Linking libdrm-2.4.127-hb03c661_0
Doc Build and Upload	UNKNOWN STEP	2026-07-14T14:51:20.2347953Z Linking libbrotlidec-1.2.0-hb03c661_1
Doc Build and Upload	UNKNOWN STEP	2026-07-14T14:51:20.2352520Z Linking libbrotlienc-1.2.0-hb03c661_1
Doc Build and Upload	UNKNOWN STEP	2026-07-14T14:51:20.2356797Z Linking pcre2-10.47-haa7fec5_0
Doc Build and Upload	UNKNOWN STEP	2026-07-14T14:51:20.2425711Z Linking aws-checksums-0.2.10-haaf8e00_3
Doc Build and Upload	UNKNOWN STEP	2026-07-14T14:51:20.2432793Z Linking aws-c-compression-0.3.2-haaf8e00_3
Doc Build and Upload	UNKNOWN STEP	2026-07-14T14:51:20.2438406Z Linking aws-c-sdkutils-0.2.7-haaf8e00_1
Doc Build and Upload	UNKNOWN STEP	2026-07-14T14:51:20.2447046Z Linking libfreetype6-2.14.3-h73754d4_0
Doc Build and Upload	UNKNOWN STEP	2026-07-14T14:51:20.2451046Z Linking libgfortran-15.2.0-h69a702a_19
Doc Build and Upload	UNKNOWN STEP	2026-07-14T14:51:20.2453774Z Linking libxcb-1.17.0-h8a09558_0
Doc Build and Upload	UNKNOWN STEP	2026-07-14T14:51:20.2512764Z Linking pixman-0.46.4-h54a6638_1
Doc Build and Upload	UNKNOWN STEP	2026-07-14T14:51:20.2518265Z Linking libvorbis-1.3.7-h54a6638_2
Doc Build and Upload	UNKNOWN STEP	2026-07-14T14:51:20.2528067Z Linking libflac-1.5.0-he200343_1
Doc Build and Upload	UNKNOWN STEP	2026-07-14T14:51:20.2539751Z Linking gflags-2.2.2-h5888daf_1005
Doc Build and Upload	UNKNOWN STEP	2026-07-14T14:51:20.2548198Z Linking snappy-1.2.2-h03e3b7b_1
Doc Build and Upload	UNKNOWN STEP	2026-07-14T14:51:20.2555880Z Linking mpg123-1.32.9-hc50e24c_0
Doc Build and Upload	UNKNOWN STEP	2026-07-14T14:51:20.2568144Z Linking lerc-4.1.0-hdb68285_0
Doc Build and Upload	UNKNOWN STEP	2026-07-14T14:51:20.2572384Z Linking wayland-1.25.0-hd6090a7_0
Doc Build and Upload	UNKNOWN STEP	2026-07-14T14:51:20.2589331Z Linking double-conversion-3.4.0-hecca717_0
Doc Build and Upload	UNKNOWN STEP	2026-07-14T14:51:20.2598884Z Linking libabseil-20260107.1-cxx17_h7b12aa8_0
Doc Build and Upload	UNKNOWN STEP	2026-07-14T14:51:20.3053119Z Linking libaec-1.1.5-h088129d_0
Doc Build and Upload	UNKNOWN STEP	2026-07-14T14:51:20.3061814Z Linking graphite2-1.3.15-hecca717_0
Doc Build and Upload	UNKNOWN STEP	2026-07-14T14:51:20.3068545Z Linking libstdcxx-ng-15.2.0-hdf11a46_19
Doc Build and Upload	UNKNOWN STEP	2026-07-14T14:51:20.3072130Z Linking lz4-c-1.10.0-h5888daf_1
Doc Build and Upload	UNKNOWN STEP	2026-07-14T14:51:20.3081731Z Linking nspr-4.38-h29cc59b_0
Doc Build and Upload	UNKNOWN STEP	2026-07-14T14:51:20.3102078Z Linking libsanitizer-14.3.0-h8f1669f_19
Doc Build and Upload	UNKNOWN STEP	2026-07-14T14:51:20.3110369Z Linking icu-78.3-h33c6efd_0
Doc Build and Upload	UNKNOWN STEP	2026-07-14T14:51:20.3200322Z Linking ninja-1.13.2-h171cf75_0
Doc Build and Upload	UNKNOWN STEP	2026-07-14T14:51:20.3203936Z Linking zlib-ng-2.3.3-hceb46e0_1
Doc Build and Upload	UNKNOWN STEP	2026-07-14T14:51:20.3210793Z Linking libadbc-driver-sqlite-1.11.0-hcea63bf_0
Doc Build and Upload	UNKNOWN STEP	2026-07-14T14:51:20.3217921Z Linking libev-4.33-hd590300_2
Doc Build and Upload	UNKNOWN STEP	2026-07-14T14:51:20.3222637Z Linking lame-3.100-h166bdaf_1003
Doc Build and Upload	UNKNOWN STEP	2026-07-14T14:51:20.3231950Z Linking libxcrypt-4.4.36-hd590300_1
Doc Build and Upload	UNKNOWN STEP	2026-07-14T14:51:20.3239705Z Linking libedit-3.1.20250104-pl5321h7949ede_0
Doc Build and Upload	UNKNOWN STEP	2026-07-14T14:51:20.3261613Z Linking readline-8.3-h853b02a_0
Doc Build and Upload	UNKNOWN STEP	2026-07-14T14:51:20.3272609Z Linking xorg-libsm-1.2.6-he73a12e_0
Doc Build and Upload	UNKNOWN STEP	2026-07-14T14:51:20.3278033Z Linking brotli-bin-1.2.0-hb03c661_1
Doc Build and Upload	UNKNOWN STEP	2026-07-14T14:51:20.3281265Z Linking libglib-2.88.2-h0d30a3d_0
Doc Build and Upload	UNKNOWN STEP	2026-07-14T14:51:20.3484635Z Linking libfreetype-2.14.3-ha770c72_0
Doc Build and Upload	UNKNOWN STEP	2026-07-14T14:51:20.3488579Z Linking libopenblas-0.3.33-pthreads_h94d23a6_0
Doc Build and Upload	UNKNOWN STEP	2026-07-14T14:51:20.3492533Z Linking xcb-util-0.4.1-h4f16b4b_2
Doc Build and Upload	UNKNOWN STEP	2026-07-14T14:51:20.3500368Z Linking xorg-libx11-1.8.13-he1eb515_0
Doc Build and Upload	UNKNOWN STEP	2026-07-14T14:51:20.3585626Z Linking xcb-util-renderutil-0.3.10-hb711507_0
Doc Build and Upload	UNKNOWN STEP	2026-07-14T14:51:20.3591949Z Linking xcb-util-keysyms-0.4.1-hb711507_0
Doc Build and Upload	UNKNOWN STEP	2026-07-14T14:51:20.3597509Z Linking xcb-util-wm-0.4.2-hb711507_0
Doc Build and Upload	UNKNOWN STEP	2026-07-14T14:51:20.3604558Z Linking libtiff-4.7.2-h9d88235_0
Doc Build and Upload	UNKNOWN STEP	2026-07-14T14:51:20.3616206Z Linking libprotobuf-6.33.5-h538a264_2
Doc Build and Upload	UNKNOWN STEP	2026-07-14T14:51:20.3713883Z Linking libre2-11-2025.11.05-h0dc7533_1
Doc Build and Upload	UNKNOWN STEP	2026-07-14T14:51:20.3718797Z Linking libcrc32c-1.1.2-h9c3ff4c_0
Doc Build and Upload	UNKNOWN STEP	2026-07-14T14:51:20.3724470Z Linking glog-0.7.1-hbabe93e_0
Doc Build and Upload	UNKNOWN STEP	2026-07-14T14:51:20.3732103Z Linking qhull-2020.2-h434a139_5
Doc Build and Upload	UNKNOWN STEP	2026-07-14T14:51:20.3767970Z Linking blosc-1.21.6-he440d0b_1
Doc Build and Upload	UNKNOWN STEP	2026-07-14T14:51:20.3774633Z Linking nss-3.118-h445c969_0
Doc Build and Upload	UNKNOWN STEP	2026-07-14T14:51:20.3847624Z Linking libpsl-0.22.0-h49b2146_1
Doc Build and Upload	UNKNOWN STEP	2026-07-14T14:51:20.3852998Z Linking libxml2-16-2.15.3-hca6bf5a_0
Doc Build and Upload	UNKNOWN STEP	2026-07-14T14:51:20.3872223Z Linking c-blosc2-3.2.1-hc31b594_0
Doc Build and Upload	UNKNOWN STEP	2026-07-14T14:51:20.3882740Z Linking libsndfile-1.2.2-hc7d488a_2
Doc Build and Upload	UNKNOWN STEP	2026-07-14T14:51:20.3896943Z Linking brotli-1.2.0-hed03a55_1
Doc Build and Upload	UNKNOWN STEP	2026-07-14T14:51:20.3901753Z Linking dbus-1.16.2-h24cb091_1
Doc Build and Upload	UNKNOWN STEP	2026-07-14T14:51:20.3932221Z Linking glib-tools-2.88.2-h8094192_0
Doc Build and Upload	UNKNOWN STEP	2026-07-14T14:51:20.3980794Z Linking fontconfig-2.18.1-h27c8c51_0
Doc Build and Upload	UNKNOWN STEP	2026-07-14T14:51:20.4024775Z Linking freetype-2.14.3-ha770c72_0
Doc Build and Upload	UNKNOWN STEP	2026-07-14T14:51:20.4049525Z Linking libblas-3.11.0-8_h4a7cf45_openblas
Doc Build and Upload	UNKNOWN STEP	2026-07-14T14:51:20.4559713Z Linking xcb-util-image-0.4.0-hb711507_2
Doc Build and Upload	UNKNOWN STEP	2026-07-14T14:51:20.4565472Z Linking xkeyboard-config-2.48-h280c20c_0
Doc Build and Upload	UNKNOWN STEP	2026-07-14T14:51:20.4651573Z Linking libglx-1.7.0-ha4b6fd6_3
Doc Build and Upload	UNKNOWN STEP	2026-07-14T14:51:20.4656047Z Linking xorg-libxrender-0.9.12-hb9d3cd8_0
Doc Build and Upload	UNKNOWN STEP	2026-07-14T14:51:20.4661317Z Linking xorg-libxext-1.3.7-hb03c661_0
Doc Build and Upload	UNKNOWN STEP	2026-07-14T14:51:20.4670280Z Linking xorg-libxfixes-6.0.2-hb03c661_0
Doc Build and Upload	UNKNOWN STEP	2026-07-14T14:51:20.4675293Z Linking lcms2-2.19.1-h0c24ade_1
Doc Build and Upload	UNKNOWN STEP	2026-07-14T14:51:20.4682712Z Linking openjpeg-2.5.4-h55fea9a_0
Doc Build and Upload	UNKNOWN STEP	2026-07-14T14:51:20.4690209Z Linking re2-2025.11.05-h5301d42_1
Doc Build and Upload	UNKNOWN STEP	2026-07-14T14:51:20.4700217Z Linking libxml2-2.15.3-h49c6c72_0
Doc Build and Upload	UNKNOWN STEP	2026-07-14T14:51:20.4705951Z Linking pulseaudio-client-17.0-h9a6aba3_3
Doc Build and Upload	UNKNOWN STEP	2026-07-14T14:51:20.4767749Z Linking libcblas-3.11.0-8_h0358290_openblas
Doc Build and Upload	UNKNOWN STEP	2026-07-14T14:51:20.5274898Z Linking liblapack-3.11.0-8_h47877c9_openblas
Doc Build and Upload	UNKNOWN STEP	2026-07-14T14:51:20.5775616Z Linking xcb-util-cursor-0.1.6-hb03c661_0
Doc Build and Upload	UNKNOWN STEP	2026-07-14T14:51:20.5783601Z Linking libglx-devel-1.7.0-ha4b6fd6_3
Doc Build and Upload	UNKNOWN STEP	2026-07-14T14:51:20.5790084Z Linking libgl-1.7.0-ha4b6fd6_3
Doc Build and Upload	UNKNOWN STEP	2026-07-14T14:51:20.5792196Z Linking xorg-libxrandr-1.5.5-hb03c661_0
Doc Build and Upload	UNKNOWN STEP	2026-07-14T14:51:20.5798454Z Linking xorg-libxxf86vm-1.1.7-hb03c661_0
Doc Build and Upload	UNKNOWN STEP	2026-07-14T14:51:20.5803172Z Linking xorg-libxi-1.8.3-hb03c661_0
Doc Build and Upload	UNKNOWN STEP	2026-07-14T14:51:20.5806327Z Linking xorg-libxcursor-1.2.3-hb9d3cd8_0
Doc Build and Upload	UNKNOWN STEP	2026-07-14T14:51:20.5812834Z Linking xorg-libxcomposite-0.4.7-hb03c661_0
Doc Build and Upload	UNKNOWN STEP	2026-07-14T14:51:20.5817516Z Linking xorg-libxdamage-1.1.6-hb9d3cd8_0
Doc Build and Upload	UNKNOWN STEP	2026-07-14T14:51:20.5822359Z Linking libxkbcommon-1.13.2-hca5e8e5_0
Doc Build and Upload	UNKNOWN STEP	2026-07-14T14:51:20.5868435Z Linking libllvm22-22.1.8-hf7376ad_1
Doc Build and Upload	UNKNOWN STEP	2026-07-14T14:51:20.5872911Z Linking libxslt-1.1.43-h711ed8c_1
Doc Build and Upload	UNKNOWN STEP	2026-07-14T14:51:20.5902526Z Linking libgl-devel-1.7.0-ha4b6fd6_3
Doc Build and Upload	UNKNOWN STEP	2026-07-14T14:51:20.5912566Z Linking libvulkan-loader-1.4.341.0-h5279c79_0
Doc Build and Upload	UNKNOWN STEP	2026-07-14T14:51:20.6095127Z Linking xorg-libxtst-1.2.5-hb9d3cd8_3
Doc Build and Upload	UNKNOWN STEP	2026-07-14T14:51:20.6101176Z Linking libclang-cpp22.1-22.1.8-default_h6c227bf_3
Doc Build and Upload	UNKNOWN STEP	2026-07-14T14:51:20.6104945Z Linking libegl-devel-1.7.0-ha4b6fd6_3
Doc Build and Upload	UNKNOWN STEP	2026-07-14T14:51:20.6110832Z Linking libclang13-22.1.8-default_h9692865_3
Doc Build and Upload	UNKNOWN STEP	2026-07-14T14:51:20.6114486Z Linking nomkl-1.0-h5ca1d4c_0
Doc Build and Upload	UNKNOWN STEP	2026-07-14T14:51:20.6116548Z Linking python_abi-3.11-8_cp311
Doc Build and Upload	UNKNOWN STEP	2026-07-14T14:51:20.6119194Z Linking libgcc-devel_linux-64-14.3.0-hf649bbc_119
Doc Build and Upload	UNKNOWN STEP	2026-07-14T14:51:20.6127044Z Linking libstdcxx-devel_linux-64-14.3.0-h9f08a49_119
Doc Build and Upload	UNKNOWN STEP	2026-07-14T14:51:20.6395222Z Linking ca-certificates-2026.6.17-hbd8a1cb_0
Doc Build and Upload	UNKNOWN STEP	2026-07-14T14:51:20.6403463Z Linking tzdata-2025c-hc9c84f9_1
Doc Build and Upload	UNKNOWN STEP	2026-07-14T14:51:20.6545545Z Linking kernel-headers_linux-64-6.12.0-he073ed8_6
Doc Build and Upload	UNKNOWN STEP	2026-07-14T14:51:20.6851784Z Linking font-ttf-dejavu-sans-mono-2.37-hab24e00_0
Doc Build and Upload	UNKNOWN STEP	2026-07-14T14:51:20.6858237Z Linking font-ttf-inconsolata-3.000-h77eed37_0
Doc Build and Upload	UNKNOWN STEP	2026-07-14T14:51:20.6861805Z Linking font-ttf-source-code-pro-2.038-h77eed37_0
Doc Build and Upload	UNKNOWN STEP	2026-07-14T14:51:20.6876730Z Linking font-ttf-ubuntu-0.83-h77eed37_3
Doc Build and Upload	UNKNOWN STEP	2026-07-14T14:51:20.6877343Z Linking sysroot_linux-64-2.39-hc4b9eeb_6
Doc Build and Upload	UNKNOWN STEP	2026-07-14T14:51:20.9452426Z Linking fonts-conda-forge-1-hc364b38_1
Doc Build and Upload	UNKNOWN STEP	2026-07-14T14:51:20.9456303Z Linking fonts-conda-ecosystem-1-0
Doc Build and Upload	UNKNOWN STEP	2026-07-14T14:51:20.9459114Z Linking openssl-3.6.3-h35e630c_0
Doc Build and Upload	UNKNOWN STEP	2026-07-14T14:51:20.9601553Z Linking orc-2.3.0-h21090e2_0
Doc Build and Upload	UNKNOWN STEP	2026-07-14T14:51:20.9614262Z Linking binutils_impl_linux-64-2.45.1-default_hfdba357_102
Doc Build and Upload	UNKNOWN STEP	2026-07-14T14:51:20.9712626Z Linking cairo-1.18.4-he90730b_1
Doc Build and Upload	UNKNOWN STEP	2026-07-14T14:51:20.9732997Z Linking libssh2-1.11.1-hcf80075_0
Doc Build and Upload	UNKNOWN STEP	2026-07-14T14:51:20.9793637Z Linking s2n-1.7.5-h7e3ee7f_1
Doc Build and Upload	UNKNOWN STEP	2026-07-14T14:51:20.9802800Z Linking libnghttp2-1.68.1-h877daf1_0
Doc Build and Upload	UNKNOWN STEP	2026-07-14T14:51:20.9809000Z Linking libevent-2.1.12-hf998b51_1
Doc Build and Upload	UNKNOWN STEP	2026-07-14T14:51:20.9833318Z Linking libgrpc-1.78.1-h1d1128b_0
Doc Build and Upload	UNKNOWN STEP	2026-07-14T14:51:20.9956564Z Linking aws-c-cal-0.9.14-h6e18c7b_3
Doc Build and Upload	UNKNOWN STEP	2026-07-14T14:51:20.9966866Z Linking krb5-1.22.2-hbde042b_1
Doc Build and Upload	UNKNOWN STEP	2026-07-14T14:51:21.0055538Z Linking python-3.11.15-h7508c33_1_cpython
Doc Build and Upload	UNKNOWN STEP	2026-07-14T14:51:21.4315171Z Linking binutils_linux-64-2.45.1-default_h4852527_102
Doc Build and Upload	UNKNOWN STEP	2026-07-14T14:51:21.4327369Z Linking binutils-2.45.1-default_h4852527_102
Doc Build and Upload	UNKNOWN STEP	2026-07-14T14:51:21.4480313Z Linking gcc_impl_linux-64-14.3.0-h235f0fe_19
Doc Build and Upload	UNKNOWN STEP	2026-07-14T14:51:21.5161395Z Linking libharfbuzz-14.2.1-h17a8019_1
Doc Build and Upload	UNKNOWN STEP	2026-07-14T14:51:21.5174604Z Linking libthrift-0.22.0-h7d032f7_2
Doc Build and Upload	UNKNOWN STEP	2026-07-14T14:51:21.5221806Z Linking aws-c-io-0.26.3-ha0b0e19_6
Doc Build and Upload	UNKNOWN STEP	2026-07-14T14:51:21.5238241Z Linking zeromq-4.3.5-h09e67af_11
Doc Build and Upload	UNKNOWN STEP	2026-07-14T14:51:21.5245504Z Linking libcurl-8.21.0-hae6b9f4_2
Doc Build and Upload	UNKNOWN STEP	2026-07-14T14:51:21.5268113Z Linking libcups-2.3.3-h7a8fb5f_6
Doc Build and Upload	UNKNOWN STEP	2026-07-14T14:51:21.5312097Z Linking cyrus-sasl-2.1.28-hac629b4_1
Doc Build and Upload	UNKNOWN STEP	2026-07-14T14:51:21.5344899Z Linking ruamel.yaml.clib-0.2.15-py311haee01d2_1
Doc Build and Upload	UNKNOWN STEP	2026-07-14T14:51:21.5350642Z Linking google-crc32c-1.8.0-py311h2702b87_1
Doc Build and Upload	UNKNOWN STEP	2026-07-14T14:51:21.5359897Z Linking wrapt-2.2.2-py311h49ec1c0_0
Doc Build and Upload	UNKNOWN STEP	2026-07-14T14:51:21.5372281Z Linking backports.zstd-1.6.0-py311h6b1f9c4_0
Doc Build and Upload	UNKNOWN STEP	2026-07-14T14:51:21.5390515Z Linking protobuf-6.33.5-py311h3f0a9aa_2
Doc Build and Upload	UNKNOWN STEP	2026-07-14T14:51:21.5427485Z Linking rpds-py-2026.6.3-py311h1baac5b_0
Doc Build and Upload	UNKNOWN STEP	2026-07-14T14:51:21.5436649Z Linking lazy-object-proxy-1.12.0-py311h49ec1c0_1
Doc Build and Upload	UNKNOWN STEP	2026-07-14T14:51:21.5446182Z Linking cramjam-2.11.0-py311hc665cac_2
Doc Build and Upload	UNKNOWN STEP	2026-07-14T14:51:21.5452368Z Linking brotli-python-1.2.0-py311h66f275b_1
Doc Build and Upload	UNKNOWN STEP	2026-07-14T14:51:21.5458696Z Linking unicodedata2-17.0.1-py311h49ec1c0_0
Doc Build and Upload	UNKNOWN STEP	2026-07-14T14:51:21.5464179Z Linking propcache-0.5.2-py311h3778330_0
Doc Build and Upload	UNKNOWN STEP	2026-07-14T14:51:21.5472709Z Linking frozenlist-1.8.0-py311h52bc045_0
Doc Build and Upload	UNKNOWN STEP	2026-07-14T14:51:21.5482024Z Linking multidict-6.7.1-py311h3778330_0
Doc Build and Upload	UNKNOWN STEP	2026-07-14T14:51:21.5489640Z Linking kiwisolver-1.5.0-py311h724c32c_0
Doc Build and Upload	UNKNOWN STEP	2026-07-14T14:51:21.5496988Z Linking pillow-12.3.0-py311hf88fc01_0
Doc Build and Upload	UNKNOWN STEP	2026-07-14T14:51:21.5559278Z Linking greenlet-3.5.3-py311hc665b79_0
Doc Build and Upload	UNKNOWN STEP	2026-07-14T14:51:21.5597421Z Linking llvmlite-0.47.0-py311h41a00d4_1
Doc Build and Upload	UNKNOWN STEP	2026-07-14T14:51:21.5623416Z Linking pyroaring-1.0.4-py311h1ddb823_0
Doc Build and Upload	UNKNOWN STEP	2026-07-14T14:51:21.5630308Z Linking mmh3-5.2.1-py311h1ddb823_0
Doc Build and Upload	UNKNOWN STEP	2026-07-14T14:51:21.5636779Z Linking markupsafe-3.0.3-py311h3778330_1
Doc Build and Upload	UNKNOWN STEP	2026-07-14T14:51:21.5644649Z Linking debugpy-1.8.21-py311hc665b79_0
Doc Build and Upload	UNKNOWN STEP	2026-07-14T14:51:21.5816735Z Linking tornado-6.5.7-py311h49ec1c0_0
Doc Build and Upload	UNKNOWN STEP	2026-07-14T14:51:21.5868665Z Linking psutil-7.2.2-py311haee01d2_0
Doc Build and Upload	UNKNOWN STEP	2026-07-14T14:51:21.5880229Z Linking pyyaml-6.0.3-py311h3778330_1
Doc Build and Upload	UNKNOWN STEP	2026-07-14T14:51:21.5895470Z Linking python-calamine-0.6.1-py311hc8fb587_0
Doc Build and Upload	UNKNOWN STEP	2026-07-14T14:51:21.5902898Z Linking numpy-2.4.6-py311h2e04523_0
Doc Build and Upload	UNKNOWN STEP	2026-07-14T14:51:21.6342624Z Linking lxml-6.1.1-py311h8840267_0
Doc Build and Upload	UNKNOWN STEP	2026-07-14T14:51:21.6386881Z Linking cython-3.2.8-py311h0daaf2c_0
Doc Build and Upload	UNKNOWN STEP	2026-07-14T14:51:21.6520861Z Linking adbc-driver-manager-1.11.0-py311h1ddb823_0
Doc Build and Upload	UNKNOWN STEP	2026-07-14T14:51:21.6549489Z Linking conda-gcc-specs-14.3.0-he8ccf15_19
Doc Build and Upload	UNKNOWN STEP	2026-07-14T14:51:21.6553475Z Linking gxx_impl_linux-64-14.3.0-h2185e75_19
Doc Build and Upload	UNKNOWN STEP	2026-07-14T14:51:21.6559630Z Linking gcc_linux-64-14.3.0-h50e9bb6_27
Doc Build and Upload	UNKNOWN STEP	2026-07-14T14:51:21.6564948Z Linking libharfbuzz-devel-14.2.1-h17a8019_1
Doc Build and Upload	UNKNOWN STEP	2026-07-14T14:51:21.6589291Z Linking libraqm-0.10.5-h6406941_1
Doc Build and Upload	UNKNOWN STEP	2026-07-14T14:51:21.6594443Z Linking aws-c-event-stream-0.7.1-h31346e9_3
Doc Build and Upload	UNKNOWN STEP	2026-07-14T14:51:21.6603331Z Linking aws-c-http-0.11.0-h434eaf2_3
Doc Build and Upload	UNKNOWN STEP	2026-07-14T14:51:21.6617141Z Linking pyzmq-27.1.0-py311hca8cfc1_3
Doc Build and Upload	UNKNOWN STEP	2026-07-14T14:51:21.6667026Z Linking prometheus-cpp-1.3.0-ha5d0236_0
Doc Build and Upload	UNKNOWN STEP	2026-07-14T14:51:21.6685598Z Linking azure-core-cpp-1.16.3-h206d751_0
Doc Build and Upload	UNKNOWN STEP	2026-07-14T14:51:21.6706138Z Linking openldap-2.6.13-hbde042b_0
Doc Build and Upload	UNKNOWN STEP	2026-07-14T14:51:21.6951696Z Linking contourpy-1.3.3-py311h724c32c_4
Doc Build and Upload	UNKNOWN STEP	2026-07-14T14:51:21.6969799Z Linking scipy-1.17.1-py311hbe70eeb_1
Doc Build and Upload	UNKNOWN STEP	2026-07-14T14:51:21.9273550Z Linking numexpr-2.14.1-py311h3143de2_102
Doc Build and Upload	UNKNOWN STEP	2026-07-14T14:51:21.9295976Z Linking numba-0.65.1-py311h3c884d5_1
Doc Build and Upload	UNKNOWN STEP	2026-07-14T14:51:21.9734166Z Linking bottleneck-1.6.0-np2py311h50facf7_3
Doc Build and Upload	UNKNOWN STEP	2026-07-14T14:51:21.9765175Z Linking gcc-14.3.0-h0dff253_19
Doc Build and Upload	UNKNOWN STEP	2026-07-14T14:51:21.9828674Z Linking gxx_linux-64-14.3.0-hd240bd5_27
Doc Build and Upload	UNKNOWN STEP	2026-07-14T14:51:21.9834085Z Linking harfbuzz-14.2.1-ha770c72_1
Doc Build and Upload	UNKNOWN STEP	2026-07-14T14:51:21.9836856Z Linking aws-c-mqtt-0.16.0-h4976820_1
Doc Build and Upload	UNKNOWN STEP	2026-07-14T14:51:21.9855289Z Linking aws-c-auth-0.10.3-hdc83ae9_4
Doc Build and Upload	UNKNOWN STEP	2026-07-14T14:51:21.9866172Z Linking libopentelemetry-cpp-1.27.0-h9692893_0
Doc Build and Upload	UNKNOWN STEP	2026-07-14T14:51:21.9894541Z Linking azure-storage-common-cpp-12.14.0-hf596fc9_1
Doc Build and Upload	UNKNOWN STEP	2026-07-14T14:51:21.9906758Z Linking azure-identity-cpp-1.13.3-h71f81a8_2
Doc Build and Upload	UNKNOWN STEP	2026-07-14T14:51:21.9916147Z Linking libpq-18.4-hd5a49e9_1
Doc Build and Upload	UNKNOWN STEP	2026-07-14T14:51:22.0238715Z Linking gxx-14.3.0-he448592_7
Doc Build and Upload	UNKNOWN STEP	2026-07-14T14:51:22.0270571Z Linking c-compiler-1.11.0-h4d9bdce_0
Doc Build and Upload	UNKNOWN STEP	2026-07-14T14:51:22.0272149Z Linking pango-1.56.4-hda50119_1
Doc Build and Upload	UNKNOWN STEP	2026-07-14T14:51:22.0302718Z Linking aws-c-s3-0.12.6-hd767fb6_1
Doc Build and Upload	UNKNOWN STEP	2026-07-14T14:51:22.0312197Z Linking libgoogle-cloud-3.6.0-h8d2ee43_0
Doc Build and Upload	UNKNOWN STEP	2026-07-14T14:51:22.0468218Z Linking azure-storage-blobs-cpp-12.18.0-h74b55db_1
Doc Build and Upload	UNKNOWN STEP	2026-07-14T14:51:22.0478678Z Linking qt6-main-6.11.1-pl5321h16c4a6b_1
Doc Build and Upload	UNKNOWN STEP	2026-07-14T14:51:23.1746457Z Linking psycopg2-2.9.12-py311h71af7b3_0
Doc Build and Upload	UNKNOWN STEP	2026-07-14T14:51:23.2269291Z Linking libadbc-driver-postgresql-1.11.0-hedb09cf_0
Doc Build and Upload	UNKNOWN STEP	2026-07-14T14:51:23.2414860Z Linking cxx-compiler-1.11.0-hfcd1e18_0
Doc Build and Upload	UNKNOWN STEP	2026-07-14T14:51:23.2417992Z Linking aws-crt-cpp-0.40.1-h085388a_2
Doc Build and Upload	UNKNOWN STEP	2026-07-14T14:51:23.2450011Z Linking hdf5-2.1.0-nompi_hc8ae080_109
Doc Build and Upload	UNKNOWN STEP	2026-07-14T14:51:23.2606554Z Linking libgoogle-cloud-storage-3.6.0-hdbdcf42_0
Doc Build and Upload	UNKNOWN STEP	2026-07-14T14:51:23.2611622Z Linking azure-storage-files-datalake-cpp-12.16.0-h1f05bef_1
Doc Build and Upload	UNKNOWN STEP	2026-07-14T14:51:23.2622041Z Linking pyside6-6.11.1-py311hf27b23e_1
Doc Build and Upload	UNKNOWN STEP	2026-07-14T14:51:23.2785149Z Linking aws-sdk-cpp-1.11.833-h799c9a6_8
Doc Build and Upload	UNKNOWN STEP	2026-07-14T14:51:23.3413397Z Linking libarrow-23.0.1-h3e48024_16_cpu
Doc Build and Upload	UNKNOWN STEP	2026-07-14T14:51:23.3812756Z Linking libarrow-compute-23.0.1-h53684a4_16_cpu
Doc Build and Upload	UNKNOWN STEP	2026-07-14T14:51:23.3820123Z Linking libparquet-23.0.1-h7376487_16_cpu
Doc Build and Upload	UNKNOWN STEP	2026-07-14T14:51:23.3842146Z Linking libarrow-acero-23.0.1-h635bf11_16_cpu
Doc Build and Upload	UNKNOWN STEP	2026-07-14T14:51:23.3848628Z Linking pyarrow-core-23.0.1-py311h66caee6_0_cpu
Doc Build and Upload	UNKNOWN STEP	2026-07-14T14:51:23.4275361Z Linking libarrow-dataset-23.0.1-h635bf11_16_cpu
Doc Build and Upload	UNKNOWN STEP	2026-07-14T14:51:23.4283690Z Linking libarrow-substrait-23.0.1-hb4dd7c2_16_cpu
Doc Build and Upload	UNKNOWN STEP	2026-07-14T14:51:23.4290127Z Linking pyarrow-23.0.1-py311h38be061_0
Doc Build and Upload	UNKNOWN STEP	2026-07-14T14:51:23.4293198Z Linking mdurl-0.1.2-pyhd8ed1ab_1
Doc Build and Upload	UNKNOWN STEP	2026-07-14T14:51:23.4882921Z Linking itsdangerous-2.2.0-pyhd8ed1ab_1
Doc Build and Upload	UNKNOWN STEP	2026-07-14T14:51:23.4892761Z Linking cached_property-1.5.2-pyha770c72_2
Doc Build and Upload	UNKNOWN STEP	2026-07-14T14:51:23.4899219Z Linking python-tzdata-2026.3-pyhd8ed1ab_0
Doc Build and Upload	UNKNOWN STEP	2026-07-14T14:51:23.5096019Z Linking lark-1.3.1-pyhd8ed1ab_0
Doc Build and Upload	UNKNOWN STEP	2026-07-14T14:51:23.5116274Z Linking sniffio-1.3.1-pyhd8ed1ab_2
Doc Build and Upload	UNKNOWN STEP	2026-07-14T14:51:23.5124629Z Linking distlib-0.4.3-pyhcf101f3_0
Doc Build and Upload	UNKNOWN STEP	2026-07-14T14:51:23.5136080Z Linking filelock-3.29.7-pyhd8ed1ab_0
Doc Build and Upload	UNKNOWN STEP	2026-07-14T14:51:23.5146670Z Linking typing_utils-0.1.0-pyhd8ed1ab_1
Doc Build and Upload	UNKNOWN STEP	2026-07-14T14:51:23.5153154Z Linking uri-template-1.3.0-pyhd8ed1ab_1
Doc Build and Upload	UNKNOWN STEP	2026-07-14T14:51:23.5161732Z Linking webcolors-25.10.0-pyhd8ed1ab_0
Doc Build and Upload	UNKNOWN STEP	2026-07-14T14:51:23.5169754Z Linking jsonpointer-3.1.1-pyhcf101f3_0
Doc Build and Upload	UNKNOWN STEP	2026-07-14T14:51:23.5177245Z Linking soupsieve-2.8.4-pyhd8ed1ab_0
Doc Build and Upload	UNKNOWN STEP	2026-07-14T14:51:23.5185275Z Linking pyasn1-0.6.4-pyhcf101f3_0
Doc Build and Upload	UNKNOWN STEP	2026-07-14T14:51:23.5202559Z Linking ptyprocess-0.7.0-pyhd8ed1ab_1
Doc Build and Upload	UNKNOWN STEP	2026-07-14T14:51:23.5209921Z Linking cfgv-3.5.0-pyhd8ed1ab_0
Doc Build and Upload	UNKNOWN STEP	2026-07-14T14:51:23.5215800Z Linking hpack-4.2.0-pyhd8ed1ab_0
Doc Build and Upload	UNKNOWN STEP	2026-07-14T14:51:23.5224097Z Linking smmap-5.0.3-pyhcf101f3_1
Doc Build and Upload	UNKNOWN STEP	2026-07-14T14:51:23.5233311Z Linking execnet-2.1.2-pyhd8ed1ab_0
Doc Build and Upload	UNKNOWN STEP	2026-07-14T14:51:23.5244369Z Linking jmespath-1.1.0-pyhcf101f3_1
Doc Build and Upload	UNKNOWN STEP	2026-07-14T14:51:23.5253334Z Linking blinker-1.9.0-pyhff2d567_0
Doc Build and Upload	UNKNOWN STEP	2026-07-14T14:51:23.5260240Z Linking wcwidth-0.8.2-pyhd8ed1ab_0
Doc Build and Upload	UNKNOWN STEP	2026-07-14T14:51:23.5281611Z Linking rfc3986-validator-0.1.1-pyh9f0ad1d_0
Doc Build and Upload	UNKNOWN STEP	2026-07-14T14:51:23.5288965Z Linking prometheus_client-0.25.0-pyhd8ed1ab_0
Doc Build and Upload	UNKNOWN STEP	2026-07-14T14:51:23.5306313Z Linking websocket-client-1.9.0-pyhd8ed1ab_0
Doc Build and Upload	UNKNOWN STEP	2026-07-14T14:51:23.5324840Z Linking send2trash-2.1.0-pyha191276_1
Doc Build and Upload	UNKNOWN STEP	2026-07-14T14:51:23.5339005Z Linking python-dotenv-1.2.2-pyhcf101f3_0
Doc Build and Upload	UNKNOWN STEP	2026-07-14T14:51:23.5348955Z Linking pysocks-1.7.1-pyha55dd90_7
Doc Build and Upload	UNKNOWN STEP	2026-07-14T14:51:23.5355517Z Linking hyperframe-6.1.0-pyhd8ed1ab_0
Doc Build and Upload	UNKNOWN STEP	2026-07-14T14:51:23.5368364Z Linking locket-1.0.0-pyhd8ed1ab_0
Doc Build and Upload	UNKNOWN STEP	2026-07-14T14:51:23.5372134Z Linking parso-0.8.7-pyhcf101f3_0
Doc Build and Upload	UNKNOWN STEP	2026-07-14T14:51:23.5387173Z Linking pure_eval-0.2.3-pyhd8ed1ab_1
Doc Build and Upload	UNKNOWN STEP	2026-07-14T14:51:23.5394548Z Linking executing-2.2.1-pyhd8ed1ab_0
Doc Build and Upload	UNKNOWN STEP	2026-07-14T14:51:23.5403048Z Linking asttokens-3.0.2-pyhd8ed1ab_0
Doc Build and Upload	UNKNOWN STEP	2026-07-14T14:51:23.5417358Z Linking toml-0.10.2-pyhcf101f3_3
Doc Build and Upload	UNKNOWN STEP	2026-07-14T14:51:23.5426124Z Linking ply-3.11-pyhd8ed1ab_3
Doc Build and Upload	UNKNOWN STEP	2026-07-14T14:51:23.5436139Z Linking munkres-1.1.4-pyhd8ed1ab_1
Doc Build and Upload	UNKNOWN STEP	2026-07-14T14:51:23.5441818Z Linking aiohappyeyeballs-2.7.1-pyhd8ed1ab_0
Doc Build and Upload	UNKNOWN STEP	2026-07-14T14:51:23.5487994Z Linking py-cpuinfo-9.0.0-pyhd8ed1ab_1
Doc Build and Upload	UNKNOWN STEP	2026-07-14T14:51:23.5489389Z Linking cycler-0.12.1-pyhcf101f3_2
Doc Build and Upload	UNKNOWN STEP	2026-07-14T14:51:23.5505503Z Linking et_xmlfile-2.0.0-pyhd8ed1ab_1
Doc Build and Upload	UNKNOWN STEP	2026-07-14T14:51:23.5509890Z Linking pycparser-3.0-pyhcf101f3_0
Doc Build and Upload	UNKNOWN STEP	2026-07-14T14:51:23.5547013Z Linking mypy_extensions-1.1.0-pyha770c72_0
Doc Build and Upload	UNKNOWN STEP	2026-07-14T14:51:23.5559332Z Linking pathspec-1.1.1-pyhd8ed1ab_0
Doc Build and Upload	UNKNOWN STEP	2026-07-14T14:51:23.5586759Z Linking narwhals-2.24.0-pyhcf101f3_0
Doc Build and Upload	UNKNOWN STEP	2026-07-14T14:51:23.5718396Z Linking sortedcontainers-2.4.0-pyhd8ed1ab_1
Doc Build and Upload	UNKNOWN STEP	2026-07-14T14:51:23.5723645Z Linking pyparsing-3.3.2-pyhcf101f3_0
Doc Build and Upload	UNKNOWN STEP	2026-07-14T14:51:23.5724333Z Linking cachetools-6.2.6-pyhd8ed1ab_0
Doc Build and Upload	UNKNOWN STEP	2026-07-14T14:51:23.5738217Z Linking tenacity-9.1.4-pyhcf101f3_0
Doc Build and Upload	UNKNOWN STEP	2026-07-14T14:51:23.5768337Z Linking pympler-1.1-pyhd8ed1ab_1
Doc Build and Upload	UNKNOWN STEP	2026-07-14T14:51:23.5817376Z Linking toolz-1.1.0-pyhd8ed1ab_1
Doc Build and Upload	UNKNOWN STEP	2026-07-14T14:51:23.5848146Z Linking cloudpickle-3.1.2-pyhcf101f3_1
Doc Build and Upload	UNKNOWN STEP	2026-07-14T14:51:23.5878357Z Linking click-8.4.2-pyhc90fa1f_0
Doc Build and Upload	UNKNOWN STEP	2026-07-14T14:51:23.5879035Z Linking setuptools-83.0.0-pyh332efcf_0
Doc Build and Upload	UNKNOWN STEP	2026-07-14T14:51:23.6118288Z Linking decorator-5.3.1-pyhd8ed1ab_0
Doc Build and Upload	UNKNOWN STEP	2026-07-14T14:51:23.6148194Z Linking alabaster-1.0.0-pyhd8ed1ab_1
Doc Build and Upload	UNKNOWN STEP	2026-07-14T14:51:23.6152903Z Linking sphinxcontrib-jsmath-1.0.1-pyhd8ed1ab_1
Doc Build and Upload	UNKNOWN STEP	2026-07-14T14:51:23.6178343Z Linking imagesize-2.0.0-pyhd8ed1ab_0
Doc Build and Upload	UNKNOWN STEP	2026-07-14T14:51:23.6208330Z Linking snowballstemmer-3.1.1-pyhd8ed1ab_0
Doc Build and Upload	UNKNOWN STEP	2026-07-14T14:51:23.6219918Z Linking roman-numerals-4.1.0-pyhd8ed1ab_0
Doc Build and Upload	UNKNOWN STEP	2026-07-14T14:51:23.6248382Z Linking colorama-0.4.6-pyhd8ed1ab_1
Doc Build and Upload	UNKNOWN STEP	2026-07-14T14:51:23.7515459Z Linking iniconfig-2.3.0-pyhd8ed1ab_0
Doc Build and Upload	UNKNOWN STEP	2026-07-14T14:51:23.7523115Z Linking typing_extensions-4.16.0-pyhcf101f3_0
Doc Build and Upload	UNKNOWN STEP	2026-07-14T14:51:23.7545762Z Linking jupyterlab_widgets-3.0.16-pyhcf101f3_1
Doc Build and Upload	UNKNOWN STEP	2026-07-14T14:51:23.7591180Z Linking widgetsnbextension-4.0.15-pyhd8ed1ab_0
Doc Build and Upload	UNKNOWN STEP	2026-07-14T14:51:23.7608286Z Linking pandocfilters-1.5.0-pyhd8ed1ab_0
Doc Build and Upload	UNKNOWN STEP	2026-07-14T14:51:23.7638341Z Linking comm-0.2.3-pyhe01879c_0
Doc Build and Upload	UNKNOWN STEP	2026-07-14T14:51:23.7650480Z Linking nest-asyncio2-1.7.2-pyhcf101f3_0
Doc Build and Upload	UNKNOWN STEP	2026-07-14T14:51:23.7688246Z Linking zipp-4.1.0-pyhcf101f3_0
Doc Build and Upload	UNKNOWN STEP	2026-07-14T14:51:23.7752728Z Linking mccabe-0.7.0-pyhd8ed1ab_1
Doc Build and Upload	UNKNOWN STEP	2026-07-14T14:51:23.7779413Z Linking pycodestyle-2.12.1-pyhd8ed1ab_1
Doc Build and Upload	UNKNOWN STEP	2026-07-14T14:51:23.7798152Z Linking pyflakes-3.2.0-pyhd8ed1ab_1
Doc Build and Upload	UNKNOWN STEP	2026-07-14T14:51:23.7798613Z Linking pluggy-1.6.0-pyhf9edf01_1
Doc Build and Upload	UNKNOWN STEP	2026-07-14T14:51:23.7799002Z Linking sgmllib3k-1.0.0-pyhd8ed1ab_1
Doc Build and Upload	UNKNOWN STEP	2026-07-14T14:51:23.7799470Z Linking python-fastjsonschema-2.21.2-pyhe01879c_0
Doc Build and Upload	UNKNOWN STEP	2026-07-14T14:51:23.7800236Z Linking platformdirs-4.10.0-pyhcf101f3_0
Doc Build and Upload	UNKNOWN STEP	2026-07-14T14:51:23.7838772Z Linking pathable-0.6.0-pyhcf101f3_0
Doc Build and Upload	UNKNOWN STEP	2026-07-14T14:51:23.7868135Z Linking xmltodict-1.0.4-pyhcf101f3_0
Doc Build and Upload	UNKNOWN STEP	2026-07-14T14:51:23.7888179Z Linking charset-normalizer-3.4.9-pyhd8ed1ab_0
Doc Build and Upload	UNKNOWN STEP	2026-07-14T14:51:23.7898072Z Linking idna-3.18-pyhcf101f3_0
Doc Build and Upload	UNKNOWN STEP	2026-07-14T14:51:23.7928145Z Linking certifi-2026.6.17-pyhd8ed1ab_0
Doc Build and Upload	UNKNOWN STEP	2026-07-14T14:51:23.7958093Z Linking json5-0.15.0-pyhd8ed1ab_0
Doc Build and Upload	UNKNOWN STEP	2026-07-14T14:51:23.7958504Z Linking babel-2.18.0-pyhcf101f3_1
Doc Build and Upload	UNKNOWN STEP	2026-07-14T14:51:23.8418496Z Linking atpublic-7.0.0-pyhd8ed1ab_0
Doc Build and Upload	UNKNOWN STEP	2026-07-14T14:51:23.8448492Z Linking attrs-26.1.0-pyhcf101f3_0
Doc Build and Upload	UNKNOWN STEP	2026-07-14T14:51:23.8478506Z Linking defusedxml-0.7.1-pyhd8ed1ab_0
Doc Build and Upload	UNKNOWN STEP	2026-07-14T14:51:23.8508202Z Linking webencodings-0.5.1-pyhd8ed1ab_3
Doc Build and Upload	UNKNOWN STEP	2026-07-14T14:51:23.8538370Z Linking six-1.17.0-pyhe01879c_1
Doc Build and Upload	UNKNOWN STEP	2026-07-14T14:51:23.8568505Z Linking tomli-2.4.1-pyhcf101f3_0
Doc Build and Upload	UNKNOWN STEP	2026-07-14T14:51:23.8571581Z Linking packaging-26.2-pyhc364b38_0
Doc Build and Upload	UNKNOWN STEP	2026-07-14T14:51:23.8572200Z Linking traitlets-5.15.1-pyhcf101f3_0
Doc Build and Upload	UNKNOWN STEP	2026-07-14T14:51:23.8572963Z Linking docutils-0.22.4-pyhd8ed1ab_0
Doc Build and Upload	UNKNOWN STEP	2026-07-14T14:51:23.8713370Z Linking doit-0.37.0-pyhcf101f3_0
Doc Build and Upload	UNKNOWN STEP	2026-07-14T14:51:23.8798718Z Linking pkginfo-1.12.1.2-pyhd8ed1ab_0
Doc Build and Upload	UNKNOWN STEP	2026-07-14T14:51:23.8799446Z Linking xlsxwriter-3.2.9-pyhd8ed1ab_0
Doc Build and Upload	UNKNOWN STEP	2026-07-14T14:51:23.8825910Z Linking xlrd-2.0.2-pyhd8ed1ab_0
Doc Build and Upload	UNKNOWN STEP	2026-07-14T14:51:23.8838394Z Linking versioneer-0.29-pyhd8ed1ab_0
Doc Build and Upload	UNKNOWN STEP	2026-07-14T14:51:23.8866147Z Linking types-setuptools-83.0.0.20260706-pyhcf101f3_0
Doc Build and Upload	UNKNOWN STEP	2026-07-14T14:51:23.8944631Z Linking types-pyyaml-6.0.12.20260518-pyhcf101f3_0
Doc Build and Upload	UNKNOWN STEP	2026-07-14T14:51:23.8945401Z Linking types-pytz-2026.2.0.20260518-pyhcf101f3_0
Doc Build and Upload	UNKNOWN STEP	2026-07-14T14:51:23.8946097Z Linking types-python-dateutil-2.9.0.20260518-pyhcf101f3_0
Doc Build and Upload	UNKNOWN STEP	2026-07-14T14:51:23.8978205Z Linking types-pymysql-1.1.0.20260518-pyhcf101f3_0
Doc Build and Upload	UNKNOWN STEP	2026-07-14T14:51:23.9009101Z Linking tokenize-rt-6.2.0-pyhd8ed1ab_0
Doc Build and Upload	UNKNOWN STEP	2026-07-14T14:51:23.9009786Z Linking tabulate-0.10.0-pyhcf101f3_0
Doc Build and Upload	UNKNOWN STEP	2026-07-14T14:51:23.9038510Z Linking pytz-2026.2-pyhcf101f3_0
Doc Build and Upload	UNKNOWN STEP	2026-07-14T14:51:23.9265247Z Linking pymysql-1.2.0-pyhcf101f3_0
Doc Build and Upload	UNKNOWN STEP	2026-07-14T14:51:23.9290926Z Linking pygments-2.20.0-pyhd8ed1ab_0
Doc Build and Upload	UNKNOWN STEP	2026-07-14T14:51:23.9456866Z Linking pickleshare-0.7.5-pyhd8ed1ab_1004
Doc Build and Upload	UNKNOWN STEP	2026-07-14T14:51:23.9471449Z Linking natsort-8.4.0-pyhcf101f3_2
Doc Build and Upload	UNKNOWN STEP	2026-07-14T14:51:23.9483496Z Linking meson-1.11.2-pyhcf101f3_0
Doc Build and Upload	UNKNOWN STEP	2026-07-14T14:51:23.9626030Z Linking fsspec-2026.6.0-pyhd8ed1ab_0
Doc Build and Upload	UNKNOWN STEP	2026-07-14T14:51:23.9698130Z Linking pyxlsb-1.0.10-pyhd8ed1ab_0
Doc Build and Upload	UNKNOWN STEP	2026-07-14T14:51:23.9702672Z Linking ruamel.yaml-0.19.1-pyhcf101f3_0
Doc Build and Upload	UNKNOWN STEP	2026-07-14T14:51:23.9725023Z Linking google-resumable-media-2.8.0-pyhd8ed1ab_0
Doc Build and Upload	UNKNOWN STEP	2026-07-14T14:51:23.9751687Z Linking googleapis-common-protos-1.75.0-pyhcf101f3_0
Doc Build and Upload	UNKNOWN STEP	2026-07-14T14:51:23.9833291Z Linking proto-plus-1.28.1-pyhcf101f3_0
Doc Build and Upload	UNKNOWN STEP	2026-07-14T14:51:23.9868259Z Linking werkzeug-3.1.8-pyhcf101f3_0
Doc Build and Upload	UNKNOWN STEP	2026-07-14T14:51:23.9942789Z Linking jinja2-3.1.6-pyhcf101f3_1
Doc Build and Upload	UNKNOWN STEP	2026-07-14T14:51:23.9968788Z Linking jsondiff-2.2.1-pyhd8ed1ab_1
Doc Build and Upload	UNKNOWN STEP	2026-07-14T14:51:23.9969327Z Linking markdown-it-py-4.2.0-pyhd8ed1ab_0
Doc Build and Upload	UNKNOWN STEP	2026-07-14T14:51:24.0028145Z Linking cached-property-1.5.2-hd8ed1ab_2
Doc Build and Upload	UNKNOWN STEP	2026-07-14T14:51:24.0058298Z Linking rfc3987-syntax-1.1.0-pyhe01879c_1
Doc Build and Upload	UNKNOWN STEP	2026-07-14T14:51:24.0079219Z Linking overrides-7.7.0-pyhd8ed1ab_1
Doc Build and Upload	UNKNOWN STEP	2026-07-14T14:51:24.0108687Z Linking pyasn1-modules-0.4.2-pyhd8ed1ab_0
Doc Build and Upload	UNKNOWN STEP	2026-07-14T14:51:24.0111732Z Linking rsa-4.9.1-pyhd8ed1ab_0
Doc Build and Upload	UNKNOWN STEP	2026-07-14T14:51:24.0168241Z Linking terminado-0.18.1-pyhc90fa1f_1
Doc Build and Upload	UNKNOWN STEP	2026-07-14T14:51:24.0198156Z Linking pexpect-4.9.0-pyhd8ed1ab_1
Doc Build and Upload	UNKNOWN STEP	2026-07-14T14:51:24.0228200Z Linking gitdb-4.0.12-pyhd8ed1ab_0
Doc Build and Upload	UNKNOWN STEP	2026-07-14T14:51:24.0258158Z Linking prompt-toolkit-3.0.52-pyha770c72_0
Doc Build and Upload	UNKNOWN STEP	2026-07-14T14:51:24.0309313Z Linking h2-4.3.0-pyhcf101f3_0
Doc Build and Upload	UNKNOWN STEP	2026-07-14T14:51:24.0334699Z Linking jedi-0.20.0-pyhcf101f3_0
Doc Build and Upload	UNKNOWN STEP	2026-07-14T14:51:24.4397811Z Linking stack_data-0.6.3-pyhd8ed1ab_1
Doc Build and Upload	UNKNOWN STEP	2026-07-14T14:51:24.4450391Z Linking partd-1.4.2-pyhd8ed1ab_0
Doc Build and Upload	UNKNOWN STEP	2026-07-14T14:51:24.4482054Z Linking nodeenv-1.10.0-pyhd8ed1ab_0
Doc Build and Upload	UNKNOWN STEP	2026-07-14T14:51:24.4509915Z Linking h11-0.16.0-pyhcf101f3_1
Doc Build and Upload	UNKNOWN STEP	2026-07-14T14:51:24.4578420Z Linking python-json-logger-4.1.0-pyhd8ed1ab_0
Doc Build and Upload	UNKNOWN STEP	2026-07-14T14:51:24.4638394Z Linking async-lru-2.3.0-pyhcf101f3_0
Doc Build and Upload	UNKNOWN STEP	2026-07-14T14:51:24.4694960Z Linking aioitertools-0.13.0-pyhd8ed1ab_0
Doc Build and Upload	UNKNOWN STEP	2026-07-14T14:51:24.4736756Z Linking pyjwt-2.13.0-pyhcf101f3_0
Doc Build and Upload	UNKNOWN STEP	2026-07-14T14:51:24.4743906Z Linking typing-inspection-0.4.2-pyhcf101f3_2
Doc Build and Upload	UNKNOWN STEP	2026-07-14T14:51:24.4744499Z Linking aiosignal-1.4.0-pyhd8ed1ab_0
Doc Build and Upload	UNKNOWN STEP	2026-07-14T14:51:24.4745068Z Linking exceptiongroup-1.3.1-pyhd8ed1ab_0
Doc Build and Upload	UNKNOWN STEP	2026-07-14T14:51:24.4745625Z Linking typing-extensions-4.16.0-h69aa097_0
Doc Build and Upload	UNKNOWN STEP	2026-07-14T14:51:24.4746178Z Linking mistune-3.3.3-pyhcf101f3_0
Doc Build and Upload	UNKNOWN STEP	2026-07-14T14:51:24.4746718Z Linking importlib-metadata-9.0.0-pyhcf101f3_0
Doc Build and Upload	UNKNOWN STEP	2026-07-14T14:51:24.4747346Z Linking importlib_resources-7.1.0-pyhd8ed1ab_0
Doc Build and Upload	UNKNOWN STEP	2026-07-14T14:51:24.4748013Z Linking flake8-7.1.0-pyhd8ed1ab_0
Doc Build and Upload	UNKNOWN STEP	2026-07-14T14:51:24.4748828Z Linking feedparser-6.0.12-pyhd8ed1ab_0
Doc Build and Upload	UNKNOWN STEP	2026-07-14T14:51:24.4761015Z Linking python-discovery-1.4.4-pyhcf101f3_0
Doc Build and Upload	UNKNOWN STEP	2026-07-14T14:51:24.4795824Z Linking referencing-0.37.0-pyhcf101f3_0
Doc Build and Upload	UNKNOWN STEP	2026-07-14T14:51:24.4953135Z Linking aiosmtpd-1.4.6-pyhd8ed1ab_1
Doc Build and Upload	UNKNOWN STEP	2026-07-14T14:51:24.5008201Z Linking odfpy-1.4.1-pyhd8ed1ab_1
Doc Build and Upload	UNKNOWN STEP	2026-07-14T14:51:24.5036703Z Linking tinycss2-1.4.0-pyhd8ed1ab_0
Doc Build and Upload	UNKNOWN STEP	2026-07-14T14:51:24.5069985Z Linking bleach-6.4.0-pyhcf101f3_0
Doc Build and Upload	UNKNOWN STEP	2026-07-14T14:51:24.5095064Z Linking pyu2f-0.1.5-pyhd8ed1ab_1
Doc Build and Upload	UNKNOWN STEP	2026-07-14T14:51:24.5138251Z Linking rfc3339-validator-0.1.4-pyhd8ed1ab_1
Doc Build and Upload	UNKNOWN STEP	2026-07-14T14:51:24.5198288Z Linking python-dateutil-2.9.0.post0-pyhe01879c_2
Doc Build and Upload	UNKNOWN STEP	2026-07-14T14:51:24.5199016Z Linking html5lib-1.1-pyhd8ed1ab_2
Doc Build and Upload	UNKNOWN STEP	2026-07-14T14:51:24.5204660Z Linking wheel-0.47.0-pyhd8ed1ab_0
Doc Build and Upload	UNKNOWN STEP	2026-07-14T14:51:24.5205308Z Linking pyproject-metadata-0.12.1-pyhd8ed1ab_0
Doc Build and Upload	UNKNOWN STEP	2026-07-14T14:51:24.5219288Z Linking matplotlib-inline-0.2.2-pyhd8ed1ab_0
Doc Build and Upload	UNKNOWN STEP	2026-07-14T14:51:24.5228260Z Linking jupyter_core-5.9.1-pyhc90fa1f_0
Doc Build and Upload	UNKNOWN STEP	2026-07-14T14:51:24.5264769Z Linking jupyterlab_pygments-0.3.0-pyhd8ed1ab_2
Doc Build and Upload	UNKNOWN STEP	2026-07-14T14:51:24.5285608Z Linking ipython_pygments_lexers-1.1.1-pyhd8ed1ab_0
Doc Build and Upload	UNKNOWN STEP	2026-07-14T14:51:24.5291662Z Linking flask-3.1.3-pyhcf101f3_1
Doc Build and Upload	UNKNOWN STEP	2026-07-14T14:51:24.5351629Z Linking rich-14.3.4-pyhcf101f3_0
Doc Build and Upload	UNKNOWN STEP	2026-07-14T14:51:24.5401448Z Linking fqdn-1.5.1-pyhd8ed1ab_1
Doc Build and Upload	UNKNOWN STEP	2026-07-14T14:51:24.5410085Z Linking jupyter_server_terminals-0.5.4-pyhcf101f3_0
Doc Build and Upload	UNKNOWN STEP	2026-07-14T14:51:24.5472887Z Linking gitpython-3.1.51-pyhd8ed1ab_0
Doc Build and Upload	UNKNOWN STEP	2026-07-14T14:51:24.5486861Z Linking urllib3-2.7.0-pyhd8ed1ab_0
Doc Build and Upload	UNKNOWN STEP	2026-07-14T14:51:24.5507765Z Linking anyio-4.14.2-pyhcf101f3_0
Doc Build and Upload	UNKNOWN STEP	2026-07-14T14:51:24.5598164Z Linking pytest-9.0.3-pyhc364b38_1
Doc Build and Upload	UNKNOWN STEP	2026-07-14T14:51:24.5634667Z Linking annotated-types-0.7.0-pyhd8ed1ab_1
Doc Build and Upload	UNKNOWN STEP	2026-07-14T14:51:24.5658194Z Linking optype-0.17.1-pyhc364b38_0
Doc Build and Upload	UNKNOWN STEP	2026-07-14T14:51:24.5690747Z Linking numpy-typing-compat-20251206.2.4-pyhd6139ff_0
Doc Build and Upload	UNKNOWN STEP	2026-07-14T14:51:24.5718279Z Linking beautifulsoup4-4.15.0-pyha770c72_0
Doc Build and Upload	UNKNOWN STEP	2026-07-14T14:51:24.5748231Z Linking asv_runner-0.2.5-pyhd8ed1ab_2
Doc Build and Upload	UNKNOWN STEP	2026-07-14T14:51:24.5748853Z Linking markdown-3.10.2-pyhcf101f3_0
Doc Build and Upload	UNKNOWN STEP	2026-07-14T14:51:24.5783423Z Linking dask-core-2026.7.1-pyhc364b38_0
Doc Build and Upload	UNKNOWN STEP	2026-07-14T14:51:24.5988268Z Linking adbc-driver-sqlite-1.11.0-pyha770c72_0
Doc Build and Upload	UNKNOWN STEP	2026-07-14T14:51:24.6004114Z Linking adbc-driver-postgresql-1.11.0-pyha770c72_0
Doc Build and Upload	UNKNOWN STEP	2026-07-14T14:51:24.6038389Z Linking virtualenv-21.6.1-pyhcf101f3_0
Doc Build and Upload	UNKNOWN STEP	2026-07-14T14:51:24.6098547Z Linking jsonschema-specifications-2025.9.1-pyhcf101f3_0
Doc Build and Upload	UNKNOWN STEP	2026-07-14T14:51:24.6121639Z Linking pytest-localserver-0.10.0-pyhd8ed1ab_0
Doc Build and Upload	UNKNOWN STEP	2026-07-14T14:51:24.6136736Z Linking bleach-with-css-6.4.0-hac0b51c_0
Doc Build and Upload	UNKNOWN STEP	2026-07-14T14:51:24.6165558Z Linking arrow-1.4.0-pyhcf101f3_0
Doc Build and Upload	UNKNOWN STEP	2026-07-14T14:51:24.6178601Z Linking strictyaml-1.7.3-pyhd8ed1ab_1
Doc Build and Upload	UNKNOWN STEP	2026-07-14T14:51:24.6193880Z Linking pip-26.1.2-pyh8b19718_0
Doc Build and Upload	UNKNOWN STEP	2026-07-14T14:51:24.6466828Z Linking meson-python-0.20.0-pyh7e86bf3_0
Doc Build and Upload	UNKNOWN STEP	2026-07-14T14:51:24.6598321Z Linking jupyter-builder-1.1.0-pyhcf101f3_0
Doc Build and Upload	UNKNOWN STEP	2026-07-14T14:51:24.6628307Z Linking jupyter_client-8.9.1-pyhcf101f3_0
Doc Build and Upload	UNKNOWN STEP	2026-07-14T14:51:24.6687937Z Linking jupyterlite-core-0.8.1-pyhcf101f3_0
Doc Build and Upload	UNKNOWN STEP	2026-07-14T14:51:24.6763910Z Linking ipython-9.15.0-pyh53cf698_0
Doc Build and Upload	UNKNOWN STEP	2026-07-14T14:51:24.6938190Z Linking flask-cors-6.0.5-pyhcf101f3_0
Doc Build and Upload	UNKNOWN STEP	2026-07-14T14:51:24.7019532Z Linking botocore-1.43.0-pyhd8ed1ab_0
Doc Build and Upload	UNKNOWN STEP	2026-07-14T14:51:24.8272339Z Linking requests-2.34.2-pyhcf101f3_0
Doc Build and Upload	UNKNOWN STEP	2026-07-14T14:51:24.8305437Z Linking httpcore-1.0.9-pyh29332c3_0
Doc Build and Upload	UNKNOWN STEP	2026-07-14T14:51:24.8338821Z Linking pytest-xdist-3.8.0-pyhd8ed1ab_0
Doc Build and Upload	UNKNOWN STEP	2026-07-14T14:51:24.8346809Z Linking pytest-qt-4.5.0-pyhdecd6ff_0
Doc Build and Upload	UNKNOWN STEP	2026-07-14T14:51:24.8362294Z Linking pytest-cython-0.4.0-pyhd8ed1ab_0
Doc Build and Upload	UNKNOWN STEP	2026-07-14T14:51:24.8388408Z Linking optype-numpy-0.17.1-pyh3cfb546_0
Doc Build and Upload	UNKNOWN STEP	2026-07-14T14:51:24.8411433Z Linking jsonschema-4.26.0-pyhcf101f3_0
Doc Build and Upload	UNKNOWN STEP	2026-07-14T14:51:24.8432928Z Linking isoduration-20.11.0-pyhd8ed1ab_1
Doc Build and Upload	UNKNOWN STEP	2026-07-14T14:51:24.8436453Z Linking jupyterlite-pyodide-kernel-0.8.1-pyhcf101f3_0
Doc Build and Upload	UNKNOWN STEP	2026-07-14T14:51:24.8488241Z Linking ipywidgets-8.1.8-pyhd8ed1ab_0
Doc Build and Upload	UNKNOWN STEP	2026-07-14T14:51:24.8522295Z Linking ipykernel-7.3.0-pyha191276_0
Doc Build and Upload	UNKNOWN STEP	2026-07-14T14:51:24.8671618Z Linking s3transfer-0.17.1-pyhd8ed1ab_0
Doc Build and Upload	UNKNOWN STEP	2026-07-14T14:51:24.8692603Z Linking aws-xray-sdk-2.15.0-pyhd8ed1ab_0
Doc Build and Upload	UNKNOWN STEP	2026-07-14T14:51:24.8824907Z Linking jsonschema-path-0.5.0-pyhcf101f3_0
Doc Build and Upload	UNKNOWN STEP	2026-07-14T14:51:24.8844287Z Linking responses-0.26.2-pyhcf101f3_0
Doc Build and Upload	UNKNOWN STEP	2026-07-14T14:51:24.8862241Z Linking sphinx-9.0.4-pyhd8ed1ab_0
Doc Build and Upload	UNKNOWN STEP	2026-07-14T14:51:24.9338802Z Linking sphinxcontrib-applehelp-2.0.0-pyhd8ed1ab_1
Doc Build and Upload	UNKNOWN STEP	2026-07-14T14:51:24.9468144Z Linking httpx-0.28.1-pyhd8ed1ab_0
Doc Build and Upload	UNKNOWN STEP	2026-07-14T14:51:24.9468862Z Linking scipy-stubs-1.17.1.5-pyhc364b38_0
Doc Build and Upload	UNKNOWN STEP	2026-07-14T14:51:24.9708440Z Linking nbformat-5.10.4-pyhd8ed1ab_1
Doc Build and Upload	UNKNOWN STEP	2026-07-14T14:51:24.9751460Z Linking jsonschema-with-format-nongpl-4.26.0-hcf101f3_0
Doc Build and Upload	UNKNOWN STEP	2026-07-14T14:51:24.9752164Z Linking boto3-1.43.0-pyhd8ed1ab_0
Doc Build and Upload	UNKNOWN STEP	2026-07-14T14:51:24.9798374Z Linking sphinxcontrib-devhelp-2.0.0-pyhd8ed1ab_1
Doc Build and Upload	UNKNOWN STEP	2026-07-14T14:51:24.9928362Z Linking nbclient-0.11.0-pyhd8ed1ab_0
Doc Build and Upload	UNKNOWN STEP	2026-07-14T14:51:24.9950135Z Linking jupyter_events-0.12.1-pyhcf101f3_0
Doc Build and Upload	UNKNOWN STEP	2026-07-14T14:51:24.9978286Z Linking sphinxcontrib-htmlhelp-2.1.0-pyhd8ed1ab_1
Doc Build and Upload	UNKNOWN STEP	2026-07-14T14:51:25.0058164Z Linking nbconvert-core-7.17.1-pyhcf101f3_0
Doc Build and Upload	UNKNOWN STEP	2026-07-14T14:51:25.0118305Z Linking sphinxcontrib-qthelp-2.0.0-pyhd8ed1ab_1
Doc Build and Upload	UNKNOWN STEP	2026-07-14T14:51:25.0218207Z Linking nbconvert-pandoc-7.17.1-h08b4883_0
Doc Build and Upload	UNKNOWN STEP	2026-07-14T14:51:25.0248356Z Linking sphinxcontrib-serializinghtml-2.0.0-pyhd8ed1ab_0
Doc Build and Upload	UNKNOWN STEP	2026-07-14T14:51:25.0303146Z Linking nbconvert-7.17.1-hb502eef_0
Doc Build and Upload	UNKNOWN STEP	2026-07-14T14:51:25.0323592Z Linking sphinx-copybutton-0.5.2-pyhd8ed1ab_1
Doc Build and Upload	UNKNOWN STEP	2026-07-14T14:51:25.0347818Z Linking sphinx-design-0.7.0-pyhd8ed1ab_0
Doc Build and Upload	UNKNOWN STEP	2026-07-14T14:51:25.0378176Z Linking numpydoc-1.10.0-pyhcf101f3_0
Doc Build and Upload	UNKNOWN STEP	2026-07-14T14:51:25.0386149Z Linking nbsphinx-0.9.8-pyhd8ed1ab_0
Doc Build and Upload	UNKNOWN STEP	2026-07-14T14:51:25.0402992Z Linking fonttools-4.63.0-py311h3778330_0
Doc Build and Upload	UNKNOWN STEP	2026-07-14T14:51:25.0728379Z Linking openpyxl-3.1.5-py311h534898f_3
Doc Build and Upload	UNKNOWN STEP	2026-07-14T14:51:25.0894376Z Linking cffi-2.1.0-py311h03d9500_0
Doc Build and Upload	UNKNOWN STEP	2026-07-14T14:51:25.0940647Z Linking pyreadstat-1.3.5-py311h71a53d8_0
Doc Build and Upload	UNKNOWN STEP	2026-07-14T14:51:25.0972521Z Linking mypy-1.17.1-py311h49ec1c0_1
Doc Build and Upload	UNKNOWN STEP	2026-07-14T14:51:25.2898892Z Linking yarl-1.24.2-py311h3778330_0
Doc Build and Upload	UNKNOWN STEP	2026-07-14T14:51:25.2928728Z Linking coverage-7.15.1-py311h3778330_0
Doc Build and Upload	UNKNOWN STEP	2026-07-14T14:51:25.2968815Z Linking glib-2.88.2-hbe0478d_0
Doc Build and Upload	UNKNOWN STEP	2026-07-14T14:51:25.3008317Z Linking sip-6.10.0-py311h1ddb823_1
Doc Build and Upload	UNKNOWN STEP	2026-07-14T14:51:25.3225071Z Linking hypothesis-6.156.6-py311h902ca64_0
Doc Build and Upload	UNKNOWN STEP	2026-07-14T14:51:25.3354681Z Linking grpcio-1.78.1-py311h3aa0767_0
Doc Build and Upload	UNKNOWN STEP	2026-07-14T14:51:25.3400224Z Linking pydantic-core-2.46.4-py311h902ca64_0
Doc Build and Upload	UNKNOWN STEP	2026-07-14T14:51:25.3428368Z Linking sqlalchemy-2.0.51-py311haee01d2_0
Doc Build and Upload	UNKNOWN STEP	2026-07-14T14:51:25.3649655Z Linking pytables-3.11.1-py311hd94606f_4
Doc Build and Upload	UNKNOWN STEP	2026-07-14T14:51:25.3768464Z Linking pandas-3.0.3-py311h8032f78_0
Doc Build and Upload	UNKNOWN STEP	2026-07-14T14:51:25.5144698Z Linking asv-0.6.6-py311h1ddb823_1
Doc Build and Upload	UNKNOWN STEP	2026-07-14T14:51:25.5212029Z Linking matplotlib-base-3.11.0-py311h0a88c4d_1
Doc Build and Upload	UNKNOWN STEP	2026-07-14T14:51:25.5628250Z Linking ukkonen-1.1.0-py311hdf67eae_0
Doc Build and Upload	UNKNOWN STEP	2026-07-14T14:51:25.5648677Z Linking argon2-cffi-bindings-25.1.0-py311h49ec1c0_2
Doc Build and Upload	UNKNOWN STEP	2026-07-14T14:51:25.5678559Z Linking cryptography-49.0.0-py311h2005dd1_0
Doc Build and Upload	UNKNOWN STEP	2026-07-14T14:51:25.5738140Z Linking zstandard-0.25.0-py311haee01d2_1
Doc Build and Upload	UNKNOWN STEP	2026-07-14T14:51:25.5758562Z Linking aiohttp-3.14.1-py311h55b9665_0
Doc Build and Upload	UNKNOWN STEP	2026-07-14T14:51:25.5815898Z Linking gstreamer-1.26.11-h29cf534_0
Doc Build and Upload	UNKNOWN STEP	2026-07-14T14:51:25.5970637Z Linking pyqt5-sip-12.17.0-py311h1ddb823_2
Doc Build and Upload	UNKNOWN STEP	2026-07-14T14:51:25.5998354Z Linking fastparquet-2026.5.0-py311h0372a8f_0
Doc Build and Upload	UNKNOWN STEP	2026-07-14T14:51:25.6028910Z Linking matplotlib-3.11.0-py311h38be061_1
Doc Build and Upload	UNKNOWN STEP	2026-07-14T14:51:25.6029479Z Linking gst-plugins-base-1.26.11-h6d08254_0
Doc Build and Upload	UNKNOWN STEP	2026-07-14T14:51:25.6256969Z Linking qt-main-5.15.15-h0c412b5_8
Doc Build and Upload	UNKNOWN STEP	2026-07-14T14:51:28.3583794Z Linking pyqt-5.15.11-py311h0580839_2
Doc Build and Upload	UNKNOWN STEP	2026-07-14T14:51:28.3861628Z Linking pytest-cov-7.1.0-pyhcf101f3_0
Doc Build and Upload	UNKNOWN STEP	2026-07-14T14:51:28.3869990Z Linking grpcio-status-1.78.1-pyhcf101f3_0
Doc Build and Upload	UNKNOWN STEP	2026-07-14T14:51:28.3881427Z Linking googleapis-common-protos-grpc-1.75.0-pyhcf101f3_0
Doc Build and Upload	UNKNOWN STEP	2026-07-14T14:51:28.3885517Z Linking pydantic-2.13.4-pyhcf101f3_0
Doc Build and Upload	UNKNOWN STEP	2026-07-14T14:51:28.3931525Z Linking xarray-2026.7.0-pyhc364b38_0
Doc Build and Upload	UNKNOWN STEP	2026-07-14T14:51:28.4055542Z Linking seaborn-base-0.13.2-pyhd8ed1ab_3
Doc Build and Upload	UNKNOWN STEP	2026-07-14T14:51:28.4108447Z Linking identify-2.6.19-pyhd8ed1ab_0
Doc Build and Upload	UNKNOWN STEP	2026-07-14T14:51:28.4110046Z Linking argon2-cffi-25.1.0-pyhd8ed1ab_0
Doc Build and Upload	UNKNOWN STEP	2026-07-14T14:51:28.4138385Z Linking oauthlib-3.3.1-pyhd8ed1ab_0
Doc Build and Upload	UNKNOWN STEP	2026-07-14T14:51:28.4198857Z Linking joserfc-1.7.3-pyhd8ed1ab_0
Doc Build and Upload	UNKNOWN STEP	2026-07-14T14:51:28.4216971Z Linking google-auth-2.56.0-pyhcf101f3_0
Doc Build and Upload	UNKNOWN STEP	2026-07-14T14:51:28.4298241Z Linking aiobotocore-3.7.0-pyhcf101f3_0
Doc Build and Upload	UNKNOWN STEP	2026-07-14T14:51:28.4303607Z Linking grpc-google-iam-v1-0.14.4-pyhcf101f3_0
Doc Build and Upload	UNKNOWN STEP	2026-07-14T14:51:28.4335897Z Linking pydantic-settings-2.14.2-pyhcf101f3_0
Doc Build and Upload	UNKNOWN STEP	2026-07-14T14:51:28.4349831Z Linking pre-commit-4.6.0-pyha770c72_0
Doc Build and Upload	UNKNOWN STEP	2026-07-14T14:51:28.4408223Z Linking jupyter_server-2.20.0-pyhcf101f3_0
Doc Build and Upload	UNKNOWN STEP	2026-07-14T14:51:28.4543278Z Linking requests-oauthlib-2.0.0-pyhd8ed1ab_1
Doc Build and Upload	UNKNOWN STEP	2026-07-14T14:51:28.4586921Z Linking google-api-core-2.31.0-pyhcf101f3_0
Doc Build and Upload	UNKNOWN STEP	2026-07-14T14:51:28.4618117Z Linking s3fs-2026.6.0-pyhd8ed1ab_0
Doc Build and Upload	UNKNOWN STEP	2026-07-14T14:51:28.4649357Z Linking openapi-schema-validator-0.9.0-pyhcf101f3_0
Doc Build and Upload	UNKNOWN STEP	2026-07-14T14:51:28.4675745Z Linking jupyter-lsp-2.3.1-pyhcf101f3_0
Doc Build and Upload	UNKNOWN STEP	2026-07-14T14:51:28.4715974Z Linking notebook-shim-0.2.4-pyhd8ed1ab_1
Doc Build and Upload	UNKNOWN STEP	2026-07-14T14:51:28.4739636Z Linking jupyterlab_server-2.28.0-pyhcf101f3_0
Doc Build and Upload	UNKNOWN STEP	2026-07-14T14:51:28.4783642Z Linking google-auth-oauthlib-1.4.0-pyhd8ed1ab_0
Doc Build and Upload	UNKNOWN STEP	2026-07-14T14:51:28.4804095Z Linking google-cloud-core-2.6.0-pyhcf101f3_1
Doc Build and Upload	UNKNOWN STEP	2026-07-14T14:51:28.4811341Z Linking google-cloud-storage-control-1.10.0-pyhcf101f3_0
Doc Build and Upload	UNKNOWN STEP	2026-07-14T14:51:28.4843769Z Linking openapi-spec-validator-0.9.0-pyhcf101f3_0
Doc Build and Upload	UNKNOWN STEP	2026-07-14T14:51:28.4941183Z Linking jupyterlab-4.6.1-pyhd8ed1ab_0
Doc Build and Upload	UNKNOWN STEP	2026-07-14T14:51:28.5463252Z Linking google-cloud-storage-3.12.1-pyhcf101f3_0
Doc Build and Upload	UNKNOWN STEP	2026-07-14T14:51:28.5518301Z Linking moto-5.2.2-pyhcf101f3_0
Doc Build and Upload	UNKNOWN STEP	2026-07-14T14:51:29.1160033Z Linking notebook-7.6.0-pyhcf101f3_0
Doc Build and Upload	UNKNOWN STEP	2026-07-14T14:51:29.1352101Z Linking gcsfs-2026.7.0-pyhd8ed1ab_0
Doc Build and Upload	UNKNOWN STEP	2026-07-14T14:51:29.1353911Z Linking pyiceberg-0.11.1-np2py311h912ec1f_0
Doc Build and Upload	UNKNOWN STEP	2026-07-14T14:51:29.9147335Z 
Doc Build and Upload	UNKNOWN STEP	2026-07-14T14:51:29.9148118Z Transaction finished
Doc Build and Upload	UNKNOWN STEP	2026-07-14T14:51:29.9148344Z 
Doc Build and Upload	UNKNOWN STEP	2026-07-14T14:51:29.9167240Z 
Doc Build and Upload	UNKNOWN STEP	2026-07-14T14:51:29.9167386Z To activate this environment, use:
Doc Build and Upload	UNKNOWN STEP	2026-07-14T14:51:29.9167708Z 
Doc Build and Upload	UNKNOWN STEP	2026-07-14T14:51:29.9167842Z     micromamba activate test
Doc Build and Upload	UNKNOWN STEP	2026-07-14T14:51:29.9168062Z 
Doc Build and Upload	UNKNOWN STEP	2026-07-14T14:51:29.9168230Z Or to execute a single command in this environment, use:
Doc Build and Upload	UNKNOWN STEP	2026-07-14T14:51:29.9168471Z 
Doc Build and Upload	UNKNOWN STEP	2026-07-14T14:51:29.9168632Z     micromamba run -n test mycommand
Doc Build and Upload	UNKNOWN STEP	2026-07-14T14:51:29.9168837Z 
Doc Build and Upload	UNKNOWN STEP	2026-07-14T14:51:29.9170029Z warning  libmamba You are using 'pip' as an additional package manager.
Doc Build and Upload	UNKNOWN STEP	2026-07-14T14:51:29.9171151Z     Be aware that packages installed with 'pip' are managed independently from 'conda-forge' channel.
Doc Build and Upload	UNKNOWN STEP	2026-07-14T14:51:29.9675686Z 
Doc Build and Upload	UNKNOWN STEP	2026-07-14T14:51:29.9676554Z Installing pip packages: tzdata>=2023.3, https://github.com/jorisvandenbossche/pydata-sphinx-theme/archive/refs/heads/v0.16.1+dismissable-announcement-banner.zip
Doc Build and Upload	UNKNOWN STEP	2026-07-14T14:51:31.3651380Z Collecting https://github.com/jorisvandenbossche/pydata-sphinx-theme/archive/refs/heads/v0.16.1+dismissable-announcement-banner.zip (from -r /home/runner/work/pandas/pandas/mambafbmni46dzjd (line 2))
Doc Build and Upload	UNKNOWN STEP	2026-07-14T14:51:31.6791541Z   Downloading v0.16.1+dismissable-announcement-banner.zip
Doc Build and Upload	UNKNOWN STEP	2026-07-14T14:51:32.0994382Z      - 2.6 MB 10.2 MB/s 0:00:00
Doc Build and Upload	UNKNOWN STEP	2026-07-14T14:51:32.1301230Z   Installing build dependencies: started
Doc Build and Upload	UNKNOWN STEP	2026-07-14T14:51:39.2539845Z   Installing build dependencies: finished with status 'done'
Doc Build and Upload	UNKNOWN STEP	2026-07-14T14:51:39.2546278Z   Getting requirements to build wheel: started
Doc Build and Upload	UNKNOWN STEP	2026-07-14T14:51:39.4128881Z   Getting requirements to build wheel: finished with status 'done'
Doc Build and Upload	UNKNOWN STEP	2026-07-14T14:51:39.4136285Z   Preparing metadata (pyproject.toml): started
Doc Build and Upload	UNKNOWN STEP	2026-07-14T14:51:39.5193293Z   Preparing metadata (pyproject.toml): finished with status 'done'
Doc Build and Upload	UNKNOWN STEP	2026-07-14T14:51:39.5218297Z Requirement already satisfied: tzdata>=2023.3 in /home/runner/micromamba/envs/test/lib/python3.11/site-packages (from -r /home/runner/work/pandas/pandas/mambafbmni46dzjd (line 1)) (2026.3)
Doc Build and Upload	UNKNOWN STEP	2026-07-14T14:51:39.5224260Z Requirement already satisfied: sphinx>=6.1 in /home/runner/micromamba/envs/test/lib/python3.11/site-packages (from pydata-sphinx-theme==0.16.1->-r /home/runner/work/pandas/pandas/mambafbmni46dzjd (line 2)) (9.0.4)
Doc Build and Upload	UNKNOWN STEP	2026-07-14T14:51:39.5226501Z Requirement already satisfied: beautifulsoup4 in /home/runner/micromamba/envs/test/lib/python3.11/site-packages (from pydata-sphinx-theme==0.16.1->-r /home/runner/work/pandas/pandas/mambafbmni46dzjd (line 2)) (4.15.0)
Doc Build and Upload	UNKNOWN STEP	2026-07-14T14:51:39.5229513Z Requirement already satisfied: docutils!=0.17.0 in /home/runner/micromamba/envs/test/lib/python3.11/site-packages (from pydata-sphinx-theme==0.16.1->-r /home/runner/work/pandas/pandas/mambafbmni46dzjd (line 2)) (0.22.4)
Doc Build and Upload	UNKNOWN STEP	2026-07-14T14:51:39.5232255Z Requirement already satisfied: Babel in /home/runner/micromamba/envs/test/lib/python3.11/site-packages (from pydata-sphinx-theme==0.16.1->-r /home/runner/work/pandas/pandas/mambafbmni46dzjd (line 2)) (2.18.0)
Doc Build and Upload	UNKNOWN STEP	2026-07-14T14:51:39.5234956Z Requirement already satisfied: pygments>=2.7 in /home/runner/micromamba/envs/test/lib/python3.11/site-packages (from pydata-sphinx-theme==0.16.1->-r /home/runner/work/pandas/pandas/mambafbmni46dzjd (line 2)) (2.20.0)
Doc Build and Upload	UNKNOWN STEP	2026-07-14T14:51:39.6551848Z Collecting accessible-pygments (from pydata-sphinx-theme==0.16.1->-r /home/runner/work/pandas/pandas/mambafbmni46dzjd (line 2))
Doc Build and Upload	UNKNOWN STEP	2026-07-14T14:51:39.7169946Z   Downloading accessible_pygments-0.0.5-py3-none-any.whl.metadata (10 kB)
Doc Build and Upload	UNKNOWN STEP	2026-07-14T14:51:39.8310304Z Requirement already satisfied: typing-extensions in /home/runner/micromamba/envs/test/lib/python3.11/site-packages (from pydata-sphinx-theme==0.16.1->-r /home/runner/work/pandas/pandas/mambafbmni46dzjd (line 2)) (4.16.0)
Doc Build and Upload	UNKNOWN STEP	2026-07-14T14:51:39.8326704Z Requirement already satisfied: sphinxcontrib-applehelp>=1.0.7 in /home/runner/micromamba/envs/test/lib/python3.11/site-packages (from sphinx>=6.1->pydata-sphinx-theme==0.16.1->-r /home/runner/work/pandas/pandas/mambafbmni46dzjd (line 2)) (2.0.0)
Doc Build and Upload	UNKNOWN STEP	2026-07-14T14:51:39.8328735Z Requirement already satisfied: sphinxcontrib-devhelp>=1.0.6 in /home/runner/micromamba/envs/test/lib/python3.11/site-packages (from sphinx>=6.1->pydata-sphinx-theme==0.16.1->-r /home/runner/work/pandas/pandas/mambafbmni46dzjd (line 2)) (2.0.0)
Doc Build and Upload	UNKNOWN STEP	2026-07-14T14:51:39.8331798Z Requirement already satisfied: sphinxcontrib-htmlhelp>=2.0.6 in /home/runner/micromamba/envs/test/lib/python3.11/site-packages (from sphinx>=6.1->pydata-sphinx-theme==0.16.1->-r /home/runner/work/pandas/pandas/mambafbmni46dzjd (line 2)) (2.1.0)
Doc Build and Upload	UNKNOWN STEP	2026-07-14T14:51:39.8334019Z Requirement already satisfied: sphinxcontrib-jsmath>=1.0.1 in /home/runner/micromamba/envs/test/lib/python3.11/site-packages (from sphinx>=6.1->pydata-sphinx-theme==0.16.1->-r /home/runner/work/pandas/pandas/mambafbmni46dzjd (line 2)) (1.0.1)
Doc Build and Upload	UNKNOWN STEP	2026-07-14T14:51:39.8337156Z Requirement already satisfied: sphinxcontrib-qthelp>=1.0.6 in /home/runner/micromamba/envs/test/lib/python3.11/site-packages (from sphinx>=6.1->pydata-sphinx-theme==0.16.1->-r /home/runner/work/pandas/pandas/mambafbmni46dzjd (line 2)) (2.0.0)
Doc Build and Upload	UNKNOWN STEP	2026-07-14T14:51:39.8340129Z Requirement already satisfied: sphinxcontrib-serializinghtml>=1.1.9 in /home/runner/micromamba/envs/test/lib/python3.11/site-packages (from sphinx>=6.1->pydata-sphinx-theme==0.16.1->-r /home/runner/work/pandas/pandas/mambafbmni46dzjd (line 2)) (2.0.0)
Doc Build and Upload	UNKNOWN STEP	2026-07-14T14:51:39.8341926Z Requirement already satisfied: Jinja2>=3.1 in /home/runner/micromamba/envs/test/lib/python3.11/site-packages (from sphinx>=6.1->pydata-sphinx-theme==0.16.1->-r /home/runner/work/pandas/pandas/mambafbmni46dzjd (line 2)) (3.1.6)
Doc Build and Upload	UNKNOWN STEP	2026-07-14T14:51:39.8459196Z Requirement already satisfied: snowballstemmer>=2.2 in /home/runner/micromamba/envs/test/lib/python3.11/site-packages (from sphinx>=6.1->pydata-sphinx-theme==0.16.1->-r /home/runner/work/pandas/pandas/mambafbmni46dzjd (line 2)) (3.1.1)
Doc Build and Upload	UNKNOWN STEP	2026-07-14T14:51:39.8462567Z Requirement already satisfied: alabaster>=0.7.14 in /home/runner/micromamba/envs/test/lib/python3.11/site-packages (from sphinx>=6.1->pydata-sphinx-theme==0.16.1->-r /home/runner/work/pandas/pandas/mambafbmni46dzjd (line 2)) (1.0.0)
Doc Build and Upload	UNKNOWN STEP	2026-07-14T14:51:39.8464573Z Requirement already satisfied: imagesize>=1.3 in /home/runner/micromamba/envs/test/lib/python3.11/site-packages (from sphinx>=6.1->pydata-sphinx-theme==0.16.1->-r /home/runner/work/pandas/pandas/mambafbmni46dzjd (line 2)) (2.0.0)
Doc Build and Upload	UNKNOWN STEP	2026-07-14T14:51:39.8467709Z Requirement already satisfied: requests>=2.30.0 in /home/runner/micromamba/envs/test/lib/python3.11/site-packages (from sphinx>=6.1->pydata-sphinx-theme==0.16.1->-r /home/runner/work/pandas/pandas/mambafbmni46dzjd (line 2)) (2.34.2)
Doc Build and Upload	UNKNOWN STEP	2026-07-14T14:51:39.8469981Z Requirement already satisfied: roman-numerals>=1.0.0 in /home/runner/micromamba/envs/test/lib/python3.11/site-packages (from sphinx>=6.1->pydata-sphinx-theme==0.16.1->-r /home/runner/work/pandas/pandas/mambafbmni46dzjd (line 2)) (4.1.0)
Doc Build and Upload	UNKNOWN STEP	2026-07-14T14:51:39.8472634Z Requirement already satisfied: packaging>=23.0 in /home/runner/micromamba/envs/test/lib/python3.11/site-packages (from sphinx>=6.1->pydata-sphinx-theme==0.16.1->-r /home/runner/work/pandas/pandas/mambafbmni46dzjd (line 2)) (26.2)
Doc Build and Upload	UNKNOWN STEP	2026-07-14T14:51:39.8493680Z Requirement already satisfied: MarkupSafe>=2.0 in /home/runner/micromamba/envs/test/lib/python3.11/site-packages (from Jinja2>=3.1->sphinx>=6.1->pydata-sphinx-theme==0.16.1->-r /home/runner/work/pandas/pandas/mambafbmni46dzjd (line 2)) (3.0.3)
Doc Build and Upload	UNKNOWN STEP	2026-07-14T14:51:39.8507024Z Requirement already satisfied: charset_normalizer<4,>=2 in /home/runner/micromamba/envs/test/lib/python3.11/site-packages (from requests>=2.30.0->sphinx>=6.1->pydata-sphinx-theme==0.16.1->-r /home/runner/work/pandas/pandas/mambafbmni46dzjd (line 2)) (3.4.9)
Doc Build and Upload	UNKNOWN STEP	2026-07-14T14:51:39.8510365Z Requirement already satisfied: idna<4,>=2.5 in /home/runner/micromamba/envs/test/lib/python3.11/site-packages (from requests>=2.30.0->sphinx>=6.1->pydata-sphinx-theme==0.16.1->-r /home/runner/work/pandas/pandas/mambafbmni46dzjd (line 2)) (3.18)
Doc Build and Upload	UNKNOWN STEP	2026-07-14T14:51:39.8513774Z Requirement already satisfied: urllib3<3,>=1.26 in /home/runner/micromamba/envs/test/lib/python3.11/site-packages (from requests>=2.30.0->sphinx>=6.1->pydata-sphinx-theme==0.16.1->-r /home/runner/work/pandas/pandas/mambafbmni46dzjd (line 2)) (2.7.0)
Doc Build and Upload	UNKNOWN STEP	2026-07-14T14:51:39.8516260Z Requirement already satisfied: certifi>=2023.5.7 in /home/runner/micromamba/envs/test/lib/python3.11/site-packages (from requests>=2.30.0->sphinx>=6.1->pydata-sphinx-theme==0.16.1->-r /home/runner/work/pandas/pandas/mambafbmni46dzjd (line 2)) (2026.6.17)
Doc Build and Upload	UNKNOWN STEP	2026-07-14T14:51:39.8575852Z Requirement already satisfied: soupsieve>=1.6.1 in /home/runner/micromamba/envs/test/lib/python3.11/site-packages (from beautifulsoup4->pydata-sphinx-theme==0.16.1->-r /home/runner/work/pandas/pandas/mambafbmni46dzjd (line 2)) (2.8.4)
Doc Build and Upload	UNKNOWN STEP	2026-07-14T14:51:39.8747285Z Downloading accessible_pygments-0.0.5-py3-none-any.whl (1.4 MB)
Doc Build and Upload	UNKNOWN STEP	2026-07-14T14:51:40.1770874Z    ━━━━━━━━━━━━━━━━━━━━━━━━━━━━━━━━━━━━━━━━ 1.4/1.4 MB 4.4 MB/s  0:00:00
Doc Build and Upload	UNKNOWN STEP	2026-07-14T14:51:40.1812320Z Building wheels for collected packages: pydata-sphinx-theme
Doc Build and Upload	UNKNOWN STEP	2026-07-14T14:51:40.1818574Z   Building wheel for pydata-sphinx-theme (pyproject.toml): started
Doc Build and Upload	UNKNOWN STEP	2026-07-14T14:51:53.2936176Z   Building wheel for pydata-sphinx-theme (pyproject.toml): finished with status 'done'
Doc Build and Upload	UNKNOWN STEP	2026-07-14T14:51:53.2994604Z   Created wheel for pydata-sphinx-theme: filename=pydata_sphinx_theme-0.16.1-py3-none-any.whl size=6705093 sha256=dbdd601b7481d3b5a09cdbc746efa642afc4950510b712749952799bafcb585c
Doc Build and Upload	UNKNOWN STEP	2026-07-14T14:51:53.2995856Z   Stored in directory: /home/runner/.cache/pip/wheels/e8/bd/ff/a94639f8de3f1818d0e2e5940eeb04962bab50275e16a115d9
Doc Build and Upload	UNKNOWN STEP	2026-07-14T14:51:53.3016355Z Successfully built pydata-sphinx-theme
Doc Build and Upload	UNKNOWN STEP	2026-07-14T14:51:53.4070321Z Installing collected packages: accessible-pygments, pydata-sphinx-theme
Doc Build and Upload	UNKNOWN STEP	2026-07-14T14:51:53.8396649Z 
Doc Build and Upload	UNKNOWN STEP	2026-07-14T14:51:53.8454692Z Successfully installed accessible-pygments-0.0.5 pydata-sphinx-theme-0.16.1
Doc Build and Upload	UNKNOWN STEP	2026-07-14T14:51:54.1097138Z ##[endgroup]
Doc Build and Upload	UNKNOWN STEP	2026-07-14T14:51:54.1097929Z ##[group]Caching environment `test` in `/home/runner/micromamba/envs/test` ...
Doc Build and Upload	UNKNOWN STEP	2026-07-14T14:51:54.3446224Z [command]/usr/bin/tar --posix -cf cache.tzst --exclude cache.tzst -P -C /home/runner/work/pandas/pandas --files-from manifest.txt --use-compress-program zstdmt
Doc Build and Upload	UNKNOWN STEP	2026-07-14T14:52:03.1876554Z ##[warning]Failed to save: Unable to reserve cache with key micromamba-environment--linux-64-test-args-8b1a9cc-root-dcc80ee-bin-3ba48149f613f2a8f0e321dd163b584b47fa2d09a7e8303f440a24132583bb4e-file-9e6c9dd6f7a52b280d29fa9c18f099215ad1286ccc40c158ba117d11ac1a3de9, another job may be creating this cache.
Doc Build and Upload	UNKNOWN STEP	2026-07-14T14:52:03.2431564Z Saved cache with ID `-1`
Doc Build and Upload	UNKNOWN STEP	2026-07-14T14:52:03.2432262Z ##[endgroup]
Doc Build and Upload	UNKNOWN STEP	2026-07-14T14:52:03.2432579Z Adding environment test to auto-activate bash ...
Doc Build and Upload	UNKNOWN STEP	2026-07-14T14:52:03.2437936Z Generating micromamba run shell.
Doc Build and Upload	UNKNOWN STEP	2026-07-14T14:52:03.2450574Z ##[endgroup]
Doc Build and Upload	UNKNOWN STEP	2026-07-14T14:52:03.2451749Z Set environment variables.
Doc Build and Upload	UNKNOWN STEP	2026-07-14T14:52:03.2453790Z ##[group]micromamba info
Doc Build and Upload	UNKNOWN STEP	2026-07-14T14:52:03.2456050Z [command]/home/runner/micromamba-bin/micromamba info -r /home/runner/micromamba -n test
Doc Build and Upload	UNKNOWN STEP	2026-07-14T14:52:03.2540127Z 
Doc Build and Upload	UNKNOWN STEP	2026-07-14T14:52:03.2540526Z        libmamba version : 2.8.1
Doc Build and Upload	UNKNOWN STEP	2026-07-14T14:52:03.2540887Z      micromamba version : 2.8.1
Doc Build and Upload	UNKNOWN STEP	2026-07-14T14:52:03.2541418Z            curl version : libcurl/8.20.0 OpenSSL/3.5.6 zlib/1.3.2 zstd/1.5.7 libssh2/1.11.1 nghttp2/1.68.1 mit-krb5/1.22.2
Doc Build and Upload	UNKNOWN STEP	2026-07-14T14:52:03.2542125Z      libarchive version : libarchive 3.8.7 zlib/1.3.2 bz2lib/1.0.8 libzstd/1.5.7 libb2/bundled
Doc Build and Upload	UNKNOWN STEP	2026-07-14T14:52:03.2542638Z        envs directories : /home/runner/micromamba/envs
Doc Build and Upload	UNKNOWN STEP	2026-07-14T14:52:03.2543056Z           package cache : /home/runner/micromamba/pkgs
Doc Build and Upload	UNKNOWN STEP	2026-07-14T14:52:03.2543461Z                           /home/runner/.mamba/pkgs
Doc Build and Upload	UNKNOWN STEP	2026-07-14T14:52:03.2543811Z             environment : test
Doc Build and Upload	UNKNOWN STEP	2026-07-14T14:52:03.2544159Z            env location : /home/runner/micromamba/envs/test
Doc Build and Upload	UNKNOWN STEP	2026-07-14T14:52:03.2544627Z       user config files : /home/runner/.mambarc
Doc Build and Upload	UNKNOWN STEP	2026-07-14T14:52:03.2545169Z  populated config files : /home/runner/work/pandas/pandas/ci/.condarc
Doc Build and Upload	UNKNOWN STEP	2026-07-14T14:52:03.2545667Z        virtual packages : __unix=0=0
Doc Build and Upload	UNKNOWN STEP	2026-07-14T14:52:03.2546063Z                           __linux=6.17.0=0
Doc Build and Upload	UNKNOWN STEP	2026-07-14T14:52:03.2546378Z                           __glibc=2.39=0
Doc Build and Upload	UNKNOWN STEP	2026-07-14T14:52:03.2546724Z                           __archspec=1=x86_64_v4
Doc Build and Upload	UNKNOWN STEP	2026-07-14T14:52:03.2547164Z                channels : https://conda.anaconda.org/conda-forge/linux-64
Doc Build and Upload	UNKNOWN STEP	2026-07-14T14:52:03.2547775Z                           https://conda.anaconda.org/conda-forge/noarch
Doc Build and Upload	UNKNOWN STEP	2026-07-14T14:52:03.2548114Z        base environment : /home/runner/micromamba
Doc Build and Upload	UNKNOWN STEP	2026-07-14T14:52:03.2548405Z                platform : linux-64
Doc Build and Upload	UNKNOWN STEP	2026-07-14T14:52:03.2554412Z ##[endgroup]
Doc Build and Upload	UNKNOWN STEP	2026-07-14T14:52:03.2554933Z ##[group]micromamba list
Doc Build and Upload	UNKNOWN STEP	2026-07-14T14:52:03.2555631Z [command]/home/runner/micromamba-bin/micromamba list -r /home/runner/micromamba -n test
Doc Build and Upload	UNKNOWN STEP	2026-07-14T14:52:04.5219825Z List of packages in environment: "/home/runner/micromamba/envs/test"
Doc Build and Upload	UNKNOWN STEP	2026-07-14T14:52:04.5220390Z 
Doc Build and Upload	UNKNOWN STEP	2026-07-14T14:52:04.5220635Z   Name                              Version            Build                 Channel    
Doc Build and Upload	UNKNOWN STEP	2026-07-14T14:52:04.5221553Z ──────────────────────────────────────────────────────────────────────────────────────────
Doc Build and Upload	UNKNOWN STEP	2026-07-14T14:52:04.5222130Z   _openmp_mutex                     4.5                20_gnu                conda-forge
Doc Build and Upload	UNKNOWN STEP	2026-07-14T14:52:04.5223166Z   accessible-pygments               0.0.5              pypi_0                pypi       
Doc Build and Upload	UNKNOWN STEP	2026-07-14T14:52:04.5223846Z   adbc-driver-manager               1.11.0             py311h1ddb823_0       conda-forge
Doc Build and Upload	UNKNOWN STEP	2026-07-14T14:52:04.5224476Z   adbc-driver-postgresql            1.11.0             pyha770c72_0          conda-forge
Doc Build and Upload	UNKNOWN STEP	2026-07-14T14:52:04.5225094Z   adbc-driver-sqlite                1.11.0             pyha770c72_0          conda-forge
Doc Build and Upload	UNKNOWN STEP	2026-07-14T14:52:04.5225683Z   aiobotocore                       3.7.0              pyhcf101f3_0          conda-forge
Doc Build and Upload	UNKNOWN STEP	2026-07-14T14:52:04.5226274Z   aiohappyeyeballs                  2.7.1              pyhd8ed1ab_0          conda-forge
Doc Build and Upload	UNKNOWN STEP	2026-07-14T14:52:04.5226843Z   aiohttp                           3.14.1             py311h55b9665_0       conda-forge
Doc Build and Upload	UNKNOWN STEP	2026-07-14T14:52:04.5227399Z   aioitertools                      0.13.0             pyhd8ed1ab_0          conda-forge
Doc Build and Upload	UNKNOWN STEP	2026-07-14T14:52:04.5228084Z   aiosignal                         1.4.0              pyhd8ed1ab_0          conda-forge
Doc Build and Upload	UNKNOWN STEP	2026-07-14T14:52:04.5228780Z   aiosmtpd                          1.4.6              pyhd8ed1ab_1          conda-forge
Doc Build and Upload	UNKNOWN STEP	2026-07-14T14:52:04.5229340Z   alabaster                         1.0.0              pyhd8ed1ab_1          conda-forge
Doc Build and Upload	UNKNOWN STEP	2026-07-14T14:52:04.5229894Z   alsa-lib                          1.2.16.1           hb03c661_0            conda-forge
Doc Build and Upload	UNKNOWN STEP	2026-07-14T14:52:04.5230476Z   annotated-types                   0.7.0              pyhd8ed1ab_1          conda-forge
Doc Build and Upload	UNKNOWN STEP	2026-07-14T14:52:04.5231045Z   anyio                             4.14.2             pyhcf101f3_0          conda-forge
Doc Build and Upload	UNKNOWN STEP	2026-07-14T14:52:04.5231589Z   argon2-cffi                       25.1.0             pyhd8ed1ab_0          conda-forge
Doc Build and Upload	UNKNOWN STEP	2026-07-14T14:52:04.5232179Z   argon2-cffi-bindings              25.1.0             py311h49ec1c0_2       conda-forge
Doc Build and Upload	UNKNOWN STEP	2026-07-14T14:52:04.5232761Z   arrow                             1.4.0              pyhcf101f3_0          conda-forge
Doc Build and Upload	UNKNOWN STEP	2026-07-14T14:52:04.5233306Z   asttokens                         3.0.2              pyhd8ed1ab_0          conda-forge
Doc Build and Upload	UNKNOWN STEP	2026-07-14T14:52:04.5233831Z   asv                               0.6.6              py311h1ddb823_1       conda-forge
Doc Build and Upload	UNKNOWN STEP	2026-07-14T14:52:04.5234384Z   asv_runner                        0.2.5              pyhd8ed1ab_2          conda-forge
Doc Build and Upload	UNKNOWN STEP	2026-07-14T14:52:04.5234937Z   async-lru                         2.3.0              pyhcf101f3_0          conda-forge
Doc Build and Upload	UNKNOWN STEP	2026-07-14T14:52:04.5235467Z   atpublic                          7.0.0              pyhd8ed1ab_0          conda-forge
Doc Build and Upload	UNKNOWN STEP	2026-07-14T14:52:04.5235994Z   attrs                             26.1.0             pyhcf101f3_0          conda-forge
Doc Build and Upload	UNKNOWN STEP	2026-07-14T14:52:04.5236526Z   aws-c-auth                        0.10.3             hdc83ae9_4            conda-forge
Doc Build and Upload	UNKNOWN STEP	2026-07-14T14:52:04.5237078Z   aws-c-cal                         0.9.14             h6e18c7b_3            conda-forge
Doc Build and Upload	UNKNOWN STEP	2026-07-14T14:52:04.5237743Z   aws-c-common                      0.14.1             hb03c661_0            conda-forge
Doc Build and Upload	UNKNOWN STEP	2026-07-14T14:52:04.5238339Z   aws-c-compression                 0.3.2              haaf8e00_3            conda-forge
Doc Build and Upload	UNKNOWN STEP	2026-07-14T14:52:04.5238937Z   aws-c-event-stream                0.7.1              h31346e9_3            conda-forge
Doc Build and Upload	UNKNOWN STEP	2026-07-14T14:52:04.5239509Z   aws-c-http                        0.11.0             h434eaf2_3            conda-forge
Doc Build and Upload	UNKNOWN STEP	2026-07-14T14:52:04.5240059Z   aws-c-io                          0.26.3             ha0b0e19_6            conda-forge
Doc Build and Upload	UNKNOWN STEP	2026-07-14T14:52:04.5240595Z   aws-c-mqtt                        0.16.0             h4976820_1            conda-forge
Doc Build and Upload	UNKNOWN STEP	2026-07-14T14:52:04.5241127Z   aws-c-s3                          0.12.6             hd767fb6_1            conda-forge
Doc Build and Upload	UNKNOWN STEP	2026-07-14T14:52:04.5241690Z   aws-c-sdkutils                    0.2.7              haaf8e00_1            conda-forge
Doc Build and Upload	UNKNOWN STEP	2026-07-14T14:52:04.5242265Z   aws-checksums                     0.2.10             haaf8e00_3            conda-forge
Doc Build and Upload	UNKNOWN STEP	2026-07-14T14:52:04.5242821Z   aws-crt-cpp                       0.40.1             h085388a_2            conda-forge
Doc Build and Upload	UNKNOWN STEP	2026-07-14T14:52:04.5243474Z   aws-sdk-cpp                       1.11.833           h799c9a6_8            conda-forge
Doc Build and Upload	UNKNOWN STEP	2026-07-14T14:52:04.5244094Z   aws-xray-sdk                      2.15.0             pyhd8ed1ab_0          conda-forge
Doc Build and Upload	UNKNOWN STEP	2026-07-14T14:52:04.5244667Z   azure-core-cpp                    1.16.3             h206d751_0            conda-forge
Doc Build and Upload	UNKNOWN STEP	2026-07-14T14:52:04.5245259Z   azure-identity-cpp                1.13.3             h71f81a8_2            conda-forge
Doc Build and Upload	UNKNOWN STEP	2026-07-14T14:52:04.5245889Z   azure-storage-blobs-cpp           12.18.0            h74b55db_1            conda-forge
Doc Build and Upload	UNKNOWN STEP	2026-07-14T14:52:04.5246550Z   azure-storage-common-cpp          12.14.0            hf596fc9_1            conda-forge
Doc Build and Upload	UNKNOWN STEP	2026-07-14T14:52:04.5247224Z   azure-storage-files-datalake-cpp  12.16.0            h1f05bef_1            conda-forge
Doc Build and Upload	UNKNOWN STEP	2026-07-14T14:52:04.5247921Z   babel                             2.18.0             pyhcf101f3_1          conda-forge
Doc Build and Upload	UNKNOWN STEP	2026-07-14T14:52:04.5248479Z   backports.zstd                    1.6.0              py311h6b1f9c4_0       conda-forge
Doc Build and Upload	UNKNOWN STEP	2026-07-14T14:52:04.5249159Z   beautifulsoup4                    4.15.0             pyha770c72_0          conda-forge
Doc Build and Upload	UNKNOWN STEP	2026-07-14T14:52:04.5249729Z   binutils                          2.45.1             default_h4852527_102  conda-forge
Doc Build and Upload	UNKNOWN STEP	2026-07-14T14:52:04.5250309Z   binutils_impl_linux-64            2.45.1             default_hfdba357_102  conda-forge
Doc Build and Upload	UNKNOWN STEP	2026-07-14T14:52:04.5250902Z   binutils_linux-64                 2.45.1             default_h4852527_102  conda-forge
Doc Build and Upload	UNKNOWN STEP	2026-07-14T14:52:04.5251465Z   bleach                            6.4.0              pyhcf101f3_0          conda-forge
Doc Build and Upload	UNKNOWN STEP	2026-07-14T14:52:04.5252114Z   bleach-with-css                   6.4.0              hac0b51c_0            conda-forge
Doc Build and Upload	UNKNOWN STEP	2026-07-14T14:52:04.5252680Z   blinker                           1.9.0              pyhff2d567_0          conda-forge
Doc Build and Upload	UNKNOWN STEP	2026-07-14T14:52:04.5253258Z   blosc                             1.21.6             he440d0b_1            conda-forge
Doc Build and Upload	UNKNOWN STEP	2026-07-14T14:52:04.5253803Z   boto3                             1.43.0             pyhd8ed1ab_0          conda-forge
Doc Build and Upload	UNKNOWN STEP	2026-07-14T14:52:04.5254420Z   botocore                          1.43.0             pyhd8ed1ab_0          conda-forge
Doc Build and Upload	UNKNOWN STEP	2026-07-14T14:52:04.5255134Z   bottleneck                        1.6.0              np2py311h50facf7_3    conda-forge
Doc Build and Upload	UNKNOWN STEP	2026-07-14T14:52:04.5255739Z   brotli                            1.2.0              hed03a55_1            conda-forge
Doc Build and Upload	UNKNOWN STEP	2026-07-14T14:52:04.5256276Z   brotli-bin                        1.2.0              hb03c661_1            conda-forge
Doc Build and Upload	UNKNOWN STEP	2026-07-14T14:52:04.5256876Z   brotli-python                     1.2.0              py311h66f275b_1       conda-forge
Doc Build and Upload	UNKNOWN STEP	2026-07-14T14:52:04.5257432Z   bzip2                             1.0.8              hda65f42_9            conda-forge
Doc Build and Upload	UNKNOWN STEP	2026-07-14T14:52:04.5258078Z   c-ares                            1.34.6             hb03c661_0            conda-forge
Doc Build and Upload	UNKNOWN STEP	2026-07-14T14:52:04.5258619Z   c-blosc2                          3.2.1              hc31b594_0            conda-forge
Doc Build and Upload	UNKNOWN STEP	2026-07-14T14:52:04.5259228Z   c-compiler                        1.11.0             h4d9bdce_0            conda-forge
Doc Build and Upload	UNKNOWN STEP	2026-07-14T14:52:04.5259814Z   ca-certificates                   2026.6.17          hbd8a1cb_0            conda-forge
Doc Build and Upload	UNKNOWN STEP	2026-07-14T14:52:04.5260428Z   cached-property                   1.5.2              hd8ed1ab_2            conda-forge
Doc Build and Upload	UNKNOWN STEP	2026-07-14T14:52:04.5261020Z   cached_property                   1.5.2              pyha770c72_2          conda-forge
Doc Build and Upload	UNKNOWN STEP	2026-07-14T14:52:04.5261589Z   cachetools                        6.2.6              pyhd8ed1ab_0          conda-forge
Doc Build and Upload	UNKNOWN STEP	2026-07-14T14:52:04.5262135Z   cairo                             1.18.4             he90730b_1            conda-forge
Doc Build and Upload	UNKNOWN STEP	2026-07-14T14:52:04.5262681Z   certifi                           2026.6.17          pyhd8ed1ab_0          conda-forge
Doc Build and Upload	UNKNOWN STEP	2026-07-14T14:52:04.5263210Z   cffi                              2.1.0              py311h03d9500_0       conda-forge
Doc Build and Upload	UNKNOWN STEP	2026-07-14T14:52:04.5263737Z   cfgv                              3.5.0              pyhd8ed1ab_0          conda-forge
Doc Build and Upload	UNKNOWN STEP	2026-07-14T14:52:04.5264400Z   charset-normalizer                3.4.9              pyhd8ed1ab_0          conda-forge
Doc Build and Upload	UNKNOWN STEP	2026-07-14T14:52:04.5264986Z   click                             8.4.2              pyhc90fa1f_0          conda-forge
Doc Build and Upload	UNKNOWN STEP	2026-07-14T14:52:04.5265535Z   cloudpickle                       3.1.2              pyhcf101f3_1          conda-forge
Doc Build and Upload	UNKNOWN STEP	2026-07-14T14:52:04.5266102Z   colorama                          0.4.6              pyhd8ed1ab_1          conda-forge
Doc Build and Upload	UNKNOWN STEP	2026-07-14T14:52:04.5266641Z   comm                              0.2.3              pyhe01879c_0          conda-forge
Doc Build and Upload	UNKNOWN STEP	2026-07-14T14:52:04.5267203Z   conda-gcc-specs                   14.3.0             he8ccf15_19           conda-forge
Doc Build and Upload	UNKNOWN STEP	2026-07-14T14:52:04.5267878Z   contourpy                         1.3.3              py311h724c32c_4       conda-forge
Doc Build and Upload	UNKNOWN STEP	2026-07-14T14:52:04.5268482Z   coverage                          7.15.1             py311h3778330_0       conda-forge
Doc Build and Upload	UNKNOWN STEP	2026-07-14T14:52:04.5269038Z   cramjam                           2.11.0             py311hc665cac_2       conda-forge
Doc Build and Upload	UNKNOWN STEP	2026-07-14T14:52:04.5269697Z   cryptography                      49.0.0             py311h2005dd1_0       conda-forge
Doc Build and Upload	UNKNOWN STEP	2026-07-14T14:52:04.5270272Z   cxx-compiler                      1.11.0             hfcd1e18_0            conda-forge
Doc Build and Upload	UNKNOWN STEP	2026-07-14T14:52:04.5270828Z   cycler                            0.12.1             pyhcf101f3_2          conda-forge
Doc Build and Upload	UNKNOWN STEP	2026-07-14T14:52:04.5271374Z   cyrus-sasl                        2.1.28             hac629b4_1            conda-forge
Doc Build and Upload	UNKNOWN STEP	2026-07-14T14:52:04.5271932Z   cython                            3.2.8              py311h0daaf2c_0       conda-forge
Doc Build and Upload	UNKNOWN STEP	2026-07-14T14:52:04.5272470Z   dask-core                         2026.7.1           pyhc364b38_0          conda-forge
Doc Build and Upload	UNKNOWN STEP	2026-07-14T14:52:04.5273014Z   dbus                              1.16.2             h24cb091_1            conda-forge
Doc Build and Upload	UNKNOWN STEP	2026-07-14T14:52:04.5273546Z   debugpy                           1.8.21             py311hc665b79_0       conda-forge
Doc Build and Upload	UNKNOWN STEP	2026-07-14T14:52:04.5274109Z   decorator                         5.3.1              pyhd8ed1ab_0          conda-forge
Doc Build and Upload	UNKNOWN STEP	2026-07-14T14:52:04.5274705Z   defusedxml                        0.7.1              pyhd8ed1ab_0          conda-forge
Doc Build and Upload	UNKNOWN STEP	2026-07-14T14:52:04.5275258Z   distlib                           0.4.3              pyhcf101f3_0          conda-forge
Doc Build and Upload	UNKNOWN STEP	2026-07-14T14:52:04.5275805Z   docutils                          0.22.4             pyhd8ed1ab_0          conda-forge
Doc Build and Upload	UNKNOWN STEP	2026-07-14T14:52:04.5276344Z   doit                              0.37.0             pyhcf101f3_0          conda-forge
Doc Build and Upload	UNKNOWN STEP	2026-07-14T14:52:04.5276901Z   double-conversion                 3.4.0              hecca717_0            conda-forge
Doc Build and Upload	UNKNOWN STEP	2026-07-14T14:52:04.5277470Z   et_xmlfile                        2.0.0              pyhd8ed1ab_1          conda-forge
Doc Build and Upload	UNKNOWN STEP	2026-07-14T14:52:04.5278123Z   exceptiongroup                    1.3.1              pyhd8ed1ab_0          conda-forge
Doc Build and Upload	UNKNOWN STEP	2026-07-14T14:52:04.5278709Z   execnet                           2.1.2              pyhd8ed1ab_0          conda-forge
Doc Build and Upload	UNKNOWN STEP	2026-07-14T14:52:04.5279271Z   executing                         2.2.1              pyhd8ed1ab_0          conda-forge
Doc Build and Upload	UNKNOWN STEP	2026-07-14T14:52:04.5279832Z   fastparquet                       2026.5.0           py311h0372a8f_0       conda-forge
Doc Build and Upload	UNKNOWN STEP	2026-07-14T14:52:04.5280405Z   feedparser                        6.0.12             pyhd8ed1ab_0          conda-forge
Doc Build and Upload	UNKNOWN STEP	2026-07-14T14:52:04.5280944Z   filelock                          3.29.7             pyhd8ed1ab_0          conda-forge
Doc Build and Upload	UNKNOWN STEP	2026-07-14T14:52:04.5281481Z   flake8                            7.1.0              pyhd8ed1ab_0          conda-forge
Doc Build and Upload	UNKNOWN STEP	2026-07-14T14:52:04.5282002Z   flask                             3.1.3              pyhcf101f3_1          conda-forge
Doc Build and Upload	UNKNOWN STEP	2026-07-14T14:52:04.5282543Z   flask-cors                        6.0.5              pyhcf101f3_0          conda-forge
Doc Build and Upload	UNKNOWN STEP	2026-07-14T14:52:04.5283148Z   font-ttf-dejavu-sans-mono         2.37               hab24e00_0            conda-forge
Doc Build and Upload	UNKNOWN STEP	2026-07-14T14:52:04.5283782Z   font-ttf-inconsolata              3.000              h77eed37_0            conda-forge
Doc Build and Upload	UNKNOWN STEP	2026-07-14T14:52:04.5284506Z   font-ttf-source-code-pro          2.038              h77eed37_0            conda-forge
Doc Build and Upload	UNKNOWN STEP	2026-07-14T14:52:04.5285123Z   font-ttf-ubuntu                   0.83               h77eed37_3            conda-forge
Doc Build and Upload	UNKNOWN STEP	2026-07-14T14:52:04.5285698Z   fontconfig                        2.18.1             h27c8c51_0            conda-forge
Doc Build and Upload	UNKNOWN STEP	2026-07-14T14:52:04.5286279Z   fonts-conda-ecosystem             1                  0                     conda-forge
Doc Build and Upload	UNKNOWN STEP	2026-07-14T14:52:04.5286873Z   fonts-conda-forge                 1                  hc364b38_1            conda-forge
Doc Build and Upload	UNKNOWN STEP	2026-07-14T14:52:04.5287474Z   fonttools                         4.63.0             py311h3778330_0       conda-forge
Doc Build and Upload	UNKNOWN STEP	2026-07-14T14:52:04.5288105Z   fqdn                              1.5.1              pyhd8ed1ab_1          conda-forge
Doc Build and Upload	UNKNOWN STEP	2026-07-14T14:52:04.5288638Z   freetype                          2.14.3             ha770c72_0            conda-forge
Doc Build and Upload	UNKNOWN STEP	2026-07-14T14:52:04.5289256Z   fribidi                           1.0.16             hb03c661_0            conda-forge
Doc Build and Upload	UNKNOWN STEP	2026-07-14T14:52:04.5289809Z   frozenlist                        1.8.0              py311h52bc045_0       conda-forge
Doc Build and Upload	UNKNOWN STEP	2026-07-14T14:52:04.5290357Z   fsspec                            2026.6.0           pyhd8ed1ab_0          conda-forge
Doc Build and Upload	UNKNOWN STEP	2026-07-14T14:52:04.5290883Z   gcc                               14.3.0             h0dff253_19           conda-forge
Doc Build and Upload	UNKNOWN STEP	2026-07-14T14:52:04.5291420Z   gcc_impl_linux-64                 14.3.0             h235f0fe_19           conda-forge
Doc Build and Upload	UNKNOWN STEP	2026-07-14T14:52:04.5292044Z   gcc_linux-64                      14.3.0             h50e9bb6_27           conda-forge
Doc Build and Upload	UNKNOWN STEP	2026-07-14T14:52:04.5292586Z   gcsfs                             2026.7.0           pyhd8ed1ab_0          conda-forge
Doc Build and Upload	UNKNOWN STEP	2026-07-14T14:52:04.5293118Z   gflags                            2.2.2              h5888daf_1005         conda-forge
Doc Build and Upload	UNKNOWN STEP	2026-07-14T14:52:04.5293643Z   gitdb                             4.0.12             pyhd8ed1ab_0          conda-forge
Doc Build and Upload	UNKNOWN STEP	2026-07-14T14:52:04.5294199Z   gitpython                         3.1.51             pyhd8ed1ab_0          conda-forge
Doc Build and Upload	UNKNOWN STEP	2026-07-14T14:52:04.5294729Z   glib                              2.88.2             hbe0478d_0            conda-forge
Doc Build and Upload	UNKNOWN STEP	2026-07-14T14:52:04.5295260Z   glib-tools                        2.88.2             h8094192_0            conda-forge
Doc Build and Upload	UNKNOWN STEP	2026-07-14T14:52:04.5295816Z   glog                              0.7.1              hbabe93e_0            conda-forge
Doc Build and Upload	UNKNOWN STEP	2026-07-14T14:52:04.5296384Z   google-api-core                   2.31.0             pyhcf101f3_0          conda-forge
Doc Build and Upload	UNKNOWN STEP	2026-07-14T14:52:04.5296955Z   google-auth                       2.56.0             pyhcf101f3_0          conda-forge
Doc Build and Upload	UNKNOWN STEP	2026-07-14T14:52:04.5297658Z   google-auth-oauthlib              1.4.0              pyhd8ed1ab_0          conda-forge
Doc Build and Upload	UNKNOWN STEP	2026-07-14T14:52:04.5298271Z   google-cloud-core                 2.6.0              pyhcf101f3_1          conda-forge
Doc Build and Upload	UNKNOWN STEP	2026-07-14T14:52:04.5298929Z   google-cloud-storage              3.12.1             pyhcf101f3_0          conda-forge
Doc Build and Upload	UNKNOWN STEP	2026-07-14T14:52:04.5299612Z   google-cloud-storage-control      1.10.0             pyhcf101f3_0          conda-forge
Doc Build and Upload	UNKNOWN STEP	2026-07-14T14:52:04.5300248Z   google-crc32c                     1.8.0              py311h2702b87_1       conda-forge
Doc Build and Upload	UNKNOWN STEP	2026-07-14T14:52:04.5300814Z   google-resumable-media            2.8.0              pyhd8ed1ab_0          conda-forge
Doc Build and Upload	UNKNOWN STEP	2026-07-14T14:52:04.5301628Z   googleapis-common-protos          1.75.0             pyhcf101f3_0          conda-forge
Doc Build and Upload	UNKNOWN STEP	2026-07-14T14:52:04.5302305Z   googleapis-common-protos-grpc     1.75.0             pyhcf101f3_0          conda-forge
Doc Build and Upload	UNKNOWN STEP	2026-07-14T14:52:04.5302925Z   graphite2                         1.3.15             hecca717_0            conda-forge
Doc Build and Upload	UNKNOWN STEP	2026-07-14T14:52:04.5303492Z   greenlet                          3.5.3              py311hc665b79_0       conda-forge
Doc Build and Upload	UNKNOWN STEP	2026-07-14T14:52:04.5304070Z   grpc-google-iam-v1                0.14.4             pyhcf101f3_0          conda-forge
Doc Build and Upload	UNKNOWN STEP	2026-07-14T14:52:04.5304730Z   grpcio                            1.78.1             py311h3aa0767_0       conda-forge
Doc Build and Upload	UNKNOWN STEP	2026-07-14T14:52:04.5305289Z   grpcio-status                     1.78.1             pyhcf101f3_0          conda-forge
Doc Build and Upload	UNKNOWN STEP	2026-07-14T14:52:04.5305878Z   gst-plugins-base                  1.26.11            h6d08254_0            conda-forge
Doc Build and Upload	UNKNOWN STEP	2026-07-14T14:52:04.5306450Z   gstreamer                         1.26.11            h29cf534_0            conda-forge
Doc Build and Upload	UNKNOWN STEP	2026-07-14T14:52:04.5306978Z   gxx                               14.3.0             he448592_7            conda-forge
Doc Build and Upload	UNKNOWN STEP	2026-07-14T14:52:04.5307515Z   gxx_impl_linux-64                 14.3.0             h2185e75_19           conda-forge
Doc Build and Upload	UNKNOWN STEP	2026-07-14T14:52:04.5308163Z   gxx_linux-64                      14.3.0             hd240bd5_27           conda-forge
Doc Build and Upload	UNKNOWN STEP	2026-07-14T14:52:04.5308688Z   h11                               0.16.0             pyhcf101f3_1          conda-forge
Doc Build and Upload	UNKNOWN STEP	2026-07-14T14:52:04.5309196Z   h2                                4.3.0              pyhcf101f3_0          conda-forge
Doc Build and Upload	UNKNOWN STEP	2026-07-14T14:52:04.5309779Z   harfbuzz                          14.2.1             ha770c72_1            conda-forge
Doc Build and Upload	UNKNOWN STEP	2026-07-14T14:52:04.5310321Z   hdf5                              2.1.0              nompi_hc8ae080_109    conda-forge
Doc Build and Upload	UNKNOWN STEP	2026-07-14T14:52:04.5310849Z   hpack                             4.2.0              pyhd8ed1ab_0          conda-forge
Doc Build and Upload	UNKNOWN STEP	2026-07-14T14:52:04.5311394Z   html5lib                          1.1                pyhd8ed1ab_2          conda-forge
Doc Build and Upload	UNKNOWN STEP	2026-07-14T14:52:04.5311934Z   httpcore                          1.0.9              pyh29332c3_0          conda-forge
Doc Build and Upload	UNKNOWN STEP	2026-07-14T14:52:04.5312591Z   httpx                             0.28.1             pyhd8ed1ab_0          conda-forge
Doc Build and Upload	UNKNOWN STEP	2026-07-14T14:52:04.5313145Z   hyperframe                        6.1.0              pyhd8ed1ab_0          conda-forge
Doc Build and Upload	UNKNOWN STEP	2026-07-14T14:52:04.5313708Z   hypothesis                        6.156.6            py311h902ca64_0       conda-forge
Doc Build and Upload	UNKNOWN STEP	2026-07-14T14:52:04.5314253Z   icu                               78.3               h33c6efd_0            conda-forge
Doc Build and Upload	UNKNOWN STEP	2026-07-14T14:52:04.5314828Z   identify                          2.6.19             pyhd8ed1ab_0          conda-forge
Doc Build and Upload	UNKNOWN STEP	2026-07-14T14:52:04.5315355Z   idna                              3.18               pyhcf101f3_0          conda-forge
Doc Build and Upload	UNKNOWN STEP	2026-07-14T14:52:04.5315890Z   imagesize                         2.0.0              pyhd8ed1ab_0          conda-forge
Doc Build and Upload	UNKNOWN STEP	2026-07-14T14:52:04.5316486Z   importlib-metadata                9.0.0              pyhcf101f3_0          conda-forge
Doc Build and Upload	UNKNOWN STEP	2026-07-14T14:52:04.5317097Z   importlib_resources               7.1.0              pyhd8ed1ab_0          conda-forge
Doc Build and Upload	UNKNOWN STEP	2026-07-14T14:52:04.5317766Z   iniconfig                         2.3.0              pyhd8ed1ab_0          conda-forge
Doc Build and Upload	UNKNOWN STEP	2026-07-14T14:52:04.5318322Z   ipykernel                         7.3.0              pyha191276_0          conda-forge
Doc Build and Upload	UNKNOWN STEP	2026-07-14T14:52:04.5318875Z   ipython                           9.15.0             pyh53cf698_0          conda-forge
Doc Build and Upload	UNKNOWN STEP	2026-07-14T14:52:04.5319472Z   ipython_pygments_lexers           1.1.1              pyhd8ed1ab_0          conda-forge
Doc Build and Upload	UNKNOWN STEP	2026-07-14T14:52:04.5320069Z   ipywidgets                        8.1.8              pyhd8ed1ab_0          conda-forge
Doc Build and Upload	UNKNOWN STEP	2026-07-14T14:52:04.5320624Z   isoduration                       20.11.0            pyhd8ed1ab_1          conda-forge
Doc Build and Upload	UNKNOWN STEP	2026-07-14T14:52:04.5321191Z   itsdangerous                      2.2.0              pyhd8ed1ab_1          conda-forge
Doc Build and Upload	UNKNOWN STEP	2026-07-14T14:52:04.5321728Z   jedi                              0.20.0             pyhcf101f3_0          conda-forge
Doc Build and Upload	UNKNOWN STEP	2026-07-14T14:52:04.5322245Z   jinja2                            3.1.6              pyhcf101f3_1          conda-forge
Doc Build and Upload	UNKNOWN STEP	2026-07-14T14:52:04.5322780Z   jmespath                          1.1.0              pyhcf101f3_1          conda-forge
Doc Build and Upload	UNKNOWN STEP	2026-07-14T14:52:04.5323330Z   joserfc                           1.7.3              pyhd8ed1ab_0          conda-forge
Doc Build and Upload	UNKNOWN STEP	2026-07-14T14:52:04.5323859Z   json5                             0.15.0             pyhd8ed1ab_0          conda-forge
Doc Build and Upload	UNKNOWN STEP	2026-07-14T14:52:04.5324466Z   jsondiff                          2.2.1              pyhd8ed1ab_1          conda-forge
Doc Build and Upload	UNKNOWN STEP	2026-07-14T14:52:04.5325022Z   jsonpointer                       3.1.1              pyhcf101f3_0          conda-forge
Doc Build and Upload	UNKNOWN STEP	2026-07-14T14:52:04.5325590Z   jsonschema                        4.26.0             pyhcf101f3_0          conda-forge
Doc Build and Upload	UNKNOWN STEP	2026-07-14T14:52:04.5326164Z   jsonschema-path                   0.5.0              pyhcf101f3_0          conda-forge
Doc Build and Upload	UNKNOWN STEP	2026-07-14T14:52:04.5326790Z   jsonschema-specifications         2025.9.1           pyhcf101f3_0          conda-forge
Doc Build and Upload	UNKNOWN STEP	2026-07-14T14:52:04.5327460Z   jsonschema-with-format-nongpl     4.26.0             hcf101f3_0            conda-forge
Doc Build and Upload	UNKNOWN STEP	2026-07-14T14:52:04.5328190Z   jupyter-builder                   1.1.0              pyhcf101f3_0          conda-forge
Doc Build and Upload	UNKNOWN STEP	2026-07-14T14:52:04.5328766Z   jupyter-lsp                       2.3.1              pyhcf101f3_0          conda-forge
Doc Build and Upload	UNKNOWN STEP	2026-07-14T14:52:04.5329335Z   jupyter_client                    8.9.1              pyhcf101f3_0          conda-forge
Doc Build and Upload	UNKNOWN STEP	2026-07-14T14:52:04.5329974Z   jupyter_core                      5.9.1              pyhc90fa1f_0          conda-forge
Doc Build and Upload	UNKNOWN STEP	2026-07-14T14:52:04.5330547Z   jupyter_events                    0.12.1             pyhcf101f3_0          conda-forge
Doc Build and Upload	UNKNOWN STEP	2026-07-14T14:52:04.5331116Z   jupyter_server                    2.20.0             pyhcf101f3_0          conda-forge
Doc Build and Upload	UNKNOWN STEP	2026-07-14T14:52:04.5331707Z   jupyter_server_terminals          0.5.4              pyhcf101f3_0          conda-forge
Doc Build and Upload	UNKNOWN STEP	2026-07-14T14:52:04.5332296Z   jupyterlab                        4.6.1              pyhd8ed1ab_0          conda-forge
Doc Build and Upload	UNKNOWN STEP	2026-07-14T14:52:04.5332881Z   jupyterlab_pygments               0.3.0              pyhd8ed1ab_2          conda-forge
Doc Build and Upload	UNKNOWN STEP	2026-07-14T14:52:04.5333471Z   jupyterlab_server                 2.28.0             pyhcf101f3_0          conda-forge
Doc Build and Upload	UNKNOWN STEP	2026-07-14T14:52:04.5334058Z   jupyterlab_widgets                3.0.16             pyhcf101f3_1          conda-forge
Doc Build and Upload	UNKNOWN STEP	2026-07-14T14:52:04.5334649Z   jupyterlite-core                  0.8.1              pyhcf101f3_0          conda-forge
Doc Build and Upload	UNKNOWN STEP	2026-07-14T14:52:04.5335278Z   jupyterlite-pyodide-kernel        0.8.1              pyhcf101f3_0          conda-forge
Doc Build and Upload	UNKNOWN STEP	2026-07-14T14:52:04.5335910Z   kernel-headers_linux-64           6.12.0             he073ed8_6            conda-forge
Doc Build and Upload	UNKNOWN STEP	2026-07-14T14:52:04.5336486Z   keyutils                          1.6.3              hb9d3cd8_0            conda-forge
Doc Build and Upload	UNKNOWN STEP	2026-07-14T14:52:04.5337032Z   kiwisolver                        1.5.0              py311h724c32c_0       conda-forge
Doc Build and Upload	UNKNOWN STEP	2026-07-14T14:52:04.5337636Z   krb5                              1.22.2             hbde042b_1            conda-forge
Doc Build and Upload	UNKNOWN STEP	2026-07-14T14:52:04.5338155Z   lame                              3.100              h166bdaf_1003         conda-forge
Doc Build and Upload	UNKNOWN STEP	2026-07-14T14:52:04.5338670Z   lark                              1.3.1              pyhd8ed1ab_0          conda-forge
Doc Build and Upload	UNKNOWN STEP	2026-07-14T14:52:04.5339232Z   lazy-object-proxy                 1.12.0             py311h49ec1c0_1       conda-forge
Doc Build and Upload	UNKNOWN STEP	2026-07-14T14:52:04.5339817Z   lcms2                             2.19.1             h0c24ade_1            conda-forge
Doc Build and Upload	UNKNOWN STEP	2026-07-14T14:52:04.5340362Z   ld_impl_linux-64                  2.45.1             default_hbd61a6d_102  conda-forge
Doc Build and Upload	UNKNOWN STEP	2026-07-14T14:52:04.5340887Z   lerc                              4.1.0              hdb68285_0            conda-forge
Doc Build and Upload	UNKNOWN STEP	2026-07-14T14:52:04.5341410Z   libabseil                         20260107.1         cxx17_h7b12aa8_0      conda-forge
Doc Build and Upload	UNKNOWN STEP	2026-07-14T14:52:04.5342002Z   libadbc-driver-postgresql         1.11.0             hedb09cf_0            conda-forge
Doc Build and Upload	UNKNOWN STEP	2026-07-14T14:52:04.5342641Z   libadbc-driver-sqlite             1.11.0             hcea63bf_0            conda-forge
Doc Build and Upload	UNKNOWN STEP	2026-07-14T14:52:04.5343213Z   libaec                            1.1.5              h088129d_0            conda-forge
Doc Build and Upload	UNKNOWN STEP	2026-07-14T14:52:04.5343757Z   libarrow                          23.0.1             h3e48024_16_cpu       conda-forge
Doc Build and Upload	UNKNOWN STEP	2026-07-14T14:52:04.5344320Z   libarrow-acero                    23.0.1             h635bf11_16_cpu       conda-forge
Doc Build and Upload	UNKNOWN STEP	2026-07-14T14:52:04.5344984Z   libarrow-compute                  23.0.1             h53684a4_16_cpu       conda-forge
Doc Build and Upload	UNKNOWN STEP	2026-07-14T14:52:04.5345577Z   libarrow-dataset                  23.0.1             h635bf11_16_cpu       conda-forge
Doc Build and Upload	UNKNOWN STEP	2026-07-14T14:52:04.5346194Z   libarrow-substrait                23.0.1             hb4dd7c2_16_cpu       conda-forge
Doc Build and Upload	UNKNOWN STEP	2026-07-14T14:52:04.5346774Z   libblas                           3.11.0             8_h4a7cf45_openblas   conda-forge
Doc Build and Upload	UNKNOWN STEP	2026-07-14T14:52:04.5347347Z   libbrotlicommon                   1.2.0              hb03c661_1            conda-forge
Doc Build and Upload	UNKNOWN STEP	2026-07-14T14:52:04.5348021Z   libbrotlidec                      1.2.0              hb03c661_1            conda-forge
Doc Build and Upload	UNKNOWN STEP	2026-07-14T14:52:04.5348600Z   libbrotlienc                      1.2.0              hb03c661_1            conda-forge
Doc Build and Upload	UNKNOWN STEP	2026-07-14T14:52:04.5349194Z   libcap                            2.78               hd0affe5_0            conda-forge
Doc Build and Upload	UNKNOWN STEP	2026-07-14T14:52:04.5349750Z   libcblas                          3.11.0             8_h0358290_openblas   conda-forge
Doc Build and Upload	UNKNOWN STEP	2026-07-14T14:52:04.5350469Z   libclang-cpp22.1                  22.1.8             default_h6c227bf_3    conda-forge
Doc Build and Upload	UNKNOWN STEP	2026-07-14T14:52:04.5351058Z   libclang13                        22.1.8             default_h9692865_3    conda-forge
Doc Build and Upload	UNKNOWN STEP	2026-07-14T14:52:04.5351611Z   libcrc32c                         1.1.2              h9c3ff4c_0            conda-forge
Doc Build and Upload	UNKNOWN STEP	2026-07-14T14:52:04.5352155Z   libcups                           2.3.3              h7a8fb5f_6            conda-forge
Doc Build and Upload	UNKNOWN STEP	2026-07-14T14:52:04.5352690Z   libcurl                           8.21.0             hae6b9f4_2            conda-forge
Doc Build and Upload	UNKNOWN STEP	2026-07-14T14:52:04.5353242Z   libdeflate                        1.25               h17f619e_0            conda-forge
Doc Build and Upload	UNKNOWN STEP	2026-07-14T14:52:04.5353791Z   libdrm                            2.4.127            hb03c661_0            conda-forge
Doc Build and Upload	UNKNOWN STEP	2026-07-14T14:52:04.5354334Z   libedit                           3.1.20250104       pl5321h7949ede_0      conda-forge
Doc Build and Upload	UNKNOWN STEP	2026-07-14T14:52:04.5354875Z   libegl                            1.7.0              ha4b6fd6_3            conda-forge
Doc Build and Upload	UNKNOWN STEP	2026-07-14T14:52:04.5355424Z   libegl-devel                      1.7.0              ha4b6fd6_3            conda-forge
Doc Build and Upload	UNKNOWN STEP	2026-07-14T14:52:04.5355966Z   libev                             4.33               hd590300_2            conda-forge
Doc Build and Upload	UNKNOWN STEP	2026-07-14T14:52:04.5356499Z   libevent                          2.1.12             hf998b51_1            conda-forge
Doc Build and Upload	UNKNOWN STEP	2026-07-14T14:52:04.5357049Z   libexpat                          2.8.1              hecca717_1            conda-forge
Doc Build and Upload	UNKNOWN STEP	2026-07-14T14:52:04.5357671Z   libffi                            3.5.2              h3435931_0            conda-forge
Doc Build and Upload	UNKNOWN STEP	2026-07-14T14:52:04.5358216Z   libflac                           1.5.0              he200343_1            conda-forge
Doc Build and Upload	UNKNOWN STEP	2026-07-14T14:52:04.5358772Z   libfreetype                       2.14.3             ha770c72_0            conda-forge
Doc Build and Upload	UNKNOWN STEP	2026-07-14T14:52:04.5359363Z   libfreetype6                      2.14.3             h73754d4_0            conda-forge
Doc Build and Upload	UNKNOWN STEP	2026-07-14T14:52:04.5359937Z   libgcc                            15.2.0             he0feb66_19           conda-forge
Doc Build and Upload	UNKNOWN STEP	2026-07-14T14:52:04.5360500Z   libgcc-devel_linux-64             14.3.0             hf649bbc_119          conda-forge
Doc Build and Upload	UNKNOWN STEP	2026-07-14T14:52:04.5361070Z   libgcc-ng                         15.2.0             h69a702a_19           conda-forge
Doc Build and Upload	UNKNOWN STEP	2026-07-14T14:52:04.5361619Z   libgfortran                       15.2.0             h69a702a_19           conda-forge
Doc Build and Upload	UNKNOWN STEP	2026-07-14T14:52:04.5362195Z   libgfortran5                      15.2.0             h68bc16d_19           conda-forge
Doc Build and Upload	UNKNOWN STEP	2026-07-14T14:52:04.5362736Z   libgl                             1.7.0              ha4b6fd6_3            conda-forge
Doc Build and Upload	UNKNOWN STEP	2026-07-14T14:52:04.5363276Z   libgl-devel                       1.7.0              ha4b6fd6_3            conda-forge
Doc Build and Upload	UNKNOWN STEP	2026-07-14T14:52:04.5363820Z   libglib                           2.88.2             h0d30a3d_0            conda-forge
Doc Build and Upload	UNKNOWN STEP	2026-07-14T14:52:04.5364456Z   libglvnd                          1.7.0              ha4b6fd6_3            conda-forge
Doc Build and Upload	UNKNOWN STEP	2026-07-14T14:52:04.5364988Z   libglx                            1.7.0              ha4b6fd6_3            conda-forge
Doc Build and Upload	UNKNOWN STEP	2026-07-14T14:52:04.5365533Z   libglx-devel                      1.7.0              ha4b6fd6_3            conda-forge
Doc Build and Upload	UNKNOWN STEP	2026-07-14T14:52:04.5366083Z   libgomp                           15.2.0             he0feb66_19           conda-forge
Doc Build and Upload	UNKNOWN STEP	2026-07-14T14:52:04.5366651Z   libgoogle-cloud                   3.6.0              h8d2ee43_0            conda-forge
Doc Build and Upload	UNKNOWN STEP	2026-07-14T14:52:04.5367258Z   libgoogle-cloud-storage           3.6.0              hdbdcf42_0            conda-forge
Doc Build and Upload	UNKNOWN STEP	2026-07-14T14:52:04.5367994Z   libgrpc                           1.78.1             h1d1128b_0            conda-forge
Doc Build and Upload	UNKNOWN STEP	2026-07-14T14:52:04.5368559Z   libharfbuzz                       14.2.1             h17a8019_1            conda-forge
Doc Build and Upload	UNKNOWN STEP	2026-07-14T14:52:04.5369140Z   libharfbuzz-devel                 14.2.1             h17a8019_1            conda-forge
Doc Build and Upload	UNKNOWN STEP	2026-07-14T14:52:04.5369770Z   libiconv                          1.18               h3b78370_2            conda-forge
Doc Build and Upload	UNKNOWN STEP	2026-07-14T14:52:04.5370335Z   libjpeg-turbo                     3.2.0              hb03c661_0            conda-forge
Doc Build and Upload	UNKNOWN STEP	2026-07-14T14:52:04.5370932Z   liblapack                         3.11.0             8_h47877c9_openblas   conda-forge
Doc Build and Upload	UNKNOWN STEP	2026-07-14T14:52:04.5371482Z   libllvm22                         22.1.8             hf7376ad_1            conda-forge
Doc Build and Upload	UNKNOWN STEP	2026-07-14T14:52:04.5372032Z   liblzma                           5.8.3              hb03c661_0            conda-forge
Doc Build and Upload	UNKNOWN STEP	2026-07-14T14:52:04.5372588Z   libnghttp2                        1.68.1             h877daf1_0            conda-forge
Doc Build and Upload	UNKNOWN STEP	2026-07-14T14:52:04.5373159Z   libnsl                            2.0.1              hb9d3cd8_1            conda-forge
Doc Build and Upload	UNKNOWN STEP	2026-07-14T14:52:04.5373689Z   libntlm                           1.8                hb9d3cd8_0            conda-forge
Doc Build and Upload	UNKNOWN STEP	2026-07-14T14:52:04.5374219Z   libogg                            1.3.5              hd0c01bc_1            conda-forge
Doc Build and Upload	UNKNOWN STEP	2026-07-14T14:52:04.5374783Z   libopenblas                       0.3.33             pthreads_h94d23a6_0   conda-forge
Doc Build and Upload	UNKNOWN STEP	2026-07-14T14:52:04.5375356Z   libopengl                         1.7.0              ha4b6fd6_3            conda-forge
Doc Build and Upload	UNKNOWN STEP	2026-07-14T14:52:04.5375937Z   libopentelemetry-cpp              1.27.0             h9692893_0            conda-forge
Doc Build and Upload	UNKNOWN STEP	2026-07-14T14:52:04.5376591Z   libopentelemetry-cpp-headers      1.27.0             ha770c72_0            conda-forge
Doc Build and Upload	UNKNOWN STEP	2026-07-14T14:52:04.5377211Z   libopus                           1.6.1              h280c20c_0            conda-forge
Doc Build and Upload	UNKNOWN STEP	2026-07-14T14:52:04.5377855Z   libparquet                        23.0.1             h7376487_16_cpu       conda-forge
Doc Build and Upload	UNKNOWN STEP	2026-07-14T14:52:04.5378426Z   libpciaccess                      0.19               hb03c661_0            conda-forge
Doc Build and Upload	UNKNOWN STEP	2026-07-14T14:52:04.5378977Z   libpng                            1.6.58             h421ea60_0            conda-forge
Doc Build and Upload	UNKNOWN STEP	2026-07-14T14:52:04.5379517Z   libpq                             18.4               hd5a49e9_1            conda-forge
Doc Build and Upload	UNKNOWN STEP	2026-07-14T14:52:04.5380076Z   libprotobuf                       6.33.5             h538a264_2            conda-forge
Doc Build and Upload	UNKNOWN STEP	2026-07-14T14:52:04.5380621Z   libpsl                            0.22.0             h49b2146_1            conda-forge
Doc Build and Upload	UNKNOWN STEP	2026-07-14T14:52:04.5381157Z   libraqm                           0.10.5             h6406941_1            conda-forge
Doc Build and Upload	UNKNOWN STEP	2026-07-14T14:52:04.5381703Z   libre2-11                         2025.11.05         h0dc7533_1            conda-forge
Doc Build and Upload	UNKNOWN STEP	2026-07-14T14:52:04.5382274Z   libsanitizer                      14.3.0             h8f1669f_19           conda-forge
Doc Build and Upload	UNKNOWN STEP	2026-07-14T14:52:04.5382833Z   libsndfile                        1.2.2              hc7d488a_2            conda-forge
Doc Build and Upload	UNKNOWN STEP	2026-07-14T14:52:04.5383386Z   libsodium                         1.0.22             h280c20c_1            conda-forge
Doc Build and Upload	UNKNOWN STEP	2026-07-14T14:52:04.5383931Z   libsqlite                         3.53.3             h0c1763c_0            conda-forge
Doc Build and Upload	UNKNOWN STEP	2026-07-14T14:52:04.5384569Z   libssh2                           1.11.1             hcf80075_0            conda-forge
Doc Build and Upload	UNKNOWN STEP	2026-07-14T14:52:04.5385119Z   libstdcxx                         15.2.0             h934c35e_19           conda-forge
Doc Build and Upload	UNKNOWN STEP	2026-07-14T14:52:04.5385719Z   libstdcxx-devel_linux-64          14.3.0             h9f08a49_119          conda-forge
Doc Build and Upload	UNKNOWN STEP	2026-07-14T14:52:04.5386326Z   libstdcxx-ng                      15.2.0             hdf11a46_19           conda-forge
Doc Build and Upload	UNKNOWN STEP	2026-07-14T14:52:04.5386896Z   libsystemd0                       261.1              h6f4a2f1_0            conda-forge
Doc Build and Upload	UNKNOWN STEP	2026-07-14T14:52:04.5387445Z   libthrift                         0.22.0             h7d032f7_2            conda-forge
Doc Build and Upload	UNKNOWN STEP	2026-07-14T14:52:04.5388066Z   libtiff                           4.7.2              h9d88235_0            conda-forge
Doc Build and Upload	UNKNOWN STEP	2026-07-14T14:52:04.5388615Z   libutf8proc                       2.11.3             hfe17d71_0            conda-forge
Doc Build and Upload	UNKNOWN STEP	2026-07-14T14:52:04.5389176Z   libuuid                           2.42.2             h5347b49_0            conda-forge
Doc Build and Upload	UNKNOWN STEP	2026-07-14T14:52:04.5389778Z   libvorbis                         1.3.7              h54a6638_2            conda-forge
Doc Build and Upload	UNKNOWN STEP	2026-07-14T14:52:04.5390353Z   libvulkan-loader                  1.4.341.0          h5279c79_0            conda-forge
Doc Build and Upload	UNKNOWN STEP	2026-07-14T14:52:04.5390928Z   libwebp-base                      1.6.0              hd42ef1d_0            conda-forge
Doc Build and Upload	UNKNOWN STEP	2026-07-14T14:52:04.5391486Z   libxcb                            1.17.0             h8a09558_0            conda-forge
Doc Build and Upload	UNKNOWN STEP	2026-07-14T14:52:04.5392016Z   libxcrypt                         4.4.36             hd590300_1            conda-forge
Doc Build and Upload	UNKNOWN STEP	2026-07-14T14:52:04.5392562Z   libxkbcommon                      1.13.2             hca5e8e5_0            conda-forge
Doc Build and Upload	UNKNOWN STEP	2026-07-14T14:52:04.5393103Z   libxml2                           2.15.3             h49c6c72_0            conda-forge
Doc Build and Upload	UNKNOWN STEP	2026-07-14T14:52:04.5393648Z   libxml2-16                        2.15.3             hca6bf5a_0            conda-forge
Doc Build and Upload	UNKNOWN STEP	2026-07-14T14:52:04.5394192Z   libxslt                           1.1.43             h711ed8c_1            conda-forge
Doc Build and Upload	UNKNOWN STEP	2026-07-14T14:52:04.5394723Z   libzlib                           1.3.2              h25fd6f3_2            conda-forge
Doc Build and Upload	UNKNOWN STEP	2026-07-14T14:52:04.5395279Z   llvmlite                          0.47.0             py311h41a00d4_1       conda-forge
Doc Build and Upload	UNKNOWN STEP	2026-07-14T14:52:04.5395821Z   locket                            1.0.0              pyhd8ed1ab_0          conda-forge
Doc Build and Upload	UNKNOWN STEP	2026-07-14T14:52:04.5396342Z   lxml                              6.1.1              py311h8840267_0       conda-forge
Doc Build and Upload	UNKNOWN STEP	2026-07-14T14:52:04.5396860Z   lz4-c                             1.10.0             h5888daf_1            conda-forge
Doc Build and Upload	UNKNOWN STEP	2026-07-14T14:52:04.5397399Z   markdown                          3.10.2             pyhcf101f3_0          conda-forge
Doc Build and Upload	UNKNOWN STEP	2026-07-14T14:52:04.5398061Z   markdown-it-py                    4.2.0              pyhd8ed1ab_0          conda-forge
Doc Build and Upload	UNKNOWN STEP	2026-07-14T14:52:04.5398628Z   markupsafe                        3.0.3              py311h3778330_1       conda-forge
Doc Build and Upload	UNKNOWN STEP	2026-07-14T14:52:04.5399187Z   matplotlib                        3.11.0             py311h38be061_1       conda-forge
Doc Build and Upload	UNKNOWN STEP	2026-07-14T14:52:04.5399768Z   matplotlib-base                   3.11.0             py311h0a88c4d_1       conda-forge
Doc Build and Upload	UNKNOWN STEP	2026-07-14T14:52:04.5400363Z   matplotlib-inline                 0.2.2              pyhd8ed1ab_0          conda-forge
Doc Build and Upload	UNKNOWN STEP	2026-07-14T14:52:04.5400934Z   mccabe                            0.7.0              pyhd8ed1ab_1          conda-forge
Doc Build and Upload	UNKNOWN STEP	2026-07-14T14:52:04.5401451Z   mdurl                             0.1.2              pyhd8ed1ab_1          conda-forge
Doc Build and Upload	UNKNOWN STEP	2026-07-14T14:52:04.5401985Z   meson                             1.11.2             pyhcf101f3_0          conda-forge
Doc Build and Upload	UNKNOWN STEP	2026-07-14T14:52:04.5402536Z   meson-python                      0.20.0             pyh7e86bf3_0          conda-forge
Doc Build and Upload	UNKNOWN STEP	2026-07-14T14:52:04.5403093Z   mistune                           3.3.3              pyhcf101f3_0          conda-forge
Doc Build and Upload	UNKNOWN STEP	2026-07-14T14:52:04.5403620Z   mmh3                              5.2.1              py311h1ddb823_0       conda-forge
Doc Build and Upload	UNKNOWN STEP	2026-07-14T14:52:04.5404227Z   moto                              5.2.2              pyhcf101f3_0          conda-forge
Doc Build and Upload	UNKNOWN STEP	2026-07-14T14:52:04.5404744Z   mpg123                            1.32.9             hc50e24c_0            conda-forge
Doc Build and Upload	UNKNOWN STEP	2026-07-14T14:52:04.5405278Z   multidict                         6.7.1              py311h3778330_0       conda-forge
Doc Build and Upload	UNKNOWN STEP	2026-07-14T14:52:04.5405821Z   munkres                           1.1.4              pyhd8ed1ab_1          conda-forge
Doc Build and Upload	UNKNOWN STEP	2026-07-14T14:52:04.5406352Z   mypy                              1.17.1             py311h49ec1c0_1       conda-forge
Doc Build and Upload	UNKNOWN STEP	2026-07-14T14:52:04.5406899Z   mypy_extensions                   1.1.0              pyha770c72_0          conda-forge
Doc Build and Upload	UNKNOWN STEP	2026-07-14T14:52:04.5407463Z   narwhals                          2.24.0             pyhcf101f3_0          conda-forge
Doc Build and Upload	UNKNOWN STEP	2026-07-14T14:52:04.5408072Z   natsort                           8.4.0              pyhcf101f3_2          conda-forge
Doc Build and Upload	UNKNOWN STEP	2026-07-14T14:52:04.5408630Z   nbclient                          0.11.0             pyhd8ed1ab_0          conda-forge
Doc Build and Upload	UNKNOWN STEP	2026-07-14T14:52:04.5409267Z   nbconvert                         7.17.1             hb502eef_0            conda-forge
Doc Build and Upload	UNKNOWN STEP	2026-07-14T14:52:04.5409836Z   nbconvert-core                    7.17.1             pyhcf101f3_0          conda-forge
Doc Build and Upload	UNKNOWN STEP	2026-07-14T14:52:04.5410421Z   nbconvert-pandoc                  7.17.1             h08b4883_0            conda-forge
Doc Build and Upload	UNKNOWN STEP	2026-07-14T14:52:04.5411010Z   nbformat                          5.10.4             pyhd8ed1ab_1          conda-forge
Doc Build and Upload	UNKNOWN STEP	2026-07-14T14:52:04.5411566Z   nbsphinx                          0.9.8              pyhd8ed1ab_0          conda-forge
Doc Build and Upload	UNKNOWN STEP	2026-07-14T14:52:04.5412112Z   ncurses                           6.6                hdb14827_0            conda-forge
Doc Build and Upload	UNKNOWN STEP	2026-07-14T14:52:04.5412662Z   nest-asyncio2                     1.7.2              pyhcf101f3_0          conda-forge
Doc Build and Upload	UNKNOWN STEP	2026-07-14T14:52:04.5413209Z   ninja                             1.13.2             h171cf75_0            conda-forge
Doc Build and Upload	UNKNOWN STEP	2026-07-14T14:52:04.5413662Z   nlohmann_json                     3.12.0             h54a6638_1            conda-forge
Doc Build and Upload	UNKNOWN STEP	2026-07-14T14:52:04.5414031Z   nodeenv                           1.10.0             pyhd8ed1ab_0          conda-forge
Doc Build and Upload	UNKNOWN STEP	2026-07-14T14:52:04.5414381Z   nomkl                             1.0                h5ca1d4c_0            conda-forge
Doc Build and Upload	UNKNOWN STEP	2026-07-14T14:52:04.5414736Z   notebook                          7.6.0              pyhcf101f3_0          conda-forge
Doc Build and Upload	UNKNOWN STEP	2026-07-14T14:52:04.5415100Z   notebook-shim                     0.2.4              pyhd8ed1ab_1          conda-forge
Doc Build and Upload	UNKNOWN STEP	2026-07-14T14:52:04.5415456Z   nspr                              4.38               h29cc59b_0            conda-forge
Doc Build and Upload	UNKNOWN STEP	2026-07-14T14:52:04.5415803Z   nss                               3.118              h445c969_0            conda-forge
Doc Build and Upload	UNKNOWN STEP	2026-07-14T14:52:04.5416140Z   numba                             0.65.1             py311h3c884d5_1       conda-forge
Doc Build and Upload	UNKNOWN STEP	2026-07-14T14:52:04.5416481Z   numexpr                           2.14.1             py311h3143de2_102     conda-forge
Doc Build and Upload	UNKNOWN STEP	2026-07-14T14:52:04.5416835Z   numpy                             2.4.6              py311h2e04523_0       conda-forge
Doc Build and Upload	UNKNOWN STEP	2026-07-14T14:52:04.5417217Z   numpy-typing-compat               20251206.2.4       pyhd6139ff_0          conda-forge
Doc Build and Upload	UNKNOWN STEP	2026-07-14T14:52:04.5417749Z   numpydoc                          1.10.0             pyhcf101f3_0          conda-forge
Doc Build and Upload	UNKNOWN STEP	2026-07-14T14:52:04.5418127Z   oauthlib                          3.3.1              pyhd8ed1ab_0          conda-forge
Doc Build and Upload	UNKNOWN STEP	2026-07-14T14:52:04.5418481Z   odfpy                             1.4.1              pyhd8ed1ab_1          conda-forge
Doc Build and Upload	UNKNOWN STEP	2026-07-14T14:52:04.5418878Z   openapi-schema-validator          0.9.0              pyhcf101f3_0          conda-forge
Doc Build and Upload	UNKNOWN STEP	2026-07-14T14:52:04.5419301Z   openapi-spec-validator            0.9.0              pyhcf101f3_0          conda-forge
Doc Build and Upload	UNKNOWN STEP	2026-07-14T14:52:04.5419691Z   openjpeg                          2.5.4              h55fea9a_0            conda-forge
Doc Build and Upload	UNKNOWN STEP	2026-07-14T14:52:04.5420120Z   openldap                          2.6.13             hbde042b_0            conda-forge
Doc Build and Upload	UNKNOWN STEP	2026-07-14T14:52:04.5420491Z   openpyxl                          3.1.5              py311h534898f_3       conda-forge
Doc Build and Upload	UNKNOWN STEP	2026-07-14T14:52:04.5420850Z   openssl                           3.6.3              h35e630c_0            conda-forge
Doc Build and Upload	UNKNOWN STEP	2026-07-14T14:52:04.5421200Z   optype                            0.17.1             pyhc364b38_0          conda-forge
Doc Build and Upload	UNKNOWN STEP	2026-07-14T14:52:04.5421579Z   optype-numpy                      0.17.1             pyh3cfb546_0          conda-forge
Doc Build and Upload	UNKNOWN STEP	2026-07-14T14:52:04.5421939Z   orc                               2.3.0              h21090e2_0            conda-forge
Doc Build and Upload	UNKNOWN STEP	2026-07-14T14:52:04.5422288Z   overrides                         7.7.0              pyhd8ed1ab_1          conda-forge
Doc Build and Upload	UNKNOWN STEP	2026-07-14T14:52:04.5422651Z   packaging                         26.2               pyhc364b38_0          conda-forge
Doc Build and Upload	UNKNOWN STEP	2026-07-14T14:52:04.5423010Z   pandas                            3.0.3              py311h8032f78_0       conda-forge
Doc Build and Upload	UNKNOWN STEP	2026-07-14T14:52:04.5423413Z   pandoc                            3.10               ha770c72_0            conda-forge
Doc Build and Upload	UNKNOWN STEP	2026-07-14T14:52:04.5423781Z   pandocfilters                     1.5.0              pyhd8ed1ab_0          conda-forge
Doc Build and Upload	UNKNOWN STEP	2026-07-14T14:52:04.5424142Z   pango                             1.56.4             hda50119_1            conda-forge
Doc Build and Upload	UNKNOWN STEP	2026-07-14T14:52:04.5424482Z   parso                             0.8.7              pyhcf101f3_0          conda-forge
Doc Build and Upload	UNKNOWN STEP	2026-07-14T14:52:04.5424835Z   partd                             1.4.2              pyhd8ed1ab_0          conda-forge
Doc Build and Upload	UNKNOWN STEP	2026-07-14T14:52:04.5425191Z   pathable                          0.6.0              pyhcf101f3_0          conda-forge
Doc Build and Upload	UNKNOWN STEP	2026-07-14T14:52:04.5425551Z   pathspec                          1.1.1              pyhd8ed1ab_0          conda-forge
Doc Build and Upload	UNKNOWN STEP	2026-07-14T14:52:04.5425903Z   pcre2                             10.47              haa7fec5_0            conda-forge
Doc Build and Upload	UNKNOWN STEP	2026-07-14T14:52:04.5426259Z   pexpect                           4.9.0              pyhd8ed1ab_1          conda-forge
Doc Build and Upload	UNKNOWN STEP	2026-07-14T14:52:04.5426620Z   pickleshare                       0.7.5              pyhd8ed1ab_1004       conda-forge
Doc Build and Upload	UNKNOWN STEP	2026-07-14T14:52:04.5426982Z   pillow                            12.3.0             py311hf88fc01_0       conda-forge
Doc Build and Upload	UNKNOWN STEP	2026-07-14T14:52:04.5427323Z   pip                               26.1.2             pyh8b19718_0          conda-forge
Doc Build and Upload	UNKNOWN STEP	2026-07-14T14:52:04.5427759Z   pixman                            0.46.4             h54a6638_1            conda-forge
Doc Build and Upload	UNKNOWN STEP	2026-07-14T14:52:04.5428115Z   pkginfo                           1.12.1.2           pyhd8ed1ab_0          conda-forge
Doc Build and Upload	UNKNOWN STEP	2026-07-14T14:52:04.5428485Z   platformdirs                      4.10.0             pyhcf101f3_0          conda-forge
Doc Build and Upload	UNKNOWN STEP	2026-07-14T14:52:04.5428855Z   pluggy                            1.6.0              pyhf9edf01_1          conda-forge
Doc Build and Upload	UNKNOWN STEP	2026-07-14T14:52:04.5429211Z   ply                               3.11               pyhd8ed1ab_3          conda-forge
Doc Build and Upload	UNKNOWN STEP	2026-07-14T14:52:04.5429556Z   pre-commit                        4.6.0              pyha770c72_0          conda-forge
Doc Build and Upload	UNKNOWN STEP	2026-07-14T14:52:04.5429924Z   prometheus-cpp                    1.3.0              ha5d0236_0            conda-forge
Doc Build and Upload	UNKNOWN STEP	2026-07-14T14:52:04.5430294Z   prometheus_client                 0.25.0             pyhd8ed1ab_0          conda-forge
Doc Build and Upload	UNKNOWN STEP	2026-07-14T14:52:04.5430679Z   prompt-toolkit                    3.0.52             pyha770c72_0          conda-forge
Doc Build and Upload	UNKNOWN STEP	2026-07-14T14:52:04.5431047Z   propcache                         0.5.2              py311h3778330_0       conda-forge
Doc Build and Upload	UNKNOWN STEP	2026-07-14T14:52:04.5431405Z   proto-plus                        1.28.1             pyhcf101f3_0          conda-forge
Doc Build and Upload	UNKNOWN STEP	2026-07-14T14:52:04.5431763Z   protobuf                          6.33.5             py311h3f0a9aa_2       conda-forge
Doc Build and Upload	UNKNOWN STEP	2026-07-14T14:52:04.5432125Z   psutil                            7.2.2              py311haee01d2_0       conda-forge
Doc Build and Upload	UNKNOWN STEP	2026-07-14T14:52:04.5432475Z   psycopg2                          2.9.12             py311h71af7b3_0       conda-forge
Doc Build and Upload	UNKNOWN STEP	2026-07-14T14:52:04.5432904Z   pthread-stubs                     0.4                hb9d3cd8_1002         conda-forge
Doc Build and Upload	UNKNOWN STEP	2026-07-14T14:52:04.5433273Z   ptyprocess                        0.7.0              pyhd8ed1ab_1          conda-forge
Doc Build and Upload	UNKNOWN STEP	2026-07-14T14:52:04.5433646Z   pulseaudio-client                 17.0               h9a6aba3_3            conda-forge
Doc Build and Upload	UNKNOWN STEP	2026-07-14T14:52:04.5434016Z   pure_eval                         0.2.3              pyhd8ed1ab_1          conda-forge
Doc Build and Upload	UNKNOWN STEP	2026-07-14T14:52:04.5434371Z   py-cpuinfo                        9.0.0              pyhd8ed1ab_1          conda-forge
Doc Build and Upload	UNKNOWN STEP	2026-07-14T14:52:04.5434730Z   pyarrow                           23.0.1             py311h38be061_0       conda-forge
Doc Build and Upload	UNKNOWN STEP	2026-07-14T14:52:04.5435097Z   pyarrow-core                      23.0.1             py311h66caee6_0_cpu   conda-forge
Doc Build and Upload	UNKNOWN STEP	2026-07-14T14:52:04.5435457Z   pyasn1                            0.6.4              pyhcf101f3_0          conda-forge
Doc Build and Upload	UNKNOWN STEP	2026-07-14T14:52:04.5435821Z   pyasn1-modules                    0.4.2              pyhd8ed1ab_0          conda-forge
Doc Build and Upload	UNKNOWN STEP	2026-07-14T14:52:04.5436251Z   pycodestyle                       2.12.1             pyhd8ed1ab_1          conda-forge
Doc Build and Upload	UNKNOWN STEP	2026-07-14T14:52:04.5436608Z   pycparser                         3.0                pyhcf101f3_0          conda-forge
Doc Build and Upload	UNKNOWN STEP	2026-07-14T14:52:04.5436963Z   pydantic                          2.13.4             pyhcf101f3_0          conda-forge
Doc Build and Upload	UNKNOWN STEP	2026-07-14T14:52:04.5437329Z   pydantic-core                     2.46.4             py311h902ca64_0       conda-forge
Doc Build and Upload	UNKNOWN STEP	2026-07-14T14:52:04.5437862Z   pydantic-settings                 2.14.2             pyhcf101f3_0          conda-forge
Doc Build and Upload	UNKNOWN STEP	2026-07-14T14:52:04.5438268Z   pydata-sphinx-theme               0.16.1             pypi_0                pypi       
Doc Build and Upload	UNKNOWN STEP	2026-07-14T14:52:04.5438648Z   pyflakes                          3.2.0              pyhd8ed1ab_1          conda-forge
Doc Build and Upload	UNKNOWN STEP	2026-07-14T14:52:04.5439009Z   pygments                          2.20.0             pyhd8ed1ab_0          conda-forge
Doc Build and Upload	UNKNOWN STEP	2026-07-14T14:52:04.5439392Z   pyiceberg                         0.11.1             np2py311h912ec1f_0    conda-forge
Doc Build and Upload	UNKNOWN STEP	2026-07-14T14:52:04.5439757Z   pyjwt                             2.13.0             pyhcf101f3_0          conda-forge
Doc Build and Upload	UNKNOWN STEP	2026-07-14T14:52:04.5440104Z   pympler                           1.1                pyhd8ed1ab_1          conda-forge
Doc Build and Upload	UNKNOWN STEP	2026-07-14T14:52:04.5440457Z   pymysql                           1.2.0              pyhcf101f3_0          conda-forge
Doc Build and Upload	UNKNOWN STEP	2026-07-14T14:52:04.5440820Z   pyparsing                         3.3.2              pyhcf101f3_0          conda-forge
Doc Build and Upload	UNKNOWN STEP	2026-07-14T14:52:04.5441192Z   pyproject-metadata                0.12.1             pyhd8ed1ab_0          conda-forge
Doc Build and Upload	UNKNOWN STEP	2026-07-14T14:52:04.5441559Z   pyqt                              5.15.11            py311h0580839_2       conda-forge
Doc Build and Upload	UNKNOWN STEP	2026-07-14T14:52:04.5441909Z   pyqt5-sip                         12.17.0            py311h1ddb823_2       conda-forge
Doc Build and Upload	UNKNOWN STEP	2026-07-14T14:52:04.5442267Z   pyreadstat                        1.3.5              py311h71a53d8_0       conda-forge
Doc Build and Upload	UNKNOWN STEP	2026-07-14T14:52:04.5442627Z   pyroaring                         1.0.4              py311h1ddb823_0       conda-forge
Doc Build and Upload	UNKNOWN STEP	2026-07-14T14:52:04.5442975Z   pyside6                           6.11.1             py311hf27b23e_1       conda-forge
Doc Build and Upload	UNKNOWN STEP	2026-07-14T14:52:04.5443326Z   pysocks                           1.7.1              pyha55dd90_7          conda-forge
Doc Build and Upload	UNKNOWN STEP	2026-07-14T14:52:04.5443685Z   pytables                          3.11.1             py311hd94606f_4       conda-forge
Doc Build and Upload	UNKNOWN STEP	2026-07-14T14:52:04.5444033Z   pytest                            9.0.3              pyhc364b38_1          conda-forge
Doc Build and Upload	UNKNOWN STEP	2026-07-14T14:52:04.5444387Z   pytest-cov                        7.1.0              pyhcf101f3_0          conda-forge
Doc Build and Upload	UNKNOWN STEP	2026-07-14T14:52:04.5444751Z   pytest-cython                     0.4.0              pyhd8ed1ab_0          conda-forge
Doc Build and Upload	UNKNOWN STEP	2026-07-14T14:52:04.5445139Z   pytest-localserver                0.10.0             pyhd8ed1ab_0          conda-forge
Doc Build and Upload	UNKNOWN STEP	2026-07-14T14:52:04.5445548Z   pytest-qt                         4.5.0              pyhdecd6ff_0          conda-forge
Doc Build and Upload	UNKNOWN STEP	2026-07-14T14:52:04.5446000Z   pytest-xdist                      3.8.0              pyhd8ed1ab_0          conda-forge
Doc Build and Upload	UNKNOWN STEP	2026-07-14T14:52:04.5446369Z   python                            3.11.15            h7508c33_1_cpython    conda-forge
Doc Build and Upload	UNKNOWN STEP	2026-07-14T14:52:04.5446743Z   python-calamine                   0.6.1              py311hc8fb587_0       conda-forge
Doc Build and Upload	UNKNOWN STEP	2026-07-14T14:52:04.5447138Z   python-dateutil                   2.9.0.post0        pyhe01879c_2          conda-forge
Doc Build and Upload	UNKNOWN STEP	2026-07-14T14:52:04.5447598Z   python-discovery                  1.4.4              pyhcf101f3_0          conda-forge
Doc Build and Upload	UNKNOWN STEP	2026-07-14T14:52:04.5447986Z   python-dotenv                     1.2.2              pyhcf101f3_0          conda-forge
Doc Build and Upload	UNKNOWN STEP	2026-07-14T14:52:04.5448374Z   python-fastjsonschema             2.21.2             pyhe01879c_0          conda-forge
Doc Build and Upload	UNKNOWN STEP	2026-07-14T14:52:04.5448771Z   python-json-logger                4.1.0              pyhd8ed1ab_0          conda-forge
Doc Build and Upload	UNKNOWN STEP	2026-07-14T14:52:04.5449163Z   python-tzdata                     2026.3             pyhd8ed1ab_0          conda-forge
Doc Build and Upload	UNKNOWN STEP	2026-07-14T14:52:04.5449588Z   python_abi                        3.11               8_cp311               conda-forge
Doc Build and Upload	UNKNOWN STEP	2026-07-14T14:52:04.5449935Z   pytz                              2026.2             pyhcf101f3_0          conda-forge
Doc Build and Upload	UNKNOWN STEP	2026-07-14T14:52:04.5450268Z   pyu2f                             0.1.5              pyhd8ed1ab_1          conda-forge
Doc Build and Upload	UNKNOWN STEP	2026-07-14T14:52:04.5450686Z   pyxlsb                            1.0.10             pyhd8ed1ab_0          conda-forge
Doc Build and Upload	UNKNOWN STEP	2026-07-14T14:52:04.5451082Z   pyyaml                            6.0.3              py311h3778330_1       conda-forge
Doc Build and Upload	UNKNOWN STEP	2026-07-14T14:52:04.5451518Z   pyzmq                             27.1.0             py311hca8cfc1_3       conda-forge
Doc Build and Upload	UNKNOWN STEP	2026-07-14T14:52:04.5451871Z   qhull                             2020.2             h434a139_5            conda-forge
Doc Build and Upload	UNKNOWN STEP	2026-07-14T14:52:04.5452218Z   qt-main                           5.15.15            h0c412b5_8            conda-forge
Doc Build and Upload	UNKNOWN STEP	2026-07-14T14:52:04.5452580Z   qt6-main                          6.11.1             pl5321h16c4a6b_1      conda-forge
Doc Build and Upload	UNKNOWN STEP	2026-07-14T14:52:04.5452932Z   re2                               2025.11.05         h5301d42_1            conda-forge
Doc Build and Upload	UNKNOWN STEP	2026-07-14T14:52:04.5453278Z   readline                          8.3                h853b02a_0            conda-forge
Doc Build and Upload	UNKNOWN STEP	2026-07-14T14:52:04.5453636Z   referencing                       0.37.0             pyhcf101f3_0          conda-forge
Doc Build and Upload	UNKNOWN STEP	2026-07-14T14:52:04.5454004Z   requests                          2.34.2             pyhcf101f3_0          conda-forge
Doc Build and Upload	UNKNOWN STEP	2026-07-14T14:52:04.5454374Z   requests-oauthlib                 2.0.0              pyhd8ed1ab_1          conda-forge
Doc Build and Upload	UNKNOWN STEP	2026-07-14T14:52:04.5454749Z   responses                         0.26.2             pyhcf101f3_0          conda-forge
Doc Build and Upload	UNKNOWN STEP	2026-07-14T14:52:04.5455118Z   rfc3339-validator                 0.1.4              pyhd8ed1ab_1          conda-forge
Doc Build and Upload	UNKNOWN STEP	2026-07-14T14:52:04.5455509Z   rfc3986-validator                 0.1.1              pyh9f0ad1d_0          conda-forge
Doc Build and Upload	UNKNOWN STEP	2026-07-14T14:52:04.5455894Z   rfc3987-syntax                    1.1.0              pyhe01879c_1          conda-forge
Doc Build and Upload	UNKNOWN STEP	2026-07-14T14:52:04.5456256Z   rich                              14.3.4             pyhcf101f3_0          conda-forge
Doc Build and Upload	UNKNOWN STEP	2026-07-14T14:52:04.5456618Z   roman-numerals                    4.1.0              pyhd8ed1ab_0          conda-forge
Doc Build and Upload	UNKNOWN STEP	2026-07-14T14:52:04.5456988Z   rpds-py                           2026.6.3           py311h1baac5b_0       conda-forge
Doc Build and Upload	UNKNOWN STEP	2026-07-14T14:52:04.5457329Z   rsa                               4.9.1              pyhd8ed1ab_0          conda-forge
Doc Build and Upload	UNKNOWN STEP	2026-07-14T14:52:04.5457844Z   ruamel.yaml                       0.19.1             pyhcf101f3_0          conda-forge
Doc Build and Upload	UNKNOWN STEP	2026-07-14T14:52:04.5458239Z   ruamel.yaml.clib                  0.2.15             py311haee01d2_1       conda-forge
Doc Build and Upload	UNKNOWN STEP	2026-07-14T14:52:04.5458612Z   s2n                               1.7.5              h7e3ee7f_1            conda-forge
Doc Build and Upload	UNKNOWN STEP	2026-07-14T14:52:04.5458964Z   s3fs                              2026.6.0           pyhd8ed1ab_0          conda-forge
Doc Build and Upload	UNKNOWN STEP	2026-07-14T14:52:04.5459406Z   s3transfer                        0.17.1             pyhd8ed1ab_0          conda-forge
Doc Build and Upload	UNKNOWN STEP	2026-07-14T14:52:04.5459759Z   scipy                             1.17.1             py311hbe70eeb_1       conda-forge
Doc Build and Upload	UNKNOWN STEP	2026-07-14T14:52:04.5460127Z   scipy-stubs                       1.17.1.5           pyhc364b38_0          conda-forge
Doc Build and Upload	UNKNOWN STEP	2026-07-14T14:52:04.5460493Z   seaborn-base                      0.13.2             pyhd8ed1ab_3          conda-forge
Doc Build and Upload	UNKNOWN STEP	2026-07-14T14:52:04.5460867Z   send2trash                        2.1.0              pyha191276_1          conda-forge
Doc Build and Upload	UNKNOWN STEP	2026-07-14T14:52:04.5461228Z   setuptools                        83.0.0             pyh332efcf_0          conda-forge
Doc Build and Upload	UNKNOWN STEP	2026-07-14T14:52:04.5461597Z   sgmllib3k                         1.0.0              pyhd8ed1ab_1          conda-forge
Doc Build and Upload	UNKNOWN STEP	2026-07-14T14:52:04.5461945Z   sip                               6.10.0             py311h1ddb823_1       conda-forge
Doc Build and Upload	UNKNOWN STEP	2026-07-14T14:52:04.5462280Z   six                               1.17.0             pyhe01879c_1          conda-forge
Doc Build and Upload	UNKNOWN STEP	2026-07-14T14:52:04.5462658Z   smmap                             5.0.3              pyhcf101f3_1          conda-forge
Doc Build and Upload	UNKNOWN STEP	2026-07-14T14:52:04.5463011Z   snappy                            1.2.2              h03e3b7b_1            conda-forge
Doc Build and Upload	UNKNOWN STEP	2026-07-14T14:52:04.5463358Z   sniffio                           1.3.1              pyhd8ed1ab_2          conda-forge
Doc Build and Upload	UNKNOWN STEP	2026-07-14T14:52:04.5463724Z   snowballstemmer                   3.1.1              pyhd8ed1ab_0          conda-forge
Doc Build and Upload	UNKNOWN STEP	2026-07-14T14:52:04.5464109Z   sortedcontainers                  2.4.0              pyhd8ed1ab_1          conda-forge
Doc Build and Upload	UNKNOWN STEP	2026-07-14T14:52:04.5464490Z   soupsieve                         2.8.4              pyhd8ed1ab_0          conda-forge
Doc Build and Upload	UNKNOWN STEP	2026-07-14T14:52:04.5464848Z   sphinx                            9.0.4              pyhd8ed1ab_0          conda-forge
Doc Build and Upload	UNKNOWN STEP	2026-07-14T14:52:04.5465220Z   sphinx-copybutton                 0.5.2              pyhd8ed1ab_1          conda-forge
Doc Build and Upload	UNKNOWN STEP	2026-07-14T14:52:04.5465599Z   sphinx-design                     0.7.0              pyhd8ed1ab_0          conda-forge
Doc Build and Upload	UNKNOWN STEP	2026-07-14T14:52:04.5465994Z   sphinxcontrib-applehelp           2.0.0              pyhd8ed1ab_1          conda-forge
Doc Build and Upload	UNKNOWN STEP	2026-07-14T14:52:04.5466400Z   sphinxcontrib-devhelp             2.0.0              pyhd8ed1ab_1          conda-forge
Doc Build and Upload	UNKNOWN STEP	2026-07-14T14:52:04.5466800Z   sphinxcontrib-htmlhelp            2.1.0              pyhd8ed1ab_1          conda-forge
Doc Build and Upload	UNKNOWN STEP	2026-07-14T14:52:04.5467217Z   sphinxcontrib-jsmath              1.0.1              pyhd8ed1ab_1          conda-forge
Doc Build and Upload	UNKNOWN STEP	2026-07-14T14:52:04.5467683Z   sphinxcontrib-qthelp              2.0.0              pyhd8ed1ab_1          conda-forge
Doc Build and Upload	UNKNOWN STEP	2026-07-14T14:52:04.5468117Z   sphinxcontrib-serializinghtml     2.0.0              pyhd8ed1ab_0          conda-forge
Doc Build and Upload	UNKNOWN STEP	2026-07-14T14:52:04.5468515Z   sqlalchemy                        2.0.51             py311haee01d2_0       conda-forge
Doc Build and Upload	UNKNOWN STEP	2026-07-14T14:52:04.5468885Z   stack_data                        0.6.3              pyhd8ed1ab_1          conda-forge
Doc Build and Upload	UNKNOWN STEP	2026-07-14T14:52:04.5469248Z   strictyaml                        1.7.3              pyhd8ed1ab_1          conda-forge
Doc Build and Upload	UNKNOWN STEP	2026-07-14T14:52:04.5469620Z   sysroot_linux-64                  2.39               hc4b9eeb_6            conda-forge
Doc Build and Upload	UNKNOWN STEP	2026-07-14T14:52:04.5469977Z   tabulate                          0.10.0             pyhcf101f3_0          conda-forge
Doc Build and Upload	UNKNOWN STEP	2026-07-14T14:52:04.5470335Z   tenacity                          9.1.4              pyhcf101f3_0          conda-forge
Doc Build and Upload	UNKNOWN STEP	2026-07-14T14:52:04.5470689Z   terminado                         0.18.1             pyhc90fa1f_1          conda-forge
Doc Build and Upload	UNKNOWN STEP	2026-07-14T14:52:04.5471038Z   tinycss2                          1.4.0              pyhd8ed1ab_0          conda-forge
Doc Build and Upload	UNKNOWN STEP	2026-07-14T14:52:04.5471367Z   tk                                8.6.13             noxft_h366c992_103    conda-forge
Doc Build and Upload	UNKNOWN STEP	2026-07-14T14:52:04.5471709Z   tokenize-rt                       6.2.0              pyhd8ed1ab_0          conda-forge
Doc Build and Upload	UNKNOWN STEP	2026-07-14T14:52:04.5472180Z   toml                              0.10.2             pyhcf101f3_3          conda-forge
Doc Build and Upload	UNKNOWN STEP	2026-07-14T14:52:04.5472526Z   tomli                             2.4.1              pyhcf101f3_0          conda-forge
Doc Build and Upload	UNKNOWN STEP	2026-07-14T14:52:04.5472875Z   toolz                             1.1.0              pyhd8ed1ab_1          conda-forge
Doc Build and Upload	UNKNOWN STEP	2026-07-14T14:52:04.5473234Z   tornado                           6.5.7              py311h49ec1c0_0       conda-forge
Doc Build and Upload	UNKNOWN STEP	2026-07-14T14:52:04.5473588Z   traitlets                         5.15.1             pyhcf101f3_0          conda-forge
Doc Build and Upload	UNKNOWN STEP	2026-07-14T14:52:04.5473961Z   types-pymysql                     1.1.0.20260518     pyhcf101f3_0          conda-forge
Doc Build and Upload	UNKNOWN STEP	2026-07-14T14:52:04.5474361Z   types-python-dateutil             2.9.0.20260518     pyhcf101f3_0          conda-forge
Doc Build and Upload	UNKNOWN STEP	2026-07-14T14:52:04.5474757Z   types-pytz                        2026.2.0.20260518  pyhcf101f3_0          conda-forge
Doc Build and Upload	UNKNOWN STEP	2026-07-14T14:52:04.5475130Z   types-pyyaml                      6.0.12.20260518    pyhcf101f3_0          conda-forge
Doc Build and Upload	UNKNOWN STEP	2026-07-14T14:52:04.5475563Z   types-setuptools                  83.0.0.20260706    pyhcf101f3_0          conda-forge
Doc Build and Upload	UNKNOWN STEP	2026-07-14T14:52:04.5475964Z   typing-extensions                 4.16.0             h69aa097_0            conda-forge
Doc Build and Upload	UNKNOWN STEP	2026-07-14T14:52:04.5476359Z   typing-inspection                 0.4.2              pyhcf101f3_2          conda-forge
Doc Build and Upload	UNKNOWN STEP	2026-07-14T14:52:04.5476751Z   typing_extensions                 4.16.0             pyhcf101f3_0          conda-forge
Doc Build and Upload	UNKNOWN STEP	2026-07-14T14:52:04.5477125Z   typing_utils                      0.1.0              pyhd8ed1ab_1          conda-forge
Doc Build and Upload	UNKNOWN STEP	2026-07-14T14:52:04.5477480Z   tzdata                            2025c              hc9c84f9_1            conda-forge
Doc Build and Upload	UNKNOWN STEP	2026-07-14T14:52:04.5477927Z   ukkonen                           1.1.0              py311hdf67eae_0       conda-forge
Doc Build and Upload	UNKNOWN STEP	2026-07-14T14:52:04.5478288Z   unicodedata2                      17.0.1             py311h49ec1c0_0       conda-forge
Doc Build and Upload	UNKNOWN STEP	2026-07-14T14:52:04.5478660Z   uri-template                      1.3.0              pyhd8ed1ab_1          conda-forge
Doc Build and Upload	UNKNOWN STEP	2026-07-14T14:52:04.5479023Z   urllib3                           2.7.0              pyhd8ed1ab_0          conda-forge
Doc Build and Upload	UNKNOWN STEP	2026-07-14T14:52:04.5479385Z   versioneer                        0.29               pyhd8ed1ab_0          conda-forge
Doc Build and Upload	UNKNOWN STEP	2026-07-14T14:52:04.5479747Z   virtualenv                        21.6.1             pyhcf101f3_0          conda-forge
Doc Build and Upload	UNKNOWN STEP	2026-07-14T14:52:04.5480097Z   wayland                           1.25.0             hd6090a7_0            conda-forge
Doc Build and Upload	UNKNOWN STEP	2026-07-14T14:52:04.5480441Z   wcwidth                           0.8.2              pyhd8ed1ab_0          conda-forge
Doc Build and Upload	UNKNOWN STEP	2026-07-14T14:52:04.5480937Z   webcolors                         25.10.0            pyhd8ed1ab_0          conda-forge
Doc Build and Upload	UNKNOWN STEP	2026-07-14T14:52:04.5481302Z   webencodings                      0.5.1              pyhd8ed1ab_3          conda-forge
Doc Build and Upload	UNKNOWN STEP	2026-07-14T14:52:04.5481676Z   websocket-client                  1.9.0              pyhd8ed1ab_0          conda-forge
Doc Build and Upload	UNKNOWN STEP	2026-07-14T14:52:04.5482056Z   werkzeug                          3.1.8              pyhcf101f3_0          conda-forge
Doc Build and Upload	UNKNOWN STEP	2026-07-14T14:52:04.5482408Z   wheel                             0.47.0             pyhd8ed1ab_0          conda-forge
Doc Build and Upload	UNKNOWN STEP	2026-07-14T14:52:04.5482773Z   widgetsnbextension                4.0.15             pyhd8ed1ab_0          conda-forge
Doc Build and Upload	UNKNOWN STEP	2026-07-14T14:52:04.5483145Z   wrapt                             2.2.2              py311h49ec1c0_0       conda-forge
Doc Build and Upload	UNKNOWN STEP	2026-07-14T14:52:04.5483502Z   xarray                            2026.7.0           pyhc364b38_0          conda-forge
Doc Build and Upload	UNKNOWN STEP	2026-07-14T14:52:04.5483852Z   xcb-util                          0.4.1              h4f16b4b_2            conda-forge
Doc Build and Upload	UNKNOWN STEP	2026-07-14T14:52:04.5484210Z   xcb-util-cursor                   0.1.6              hb03c661_0            conda-forge
Doc Build and Upload	UNKNOWN STEP	2026-07-14T14:52:04.5484577Z   xcb-util-image                    0.4.0              hb711507_2            conda-forge
Doc Build and Upload	UNKNOWN STEP	2026-07-14T14:52:04.5484956Z   xcb-util-keysyms                  0.4.1              hb711507_0            conda-forge
Doc Build and Upload	UNKNOWN STEP	2026-07-14T14:52:04.5485410Z   xcb-util-renderutil               0.3.10             hb711507_0            conda-forge
Doc Build and Upload	UNKNOWN STEP	2026-07-14T14:52:04.5485788Z   xcb-util-wm                       0.4.2              hb711507_0            conda-forge
Doc Build and Upload	UNKNOWN STEP	2026-07-14T14:52:04.5486161Z   xkeyboard-config                  2.48               h280c20c_0            conda-forge
Doc Build and Upload	UNKNOWN STEP	2026-07-14T14:52:04.5486531Z   xlrd                              2.0.2              pyhd8ed1ab_0          conda-forge
Doc Build and Upload	UNKNOWN STEP	2026-07-14T14:52:04.5486883Z   xlsxwriter                        3.2.9              pyhd8ed1ab_0          conda-forge
Doc Build and Upload	UNKNOWN STEP	2026-07-14T14:52:04.5487244Z   xmltodict                         1.0.4              pyhcf101f3_0          conda-forge
Doc Build and Upload	UNKNOWN STEP	2026-07-14T14:52:04.5487675Z   xorg-libice                       1.1.2              hb9d3cd8_0            conda-forge
Doc Build and Upload	UNKNOWN STEP	2026-07-14T14:52:04.5488049Z   xorg-libsm                        1.2.6              he73a12e_0            conda-forge
Doc Build and Upload	UNKNOWN STEP	2026-07-14T14:52:04.5488410Z   xorg-libx11                       1.8.13             he1eb515_0            conda-forge
Doc Build and Upload	UNKNOWN STEP	2026-07-14T14:52:04.5488824Z   xorg-libxau                       1.0.12             hb03c661_1            conda-forge
Doc Build and Upload	UNKNOWN STEP	2026-07-14T14:52:04.5489198Z   xorg-libxcomposite                0.4.7              hb03c661_0            conda-forge
Doc Build and Upload	UNKNOWN STEP	2026-07-14T14:52:04.5489590Z   xorg-libxcursor                   1.2.3              hb9d3cd8_0            conda-forge
Doc Build and Upload	UNKNOWN STEP	2026-07-14T14:52:04.5489963Z   xorg-libxdamage                   1.1.6              hb9d3cd8_0            conda-forge
Doc Build and Upload	UNKNOWN STEP	2026-07-14T14:52:04.5490330Z   xorg-libxdmcp                     1.1.5              hb03c661_1            conda-forge
Doc Build and Upload	UNKNOWN STEP	2026-07-14T14:52:04.5490695Z   xorg-libxext                      1.3.7              hb03c661_0            conda-forge
Doc Build and Upload	UNKNOWN STEP	2026-07-14T14:52:04.5491072Z   xorg-libxfixes                    6.0.2              hb03c661_0            conda-forge
Doc Build and Upload	UNKNOWN STEP	2026-07-14T14:52:04.5491436Z   xorg-libxi                        1.8.3              hb03c661_0            conda-forge
Doc Build and Upload	UNKNOWN STEP	2026-07-14T14:52:04.5491803Z   xorg-libxrandr                    1.5.5              hb03c661_0            conda-forge
Doc Build and Upload	UNKNOWN STEP	2026-07-14T14:52:04.5492183Z   xorg-libxrender                   0.9.12             hb9d3cd8_0            conda-forge
Doc Build and Upload	UNKNOWN STEP	2026-07-14T14:52:04.5492576Z   xorg-libxshmfence                 1.3.3              hb9d3cd8_0            conda-forge
Doc Build and Upload	UNKNOWN STEP	2026-07-14T14:52:04.5492989Z   xorg-libxtst                      1.2.5              hb9d3cd8_3            conda-forge
Doc Build and Upload	UNKNOWN STEP	2026-07-14T14:52:04.5493360Z   xorg-libxxf86vm                   1.1.7              hb03c661_0            conda-forge
Doc Build and Upload	UNKNOWN STEP	2026-07-14T14:52:04.5493757Z   xorg-xorgproto                    2025.1             hb03c661_0            conda-forge
Doc Build and Upload	UNKNOWN STEP	2026-07-14T14:52:04.5494139Z   yaml                              0.2.5              h280c20c_3            conda-forge
Doc Build and Upload	UNKNOWN STEP	2026-07-14T14:52:04.5494486Z   yarl                              1.24.2             py311h3778330_0       conda-forge
Doc Build and Upload	UNKNOWN STEP	2026-07-14T14:52:04.5494830Z   zeromq                            4.3.5              h09e67af_11           conda-forge
Doc Build and Upload	UNKNOWN STEP	2026-07-14T14:52:04.5495182Z   zipp                              4.1.0              pyhcf101f3_0          conda-forge
Doc Build and Upload	UNKNOWN STEP	2026-07-14T14:52:04.5495518Z   zlib                              1.3.2              h25fd6f3_2            conda-forge
Doc Build and Upload	UNKNOWN STEP	2026-07-14T14:52:04.5495860Z   zlib-ng                           2.3.3              hceb46e0_1            conda-forge
Doc Build and Upload	UNKNOWN STEP	2026-07-14T14:52:04.5496211Z   zstandard                         0.25.0             py311haee01d2_1       conda-forge
Doc Build and Upload	UNKNOWN STEP	2026-07-14T14:52:04.5496566Z   zstd                              1.5.7              hb78ec9c_6            conda-forge
Doc Build and Upload	UNKNOWN STEP	2026-07-14T14:52:04.5497126Z ##[endgroup]
Doc Build and Upload	UNKNOWN STEP	2026-07-14T14:52:04.5576301Z Prepare all required actions
Doc Build and Upload	UNKNOWN STEP	2026-07-14T14:52:04.5604667Z ##[group]Run ./.github/actions/build_pandas
Doc Build and Upload	UNKNOWN STEP	2026-07-14T14:52:04.5604983Z with:
Doc Build and Upload	UNKNOWN STEP	2026-07-14T14:52:04.5605217Z   editable: true
Doc Build and Upload	UNKNOWN STEP	2026-07-14T14:52:04.5605452Z   werror: true
Doc Build and Upload	UNKNOWN STEP	2026-07-14T14:52:04.5605683Z env:
Doc Build and Upload	UNKNOWN STEP	2026-07-14T14:52:04.5605905Z   ENV_FILE: environment.yml
Doc Build and Upload	UNKNOWN STEP	2026-07-14T14:52:04.5606260Z   PANDAS_CI: 1
Doc Build and Upload	UNKNOWN STEP	2026-07-14T14:52:04.5606502Z   PANDAS_VERSION: 
Doc Build and Upload	UNKNOWN STEP	2026-07-14T14:52:04.5606747Z   PUBLISH_PROD: false
Doc Build and Upload	UNKNOWN STEP	2026-07-14T14:52:04.5607019Z   MAMBA_ROOT_PREFIX: /home/runner/micromamba
Doc Build and Upload	UNKNOWN STEP	2026-07-14T14:52:04.5607334Z   MAMBA_EXE: /home/runner/micromamba-bin/micromamba
Doc Build and Upload	UNKNOWN STEP	2026-07-14T14:52:04.5607853Z   CONDARC: /home/runner/work/pandas/pandas/ci/.condarc
Doc Build and Upload	UNKNOWN STEP	2026-07-14T14:52:04.5608190Z ##[endgroup]
Doc Build and Upload	UNKNOWN STEP	2026-07-14T14:52:04.5623153Z ##[group]Run micromamba info
Doc Build and Upload	UNKNOWN STEP	2026-07-14T14:52:04.5623470Z ^[[36;1mmicromamba info^[[0m
Doc Build and Upload	UNKNOWN STEP	2026-07-14T14:52:04.5623724Z ^[[36;1mmicromamba list^[[0m
Doc Build and Upload	UNKNOWN STEP	2026-07-14T14:52:04.5623968Z ^[[36;1mpip list --pre^[[0m
Doc Build and Upload	UNKNOWN STEP	2026-07-14T14:52:04.5645065Z shell: /usr/bin/bash -el {0}
Doc Build and Upload	UNKNOWN STEP	2026-07-14T14:52:04.5645351Z env:
Doc Build and Upload	UNKNOWN STEP	2026-07-14T14:52:04.5645592Z   ENV_FILE: environment.yml
Doc Build and Upload	UNKNOWN STEP	2026-07-14T14:52:04.5645847Z   PANDAS_CI: 1
Doc Build and Upload	UNKNOWN STEP	2026-07-14T14:52:04.5646086Z   PANDAS_VERSION: 
Doc Build and Upload	UNKNOWN STEP	2026-07-14T14:52:04.5646320Z   PUBLISH_PROD: false
Doc Build and Upload	UNKNOWN STEP	2026-07-14T14:52:04.5646581Z   MAMBA_ROOT_PREFIX: /home/runner/micromamba
Doc Build and Upload	UNKNOWN STEP	2026-07-14T14:52:04.5646907Z   MAMBA_EXE: /home/runner/micromamba-bin/micromamba
Doc Build and Upload	UNKNOWN STEP	2026-07-14T14:52:04.5647265Z   CONDARC: /home/runner/work/pandas/pandas/ci/.condarc
Doc Build and Upload	UNKNOWN STEP	2026-07-14T14:52:04.5647679Z ##[endgroup]
Doc Build and Upload	UNKNOWN STEP	2026-07-14T14:52:04.6673895Z 
Doc Build and Upload	UNKNOWN STEP	2026-07-14T14:52:04.6674669Z        libmamba version : 2.8.1
Doc Build and Upload	UNKNOWN STEP	2026-07-14T14:52:04.6675079Z      micromamba version : 2.8.1
Doc Build and Upload	UNKNOWN STEP	2026-07-14T14:52:04.6675627Z            curl version : libcurl/8.20.0 OpenSSL/3.5.6 zlib/1.3.2 zstd/1.5.7 libssh2/1.11.1 nghttp2/1.68.1 mit-krb5/1.22.2
Doc Build and Upload	UNKNOWN STEP	2026-07-14T14:52:04.6676300Z      libarchive version : libarchive 3.8.7 zlib/1.3.2 bz2lib/1.0.8 libzstd/1.5.7 libb2/bundled
Doc Build and Upload	UNKNOWN STEP	2026-07-14T14:52:04.6676850Z        envs directories : /home/runner/micromamba/envs
Doc Build and Upload	UNKNOWN STEP	2026-07-14T14:52:04.6677296Z           package cache : /home/runner/micromamba/pkgs
Doc Build and Upload	UNKNOWN STEP	2026-07-14T14:52:04.6677866Z                           /home/runner/.mamba/pkgs
Doc Build and Upload	UNKNOWN STEP	2026-07-14T14:52:04.6678247Z             environment : test (active)
Doc Build and Upload	UNKNOWN STEP	2026-07-14T14:52:04.6678633Z            env location : /home/runner/micromamba/envs/test
Doc Build and Upload	UNKNOWN STEP	2026-07-14T14:52:04.6679054Z       user config files : /home/runner/.mambarc
Doc Build and Upload	UNKNOWN STEP	2026-07-14T14:52:04.6679548Z  populated config files : /home/runner/work/pandas/pandas/ci/.condarc
Doc Build and Upload	UNKNOWN STEP	2026-07-14T14:52:04.6679997Z        virtual packages : __unix=0=0
Doc Build and Upload	UNKNOWN STEP	2026-07-14T14:52:04.6680360Z                           __linux=6.17.0=0
Doc Build and Upload	UNKNOWN STEP	2026-07-14T14:52:04.6680646Z                           __glibc=2.39=0
Doc Build and Upload	UNKNOWN STEP	2026-07-14T14:52:04.6680916Z                           __archspec=1=x86_64_v4
Doc Build and Upload	UNKNOWN STEP	2026-07-14T14:52:04.6681270Z                channels : https://conda.anaconda.org/conda-forge/linux-64
Doc Build and Upload	UNKNOWN STEP	2026-07-14T14:52:04.6681639Z                           https://conda.anaconda.org/conda-forge/noarch
Doc Build and Upload	UNKNOWN STEP	2026-07-14T14:52:04.6681967Z        base environment : /home/runner/micromamba
Doc Build and Upload	UNKNOWN STEP	2026-07-14T14:52:04.6682297Z                platform : linux-64
Doc Build and Upload	UNKNOWN STEP	2026-07-14T14:52:05.9542944Z List of packages in environment: "/home/runner/micromamba/envs/test"
Doc Build and Upload	UNKNOWN STEP	2026-07-14T14:52:05.9543577Z 
Doc Build and Upload	UNKNOWN STEP	2026-07-14T14:52:05.9543815Z   Name                              Version            Build                 Channel    
Doc Build and Upload	UNKNOWN STEP	2026-07-14T14:52:05.9545194Z ──────────────────────────────────────────────────────────────────────────────────────────
Doc Build and Upload	UNKNOWN STEP	2026-07-14T14:52:05.9545749Z   _openmp_mutex                     4.5                20_gnu                conda-forge
Doc Build and Upload	UNKNOWN STEP	2026-07-14T14:52:05.9546281Z   accessible-pygments               0.0.5              pypi_0                pypi       
Doc Build and Upload	UNKNOWN STEP	2026-07-14T14:52:05.9546866Z   adbc-driver-manager               1.11.0             py311h1ddb823_0       conda-forge
Doc Build and Upload	UNKNOWN STEP	2026-07-14T14:52:05.9547382Z   adbc-driver-postgresql            1.11.0             pyha770c72_0          conda-forge
Doc Build and Upload	UNKNOWN STEP	2026-07-14T14:52:05.9548744Z   adbc-driver-sqlite                1.11.0             pyha770c72_0          conda-forge
Doc Build and Upload	UNKNOWN STEP	2026-07-14T14:52:05.9549414Z   aiobotocore                       3.7.0              pyhcf101f3_0          conda-forge
Doc Build and Upload	UNKNOWN STEP	2026-07-14T14:52:05.9549938Z   aiohappyeyeballs                  2.7.1              pyhd8ed1ab_0          conda-forge
Doc Build and Upload	UNKNOWN STEP	2026-07-14T14:52:05.9550458Z   aiohttp                           3.14.1             py311h55b9665_0       conda-forge
Doc Build and Upload	UNKNOWN STEP	2026-07-14T14:52:05.9551045Z   aioitertools                      0.13.0             pyhd8ed1ab_0          conda-forge
Doc Build and Upload	UNKNOWN STEP	2026-07-14T14:52:05.9551530Z   aiosignal                         1.4.0              pyhd8ed1ab_0          conda-forge
Doc Build and Upload	UNKNOWN STEP	2026-07-14T14:52:05.9552065Z   aiosmtpd                          1.4.6              pyhd8ed1ab_1          conda-forge
Doc Build and Upload	UNKNOWN STEP	2026-07-14T14:52:05.9552567Z   alabaster                         1.0.0              pyhd8ed1ab_1          conda-forge
Doc Build and Upload	UNKNOWN STEP	2026-07-14T14:52:05.9553039Z   alsa-lib                          1.2.16.1           hb03c661_0            conda-forge
Doc Build and Upload	UNKNOWN STEP	2026-07-14T14:52:05.9553598Z   annotated-types                   0.7.0              pyhd8ed1ab_1          conda-forge
Doc Build and Upload	UNKNOWN STEP	2026-07-14T14:52:05.9554089Z   anyio                             4.14.2             pyhcf101f3_0          conda-forge
Doc Build and Upload	UNKNOWN STEP	2026-07-14T14:52:05.9554562Z   argon2-cffi                       25.1.0             pyhd8ed1ab_0          conda-forge
Doc Build and Upload	UNKNOWN STEP	2026-07-14T14:52:05.9555108Z   argon2-cffi-bindings              25.1.0             py311h49ec1c0_2       conda-forge
Doc Build and Upload	UNKNOWN STEP	2026-07-14T14:52:05.9555632Z   arrow                             1.4.0              pyhcf101f3_0          conda-forge
Doc Build and Upload	UNKNOWN STEP	2026-07-14T14:52:05.9556101Z   asttokens                         3.0.2              pyhd8ed1ab_0          conda-forge
Doc Build and Upload	UNKNOWN STEP	2026-07-14T14:52:05.9556598Z   asv                               0.6.6              py311h1ddb823_1       conda-forge
Doc Build and Upload	UNKNOWN STEP	2026-07-14T14:52:05.9557092Z   asv_runner                        0.2.5              pyhd8ed1ab_2          conda-forge
Doc Build and Upload	UNKNOWN STEP	2026-07-14T14:52:05.9557716Z   async-lru                         2.3.0              pyhcf101f3_0          conda-forge
Doc Build and Upload	UNKNOWN STEP	2026-07-14T14:52:05.9558385Z   atpublic                          7.0.0              pyhd8ed1ab_0          conda-forge
Doc Build and Upload	UNKNOWN STEP	2026-07-14T14:52:05.9559045Z   attrs                             26.1.0             pyhcf101f3_0          conda-forge
Doc Build and Upload	UNKNOWN STEP	2026-07-14T14:52:05.9559699Z   aws-c-auth                        0.10.3             hdc83ae9_4            conda-forge
Doc Build and Upload	UNKNOWN STEP	2026-07-14T14:52:05.9560331Z   aws-c-cal                         0.9.14             h6e18c7b_3            conda-forge
Doc Build and Upload	UNKNOWN STEP	2026-07-14T14:52:05.9560900Z   aws-c-common                      0.14.1             hb03c661_0            conda-forge
Doc Build and Upload	UNKNOWN STEP	2026-07-14T14:52:05.9561405Z   aws-c-compression                 0.3.2              haaf8e00_3            conda-forge
Doc Build and Upload	UNKNOWN STEP	2026-07-14T14:52:05.9561962Z   aws-c-event-stream                0.7.1              h31346e9_3            conda-forge
Doc Build and Upload	UNKNOWN STEP	2026-07-14T14:52:05.9562467Z   aws-c-http                        0.11.0             h434eaf2_3            conda-forge
Doc Build and Upload	UNKNOWN STEP	2026-07-14T14:52:05.9562956Z   aws-c-io                          0.26.3             ha0b0e19_6            conda-forge
Doc Build and Upload	UNKNOWN STEP	2026-07-14T14:52:05.9563467Z   aws-c-mqtt                        0.16.0             h4976820_1            conda-forge
Doc Build and Upload	UNKNOWN STEP	2026-07-14T14:52:05.9563950Z   aws-c-s3                          0.12.6             hd767fb6_1            conda-forge
Doc Build and Upload	UNKNOWN STEP	2026-07-14T14:52:05.9564424Z   aws-c-sdkutils                    0.2.7              haaf8e00_1            conda-forge
Doc Build and Upload	UNKNOWN STEP	2026-07-14T14:52:05.9565064Z   aws-checksums                     0.2.10             haaf8e00_3            conda-forge
Doc Build and Upload	UNKNOWN STEP	2026-07-14T14:52:05.9565596Z   aws-crt-cpp                       0.40.1             h085388a_2            conda-forge
Doc Build and Upload	UNKNOWN STEP	2026-07-14T14:52:05.9566109Z   aws-sdk-cpp                       1.11.833           h799c9a6_8            conda-forge
Doc Build and Upload	UNKNOWN STEP	2026-07-14T14:52:05.9566585Z   aws-xray-sdk                      2.15.0             pyhd8ed1ab_0          conda-forge
Doc Build and Upload	UNKNOWN STEP	2026-07-14T14:52:05.9567074Z   azure-core-cpp                    1.16.3             h206d751_0            conda-forge
Doc Build and Upload	UNKNOWN STEP	2026-07-14T14:52:05.9567848Z   azure-identity-cpp                1.13.3             h71f81a8_2            conda-forge
Doc Build and Upload	UNKNOWN STEP	2026-07-14T14:52:05.9568381Z   azure-storage-blobs-cpp           12.18.0            h74b55db_1            conda-forge
Doc Build and Upload	UNKNOWN STEP	2026-07-14T14:52:05.9569000Z   azure-storage-common-cpp          12.14.0            hf596fc9_1            conda-forge
Doc Build and Upload	UNKNOWN STEP	2026-07-14T14:52:05.9569614Z   azure-storage-files-datalake-cpp  12.16.0            h1f05bef_1            conda-forge
Doc Build and Upload	UNKNOWN STEP	2026-07-14T14:52:05.9570126Z   babel                             2.18.0             pyhcf101f3_1          conda-forge
Doc Build and Upload	UNKNOWN STEP	2026-07-14T14:52:05.9570611Z   backports.zstd                    1.6.0              py311h6b1f9c4_0       conda-forge
Doc Build and Upload	UNKNOWN STEP	2026-07-14T14:52:05.9571098Z   beautifulsoup4                    4.15.0             pyha770c72_0          conda-forge
Doc Build and Upload	UNKNOWN STEP	2026-07-14T14:52:05.9571635Z   binutils                          2.45.1             default_h4852527_102  conda-forge
Doc Build and Upload	UNKNOWN STEP	2026-07-14T14:52:05.9572155Z   binutils_impl_linux-64            2.45.1             default_hfdba357_102  conda-forge
Doc Build and Upload	UNKNOWN STEP	2026-07-14T14:52:05.9572660Z   binutils_linux-64                 2.45.1             default_h4852527_102  conda-forge
Doc Build and Upload	UNKNOWN STEP	2026-07-14T14:52:05.9573196Z   bleach                            6.4.0              pyhcf101f3_0          conda-forge
Doc Build and Upload	UNKNOWN STEP	2026-07-14T14:52:05.9573690Z   bleach-with-css                   6.4.0              hac0b51c_0            conda-forge
Doc Build and Upload	UNKNOWN STEP	2026-07-14T14:52:05.9574162Z   blinker                           1.9.0              pyhff2d567_0          conda-forge
Doc Build and Upload	UNKNOWN STEP	2026-07-14T14:52:05.9574645Z   blosc                             1.21.6             he440d0b_1            conda-forge
Doc Build and Upload	UNKNOWN STEP	2026-07-14T14:52:05.9575136Z   boto3                             1.43.0             pyhd8ed1ab_0          conda-forge
Doc Build and Upload	UNKNOWN STEP	2026-07-14T14:52:05.9575591Z   botocore                          1.43.0             pyhd8ed1ab_0          conda-forge
Doc Build and Upload	UNKNOWN STEP	2026-07-14T14:52:05.9576085Z   bottleneck                        1.6.0              np2py311h50facf7_3    conda-forge
Doc Build and Upload	UNKNOWN STEP	2026-07-14T14:52:05.9576575Z   brotli                            1.2.0              hed03a55_1            conda-forge
Doc Build and Upload	UNKNOWN STEP	2026-07-14T14:52:05.9577062Z   brotli-bin                        1.2.0              hb03c661_1            conda-forge
Doc Build and Upload	UNKNOWN STEP	2026-07-14T14:52:05.9577692Z   brotli-python                     1.2.0              py311h66f275b_1       conda-forge
Doc Build and Upload	UNKNOWN STEP	2026-07-14T14:52:05.9578202Z   bzip2                             1.0.8              hda65f42_9            conda-forge
Doc Build and Upload	UNKNOWN STEP	2026-07-14T14:52:05.9578693Z   c-ares                            1.34.6             hb03c661_0            conda-forge
Doc Build and Upload	UNKNOWN STEP	2026-07-14T14:52:05.9579191Z   c-blosc2                          3.2.1              hc31b594_0            conda-forge
Doc Build and Upload	UNKNOWN STEP	2026-07-14T14:52:05.9579700Z   c-compiler                        1.11.0             h4d9bdce_0            conda-forge
Doc Build and Upload	UNKNOWN STEP	2026-07-14T14:52:05.9580183Z   ca-certificates                   2026.6.17          hbd8a1cb_0            conda-forge
Doc Build and Upload	UNKNOWN STEP	2026-07-14T14:52:05.9580731Z   cached-property                   1.5.2              hd8ed1ab_2            conda-forge
Doc Build and Upload	UNKNOWN STEP	2026-07-14T14:52:05.9581261Z   cached_property                   1.5.2              pyha770c72_2          conda-forge
Doc Build and Upload	UNKNOWN STEP	2026-07-14T14:52:05.9581735Z   cachetools                        6.2.6              pyhd8ed1ab_0          conda-forge
Doc Build and Upload	UNKNOWN STEP	2026-07-14T14:52:05.9582236Z   cairo                             1.18.4             he90730b_1            conda-forge
Doc Build and Upload	UNKNOWN STEP	2026-07-14T14:52:05.9582788Z   certifi                           2026.6.17          pyhd8ed1ab_0          conda-forge
Doc Build and Upload	UNKNOWN STEP	2026-07-14T14:52:05.9583333Z   cffi                              2.1.0              py311h03d9500_0       conda-forge
Doc Build and Upload	UNKNOWN STEP	2026-07-14T14:52:05.9785057Z   cfgv                              3.5.0              pyhd8ed1ab_0          conda-forge
Doc Build and Upload	UNKNOWN STEP	2026-07-14T14:52:05.9785846Z   charset-normalizer                3.4.9              pyhd8ed1ab_0          conda-forge
Doc Build and Upload	UNKNOWN STEP	2026-07-14T14:52:05.9786527Z   click                             8.4.2              pyhc90fa1f_0          conda-forge
Doc Build and Upload	UNKNOWN STEP	2026-07-14T14:52:05.9787299Z   cloudpickle                       3.1.2              pyhcf101f3_1          conda-forge
Doc Build and Upload	UNKNOWN STEP	2026-07-14T14:52:05.9788041Z   colorama                          0.4.6              pyhd8ed1ab_1          conda-forge
Doc Build and Upload	UNKNOWN STEP	2026-07-14T14:52:05.9788713Z   comm                              0.2.3              pyhe01879c_0          conda-forge
Doc Build and Upload	UNKNOWN STEP	2026-07-14T14:52:05.9789302Z   conda-gcc-specs                   14.3.0             he8ccf15_19           conda-forge
Doc Build and Upload	UNKNOWN STEP	2026-07-14T14:52:05.9789806Z   contourpy                         1.3.3              py311h724c32c_4       conda-forge
Doc Build and Upload	UNKNOWN STEP	2026-07-14T14:52:05.9790286Z   coverage                          7.15.1             py311h3778330_0       conda-forge
Doc Build and Upload	UNKNOWN STEP	2026-07-14T14:52:05.9790814Z   cramjam                           2.11.0             py311hc665cac_2       conda-forge
Doc Build and Upload	UNKNOWN STEP	2026-07-14T14:52:05.9791340Z   cryptography                      49.0.0             py311h2005dd1_0       conda-forge
Doc Build and Upload	UNKNOWN STEP	2026-07-14T14:52:05.9791756Z   cxx-compiler                      1.11.0             hfcd1e18_0            conda-forge
Doc Build and Upload	UNKNOWN STEP	2026-07-14T14:52:05.9792156Z   cycler                            0.12.1             pyhcf101f3_2          conda-forge
Doc Build and Upload	UNKNOWN STEP	2026-07-14T14:52:05.9792540Z   cyrus-sasl                        2.1.28             hac629b4_1            conda-forge
Doc Build and Upload	UNKNOWN STEP	2026-07-14T14:52:05.9792970Z   cython                            3.2.8              py311h0daaf2c_0       conda-forge
Doc Build and Upload	UNKNOWN STEP	2026-07-14T14:52:05.9793375Z   dask-core                         2026.7.1           pyhc364b38_0          conda-forge
Doc Build and Upload	UNKNOWN STEP	2026-07-14T14:52:05.9793778Z   dbus                              1.16.2             h24cb091_1            conda-forge
Doc Build and Upload	UNKNOWN STEP	2026-07-14T14:52:05.9794165Z   debugpy                           1.8.21             py311hc665b79_0       conda-forge
Doc Build and Upload	UNKNOWN STEP	2026-07-14T14:52:05.9794571Z   decorator                         5.3.1              pyhd8ed1ab_0          conda-forge
Doc Build and Upload	UNKNOWN STEP	2026-07-14T14:52:05.9794974Z   defusedxml                        0.7.1              pyhd8ed1ab_0          conda-forge
Doc Build and Upload	UNKNOWN STEP	2026-07-14T14:52:05.9795359Z   distlib                           0.4.3              pyhcf101f3_0          conda-forge
Doc Build and Upload	UNKNOWN STEP	2026-07-14T14:52:05.9795747Z   docutils                          0.22.4             pyhd8ed1ab_0          conda-forge
Doc Build and Upload	UNKNOWN STEP	2026-07-14T14:52:05.9796126Z   doit                              0.37.0             pyhcf101f3_0          conda-forge
Doc Build and Upload	UNKNOWN STEP	2026-07-14T14:52:05.9796525Z   double-conversion                 3.4.0              hecca717_0            conda-forge
Doc Build and Upload	UNKNOWN STEP	2026-07-14T14:52:05.9796928Z   et_xmlfile                        2.0.0              pyhd8ed1ab_1          conda-forge
Doc Build and Upload	UNKNOWN STEP	2026-07-14T14:52:05.9797332Z   exceptiongroup                    1.3.1              pyhd8ed1ab_0          conda-forge
Doc Build and Upload	UNKNOWN STEP	2026-07-14T14:52:05.9797899Z   execnet                           2.1.2              pyhd8ed1ab_0          conda-forge
Doc Build and Upload	UNKNOWN STEP	2026-07-14T14:52:05.9798297Z   executing                         2.2.1              pyhd8ed1ab_0          conda-forge
Doc Build and Upload	UNKNOWN STEP	2026-07-14T14:52:05.9798714Z   fastparquet                       2026.5.0           py311h0372a8f_0       conda-forge
Doc Build and Upload	UNKNOWN STEP	2026-07-14T14:52:05.9799122Z   feedparser                        6.0.12             pyhd8ed1ab_0          conda-forge
Doc Build and Upload	UNKNOWN STEP	2026-07-14T14:52:05.9799518Z   filelock                          3.29.7             pyhd8ed1ab_0          conda-forge
Doc Build and Upload	UNKNOWN STEP	2026-07-14T14:52:05.9799896Z   flake8                            7.1.0              pyhd8ed1ab_0          conda-forge
Doc Build and Upload	UNKNOWN STEP	2026-07-14T14:52:05.9800265Z   flask                             3.1.3              pyhcf101f3_1          conda-forge
Doc Build and Upload	UNKNOWN STEP	2026-07-14T14:52:05.9800767Z   flask-cors                        6.0.5              pyhcf101f3_0          conda-forge
Doc Build and Upload	UNKNOWN STEP	2026-07-14T14:52:05.9801195Z   font-ttf-dejavu-sans-mono         2.37               hab24e00_0            conda-forge
Doc Build and Upload	UNKNOWN STEP	2026-07-14T14:52:05.9801631Z   font-ttf-inconsolata              3.000              h77eed37_0            conda-forge
Doc Build and Upload	UNKNOWN STEP	2026-07-14T14:52:05.9802057Z   font-ttf-source-code-pro          2.038              h77eed37_0            conda-forge
Doc Build and Upload	UNKNOWN STEP	2026-07-14T14:52:05.9802476Z   font-ttf-ubuntu                   0.83               h77eed37_3            conda-forge
Doc Build and Upload	UNKNOWN STEP	2026-07-14T14:52:05.9802933Z   fontconfig                        2.18.1             h27c8c51_0            conda-forge
Doc Build and Upload	UNKNOWN STEP	2026-07-14T14:52:05.9803334Z   fonts-conda-ecosystem             1                  0                     conda-forge
Doc Build and Upload	UNKNOWN STEP	2026-07-14T14:52:05.9803742Z   fonts-conda-forge                 1                  hc364b38_1            conda-forge
Doc Build and Upload	UNKNOWN STEP	2026-07-14T14:52:05.9804129Z   fonttools                         4.63.0             py311h3778330_0       conda-forge
Doc Build and Upload	UNKNOWN STEP	2026-07-14T14:52:05.9804502Z   fqdn                              1.5.1              pyhd8ed1ab_1          conda-forge
Doc Build and Upload	UNKNOWN STEP	2026-07-14T14:52:05.9804875Z   freetype                          2.14.3             ha770c72_0            conda-forge
Doc Build and Upload	UNKNOWN STEP	2026-07-14T14:52:05.9805249Z   fribidi                           1.0.16             hb03c661_0            conda-forge
Doc Build and Upload	UNKNOWN STEP	2026-07-14T14:52:05.9805631Z   frozenlist                        1.8.0              py311h52bc045_0       conda-forge
Doc Build and Upload	UNKNOWN STEP	2026-07-14T14:52:05.9806022Z   fsspec                            2026.6.0           pyhd8ed1ab_0          conda-forge
Doc Build and Upload	UNKNOWN STEP	2026-07-14T14:52:05.9806395Z   gcc                               14.3.0             h0dff253_19           conda-forge
Doc Build and Upload	UNKNOWN STEP	2026-07-14T14:52:05.9806767Z   gcc_impl_linux-64                 14.3.0             h235f0fe_19           conda-forge
Doc Build and Upload	UNKNOWN STEP	2026-07-14T14:52:05.9807158Z   gcc_linux-64                      14.3.0             h50e9bb6_27           conda-forge
Doc Build and Upload	UNKNOWN STEP	2026-07-14T14:52:05.9807653Z   gcsfs                             2026.7.0           pyhd8ed1ab_0          conda-forge
Doc Build and Upload	UNKNOWN STEP	2026-07-14T14:52:05.9808059Z   gflags                            2.2.2              h5888daf_1005         conda-forge
Doc Build and Upload	UNKNOWN STEP	2026-07-14T14:52:05.9808432Z   gitdb                             4.0.12             pyhd8ed1ab_0          conda-forge
Doc Build and Upload	UNKNOWN STEP	2026-07-14T14:52:05.9808819Z   gitpython                         3.1.51             pyhd8ed1ab_0          conda-forge
Doc Build and Upload	UNKNOWN STEP	2026-07-14T14:52:05.9809206Z   glib                              2.88.2             hbe0478d_0            conda-forge
Doc Build and Upload	UNKNOWN STEP	2026-07-14T14:52:05.9809577Z   glib-tools                        2.88.2             h8094192_0            conda-forge
Doc Build and Upload	UNKNOWN STEP	2026-07-14T14:52:05.9809955Z   glog                              0.7.1              hbabe93e_0            conda-forge
Doc Build and Upload	UNKNOWN STEP	2026-07-14T14:52:05.9810337Z   google-api-core                   2.31.0             pyhcf101f3_0          conda-forge
Doc Build and Upload	UNKNOWN STEP	2026-07-14T14:52:05.9810730Z   google-auth                       2.56.0             pyhcf101f3_0          conda-forge
Doc Build and Upload	UNKNOWN STEP	2026-07-14T14:52:05.9811133Z   google-auth-oauthlib              1.4.0              pyhd8ed1ab_0          conda-forge
Doc Build and Upload	UNKNOWN STEP	2026-07-14T14:52:05.9811546Z   google-cloud-core                 2.6.0              pyhcf101f3_1          conda-forge
Doc Build and Upload	UNKNOWN STEP	2026-07-14T14:52:05.9811972Z   google-cloud-storage              3.12.1             pyhcf101f3_0          conda-forge
Doc Build and Upload	UNKNOWN STEP	2026-07-14T14:52:05.9812405Z   google-cloud-storage-control      1.10.0             pyhcf101f3_0          conda-forge
Doc Build and Upload	UNKNOWN STEP	2026-07-14T14:52:05.9812837Z   google-crc32c                     1.8.0              py311h2702b87_1       conda-forge
Doc Build and Upload	UNKNOWN STEP	2026-07-14T14:52:05.9813260Z   google-resumable-media            2.8.0              pyhd8ed1ab_0          conda-forge
Doc Build and Upload	UNKNOWN STEP	2026-07-14T14:52:05.9813700Z   googleapis-common-protos          1.75.0             pyhcf101f3_0          conda-forge
Doc Build and Upload	UNKNOWN STEP	2026-07-14T14:52:05.9814145Z   googleapis-common-protos-grpc     1.75.0             pyhcf101f3_0          conda-forge
Doc Build and Upload	UNKNOWN STEP	2026-07-14T14:52:05.9814581Z   graphite2                         1.3.15             hecca717_0            conda-forge
Doc Build and Upload	UNKNOWN STEP	2026-07-14T14:52:05.9815042Z   greenlet                          3.5.3              py311hc665b79_0       conda-forge
Doc Build and Upload	UNKNOWN STEP	2026-07-14T14:52:05.9815436Z   grpc-google-iam-v1                0.14.4             pyhcf101f3_0          conda-forge
Doc Build and Upload	UNKNOWN STEP	2026-07-14T14:52:05.9815824Z   grpcio                            1.78.1             py311h3aa0767_0       conda-forge
Doc Build and Upload	UNKNOWN STEP	2026-07-14T14:52:05.9816203Z   grpcio-status                     1.78.1             pyhcf101f3_0          conda-forge
Doc Build and Upload	UNKNOWN STEP	2026-07-14T14:52:05.9816604Z   gst-plugins-base                  1.26.11            h6d08254_0            conda-forge
Doc Build and Upload	UNKNOWN STEP	2026-07-14T14:52:05.9817036Z   gstreamer                         1.26.11            h29cf534_0            conda-forge
Doc Build and Upload	UNKNOWN STEP	2026-07-14T14:52:05.9817407Z   gxx                               14.3.0             he448592_7            conda-forge
Doc Build and Upload	UNKNOWN STEP	2026-07-14T14:52:05.9817905Z   gxx_impl_linux-64                 14.3.0             h2185e75_19           conda-forge
Doc Build and Upload	UNKNOWN STEP	2026-07-14T14:52:05.9818312Z   gxx_linux-64                      14.3.0             hd240bd5_27           conda-forge
Doc Build and Upload	UNKNOWN STEP	2026-07-14T14:52:05.9818684Z   h11                               0.16.0             pyhcf101f3_1          conda-forge
Doc Build and Upload	UNKNOWN STEP	2026-07-14T14:52:05.9819033Z   h2                                4.3.0              pyhcf101f3_0          conda-forge
Doc Build and Upload	UNKNOWN STEP	2026-07-14T14:52:05.9819401Z   harfbuzz                          14.2.1             ha770c72_1            conda-forge
Doc Build and Upload	UNKNOWN STEP	2026-07-14T14:52:05.9819779Z   hdf5                              2.1.0              nompi_hc8ae080_109    conda-forge
Doc Build and Upload	UNKNOWN STEP	2026-07-14T14:52:05.9820150Z   hpack                             4.2.0              pyhd8ed1ab_0          conda-forge
Doc Build and Upload	UNKNOWN STEP	2026-07-14T14:52:05.9820522Z   html5lib                          1.1                pyhd8ed1ab_2          conda-forge
Doc Build and Upload	UNKNOWN STEP	2026-07-14T14:52:05.9820897Z   httpcore                          1.0.9              pyh29332c3_0          conda-forge
Doc Build and Upload	UNKNOWN STEP	2026-07-14T14:52:05.9821274Z   httpx                             0.28.1             pyhd8ed1ab_0          conda-forge
Doc Build and Upload	UNKNOWN STEP	2026-07-14T14:52:05.9821649Z   hyperframe                        6.1.0              pyhd8ed1ab_0          conda-forge
Doc Build and Upload	UNKNOWN STEP	2026-07-14T14:52:05.9822040Z   hypothesis                        6.156.6            py311h902ca64_0       conda-forge
Doc Build and Upload	UNKNOWN STEP	2026-07-14T14:52:05.9822417Z   icu                               78.3               h33c6efd_0            conda-forge
Doc Build and Upload	UNKNOWN STEP	2026-07-14T14:52:05.9822793Z   identify                          2.6.19             pyhd8ed1ab_0          conda-forge
Doc Build and Upload	UNKNOWN STEP	2026-07-14T14:52:05.9823162Z   idna                              3.18               pyhcf101f3_0          conda-forge
Doc Build and Upload	UNKNOWN STEP	2026-07-14T14:52:05.9823537Z   imagesize                         2.0.0              pyhd8ed1ab_0          conda-forge
Doc Build and Upload	UNKNOWN STEP	2026-07-14T14:52:05.9823946Z   importlib-metadata                9.0.0              pyhcf101f3_0          conda-forge
Doc Build and Upload	UNKNOWN STEP	2026-07-14T14:52:05.9824359Z   importlib_resources               7.1.0              pyhd8ed1ab_0          conda-forge
Doc Build and Upload	UNKNOWN STEP	2026-07-14T14:52:05.9824754Z   iniconfig                         2.3.0              pyhd8ed1ab_0          conda-forge
Doc Build and Upload	UNKNOWN STEP	2026-07-14T14:52:05.9825133Z   ipykernel                         7.3.0              pyha191276_0          conda-forge
Doc Build and Upload	UNKNOWN STEP	2026-07-14T14:52:05.9825519Z   ipython                           9.15.0             pyh53cf698_0          conda-forge
Doc Build and Upload	UNKNOWN STEP	2026-07-14T14:52:05.9825919Z   ipython_pygments_lexers           1.1.1              pyhd8ed1ab_0          conda-forge
Doc Build and Upload	UNKNOWN STEP	2026-07-14T14:52:05.9826321Z   ipywidgets                        8.1.8              pyhd8ed1ab_0          conda-forge
Doc Build and Upload	UNKNOWN STEP	2026-07-14T14:52:05.9826693Z   isoduration                       20.11.0            pyhd8ed1ab_1          conda-forge
Doc Build and Upload	UNKNOWN STEP	2026-07-14T14:52:05.9827085Z   itsdangerous                      2.2.0              pyhd8ed1ab_1          conda-forge
Doc Build and Upload	UNKNOWN STEP	2026-07-14T14:52:05.9827458Z   jedi                              0.20.0             pyhcf101f3_0          conda-forge
Doc Build and Upload	UNKNOWN STEP	2026-07-14T14:52:05.9827952Z   jinja2                            3.1.6              pyhcf101f3_1          conda-forge
Doc Build and Upload	UNKNOWN STEP	2026-07-14T14:52:05.9828321Z   jmespath                          1.1.0              pyhcf101f3_1          conda-forge
Doc Build and Upload	UNKNOWN STEP	2026-07-14T14:52:05.9828777Z   joserfc                           1.7.3              pyhd8ed1ab_0          conda-forge
Doc Build and Upload	UNKNOWN STEP	2026-07-14T14:52:05.9829146Z   json5                             0.15.0             pyhd8ed1ab_0          conda-forge
Doc Build and Upload	UNKNOWN STEP	2026-07-14T14:52:05.9829525Z   jsondiff                          2.2.1              pyhd8ed1ab_1          conda-forge
Doc Build and Upload	UNKNOWN STEP	2026-07-14T14:52:05.9829923Z   jsonpointer                       3.1.1              pyhcf101f3_0          conda-forge
Doc Build and Upload	UNKNOWN STEP	2026-07-14T14:52:05.9830403Z   jsonschema                        4.26.0             pyhcf101f3_0          conda-forge
Doc Build and Upload	UNKNOWN STEP	2026-07-14T14:52:05.9830806Z   jsonschema-path                   0.5.0              pyhcf101f3_0          conda-forge
Doc Build and Upload	UNKNOWN STEP	2026-07-14T14:52:05.9831230Z   jsonschema-specifications         2025.9.1           pyhcf101f3_0          conda-forge
Doc Build and Upload	UNKNOWN STEP	2026-07-14T14:52:05.9831752Z   jsonschema-with-format-nongpl     4.26.0             hcf101f3_0            conda-forge
Doc Build and Upload	UNKNOWN STEP	2026-07-14T14:52:05.9832245Z   jupyter-builder                   1.1.0              pyhcf101f3_0          conda-forge
Doc Build and Upload	UNKNOWN STEP	2026-07-14T14:52:05.9832723Z   jupyter-lsp                       2.3.1              pyhcf101f3_0          conda-forge
Doc Build and Upload	UNKNOWN STEP	2026-07-14T14:52:05.9833161Z   jupyter_client                    8.9.1              pyhcf101f3_0          conda-forge
Doc Build and Upload	UNKNOWN STEP	2026-07-14T14:52:05.9833626Z   jupyter_core                      5.9.1              pyhc90fa1f_0          conda-forge
Doc Build and Upload	UNKNOWN STEP	2026-07-14T14:52:05.9834078Z   jupyter_events                    0.12.1             pyhcf101f3_0          conda-forge
Doc Build and Upload	UNKNOWN STEP	2026-07-14T14:52:05.9834559Z   jupyter_server                    2.20.0             pyhcf101f3_0          conda-forge
Doc Build and Upload	UNKNOWN STEP	2026-07-14T14:52:05.9835050Z   jupyter_server_terminals          0.5.4              pyhcf101f3_0          conda-forge
Doc Build and Upload	UNKNOWN STEP	2026-07-14T14:52:05.9835546Z   jupyterlab                        4.6.1              pyhd8ed1ab_0          conda-forge
Doc Build and Upload	UNKNOWN STEP	2026-07-14T14:52:05.9836030Z   jupyterlab_pygments               0.3.0              pyhd8ed1ab_2          conda-forge
Doc Build and Upload	UNKNOWN STEP	2026-07-14T14:52:05.9836515Z   jupyterlab_server                 2.28.0             pyhcf101f3_0          conda-forge
Doc Build and Upload	UNKNOWN STEP	2026-07-14T14:52:05.9836943Z   jupyterlab_widgets                3.0.16             pyhcf101f3_1          conda-forge
Doc Build and Upload	UNKNOWN STEP	2026-07-14T14:52:05.9837396Z   jupyterlite-core                  0.8.1              pyhcf101f3_0          conda-forge
Doc Build and Upload	UNKNOWN STEP	2026-07-14T14:52:05.9838039Z   jupyterlite-pyodide-kernel        0.8.1              pyhcf101f3_0          conda-forge
Doc Build and Upload	UNKNOWN STEP	2026-07-14T14:52:05.9838552Z   kernel-headers_linux-64           6.12.0             he073ed8_6            conda-forge
Doc Build and Upload	UNKNOWN STEP	2026-07-14T14:52:05.9839030Z   keyutils                          1.6.3              hb9d3cd8_0            conda-forge
Doc Build and Upload	UNKNOWN STEP	2026-07-14T14:52:05.9839432Z   kiwisolver                        1.5.0              py311h724c32c_0       conda-forge
Doc Build and Upload	UNKNOWN STEP	2026-07-14T14:52:05.9839794Z   krb5                              1.22.2             hbde042b_1            conda-forge
Doc Build and Upload	UNKNOWN STEP	2026-07-14T14:52:05.9840136Z   lame                              3.100              h166bdaf_1003         conda-forge
Doc Build and Upload	UNKNOWN STEP	2026-07-14T14:52:05.9840479Z   lark                              1.3.1              pyhd8ed1ab_0          conda-forge
Doc Build and Upload	UNKNOWN STEP	2026-07-14T14:52:05.9840839Z   lazy-object-proxy                 1.12.0             py311h49ec1c0_1       conda-forge
Doc Build and Upload	UNKNOWN STEP	2026-07-14T14:52:05.9841212Z   lcms2                             2.19.1             h0c24ade_1            conda-forge
Doc Build and Upload	UNKNOWN STEP	2026-07-14T14:52:05.9841566Z   ld_impl_linux-64                  2.45.1             default_hbd61a6d_102  conda-forge
Doc Build and Upload	UNKNOWN STEP	2026-07-14T14:52:05.9841923Z   lerc                              4.1.0              hdb68285_0            conda-forge
Doc Build and Upload	UNKNOWN STEP	2026-07-14T14:52:05.9842274Z   libabseil                         20260107.1         cxx17_h7b12aa8_0      conda-forge
Doc Build and Upload	UNKNOWN STEP	2026-07-14T14:52:05.9842669Z   libadbc-driver-postgresql         1.11.0             hedb09cf_0            conda-forge
Doc Build and Upload	UNKNOWN STEP	2026-07-14T14:52:05.9843072Z   libadbc-driver-sqlite             1.11.0             hcea63bf_0            conda-forge
Doc Build and Upload	UNKNOWN STEP	2026-07-14T14:52:05.9843508Z   libaec                            1.1.5              h088129d_0            conda-forge
Doc Build and Upload	UNKNOWN STEP	2026-07-14T14:52:05.9843864Z   libarrow                          23.0.1             h3e48024_16_cpu       conda-forge
Doc Build and Upload	UNKNOWN STEP	2026-07-14T14:52:05.9844237Z   libarrow-acero                    23.0.1             h635bf11_16_cpu       conda-forge
Doc Build and Upload	UNKNOWN STEP	2026-07-14T14:52:05.9844625Z   libarrow-compute                  23.0.1             h53684a4_16_cpu       conda-forge
Doc Build and Upload	UNKNOWN STEP	2026-07-14T14:52:05.9845008Z   libarrow-dataset                  23.0.1             h635bf11_16_cpu       conda-forge
Doc Build and Upload	UNKNOWN STEP	2026-07-14T14:52:05.9845435Z   libarrow-substrait                23.0.1             hb4dd7c2_16_cpu       conda-forge
Doc Build and Upload	UNKNOWN STEP	2026-07-14T14:52:05.9845802Z   libblas                           3.11.0             8_h4a7cf45_openblas   conda-forge
Doc Build and Upload	UNKNOWN STEP	2026-07-14T14:52:05.9846164Z   libbrotlicommon                   1.2.0              hb03c661_1            conda-forge
Doc Build and Upload	UNKNOWN STEP	2026-07-14T14:52:05.9846534Z   libbrotlidec                      1.2.0              hb03c661_1            conda-forge
Doc Build and Upload	UNKNOWN STEP	2026-07-14T14:52:05.9846905Z   libbrotlienc                      1.2.0              hb03c661_1            conda-forge
Doc Build and Upload	UNKNOWN STEP	2026-07-14T14:52:05.9847251Z   libcap                            2.78               hd0affe5_0            conda-forge
Doc Build and Upload	UNKNOWN STEP	2026-07-14T14:52:05.9847710Z   libcblas                          3.11.0             8_h0358290_openblas   conda-forge
Doc Build and Upload	UNKNOWN STEP	2026-07-14T14:52:05.9848098Z   libclang-cpp22.1                  22.1.8             default_h6c227bf_3    conda-forge
Doc Build and Upload	UNKNOWN STEP	2026-07-14T14:52:05.9848484Z   libclang13                        22.1.8             default_h9692865_3    conda-forge
Doc Build and Upload	UNKNOWN STEP	2026-07-14T14:52:05.9848850Z   libcrc32c                         1.1.2              h9c3ff4c_0            conda-forge
Doc Build and Upload	UNKNOWN STEP	2026-07-14T14:52:05.9849202Z   libcups                           2.3.3              h7a8fb5f_6            conda-forge
Doc Build and Upload	UNKNOWN STEP	2026-07-14T14:52:05.9849550Z   libcurl                           8.21.0             hae6b9f4_2            conda-forge
Doc Build and Upload	UNKNOWN STEP	2026-07-14T14:52:05.9849912Z   libdeflate                        1.25               h17f619e_0            conda-forge
Doc Build and Upload	UNKNOWN STEP	2026-07-14T14:52:05.9850263Z   libdrm                            2.4.127            hb03c661_0            conda-forge
Doc Build and Upload	UNKNOWN STEP	2026-07-14T14:52:05.9850613Z   libedit                           3.1.20250104       pl5321h7949ede_0      conda-forge
Doc Build and Upload	UNKNOWN STEP	2026-07-14T14:52:05.9850965Z   libegl                            1.7.0              ha4b6fd6_3            conda-forge
Doc Build and Upload	UNKNOWN STEP	2026-07-14T14:52:05.9851325Z   libegl-devel                      1.7.0              ha4b6fd6_3            conda-forge
Doc Build and Upload	UNKNOWN STEP	2026-07-14T14:52:05.9851672Z   libev                             4.33               hd590300_2            conda-forge
Doc Build and Upload	UNKNOWN STEP	2026-07-14T14:52:05.9852024Z   libevent                          2.1.12             hf998b51_1            conda-forge
Doc Build and Upload	UNKNOWN STEP	2026-07-14T14:52:05.9852373Z   libexpat                          2.8.1              hecca717_1            conda-forge
Doc Build and Upload	UNKNOWN STEP	2026-07-14T14:52:05.9852735Z   libffi                            3.5.2              h3435931_0            conda-forge
Doc Build and Upload	UNKNOWN STEP	2026-07-14T14:52:05.9853079Z   libflac                           1.5.0              he200343_1            conda-forge
Doc Build and Upload	UNKNOWN STEP	2026-07-14T14:52:05.9853430Z   libfreetype                       2.14.3             ha770c72_0            conda-forge
Doc Build and Upload	UNKNOWN STEP	2026-07-14T14:52:05.9853788Z   libfreetype6                      2.14.3             h73754d4_0            conda-forge
Doc Build and Upload	UNKNOWN STEP	2026-07-14T14:52:05.9854145Z   libgcc                            15.2.0             he0feb66_19           conda-forge
Doc Build and Upload	UNKNOWN STEP	2026-07-14T14:52:05.9854509Z   libgcc-devel_linux-64             14.3.0             hf649bbc_119          conda-forge
Doc Build and Upload	UNKNOWN STEP	2026-07-14T14:52:05.9854875Z   libgcc-ng                         15.2.0             h69a702a_19           conda-forge
Doc Build and Upload	UNKNOWN STEP	2026-07-14T14:52:05.9855233Z   libgfortran                       15.2.0             h69a702a_19           conda-forge
Doc Build and Upload	UNKNOWN STEP	2026-07-14T14:52:05.9855589Z   libgfortran5                      15.2.0             h68bc16d_19           conda-forge
Doc Build and Upload	UNKNOWN STEP	2026-07-14T14:52:05.9855935Z   libgl                             1.7.0              ha4b6fd6_3            conda-forge
Doc Build and Upload	UNKNOWN STEP	2026-07-14T14:52:05.9856344Z   libgl-devel                       1.7.0              ha4b6fd6_3            conda-forge
Doc Build and Upload	UNKNOWN STEP	2026-07-14T14:52:05.9856700Z   libglib                           2.88.2             h0d30a3d_0            conda-forge
Doc Build and Upload	UNKNOWN STEP	2026-07-14T14:52:05.9857043Z   libglvnd                          1.7.0              ha4b6fd6_3            conda-forge
Doc Build and Upload	UNKNOWN STEP	2026-07-14T14:52:05.9857384Z   libglx                            1.7.0              ha4b6fd6_3            conda-forge
Doc Build and Upload	UNKNOWN STEP	2026-07-14T14:52:05.9857814Z   libglx-devel                      1.7.0              ha4b6fd6_3            conda-forge
Doc Build and Upload	UNKNOWN STEP	2026-07-14T14:52:05.9858222Z   libgomp                           15.2.0             he0feb66_19           conda-forge
Doc Build and Upload	UNKNOWN STEP	2026-07-14T14:52:05.9858589Z   libgoogle-cloud                   3.6.0              h8d2ee43_0            conda-forge
Doc Build and Upload	UNKNOWN STEP	2026-07-14T14:52:05.9858984Z   libgoogle-cloud-storage           3.6.0              hdbdcf42_0            conda-forge
Doc Build and Upload	UNKNOWN STEP	2026-07-14T14:52:05.9859369Z   libgrpc                           1.78.1             h1d1128b_0            conda-forge
Doc Build and Upload	UNKNOWN STEP	2026-07-14T14:52:05.9859729Z   libharfbuzz                       14.2.1             h17a8019_1            conda-forge
Doc Build and Upload	UNKNOWN STEP	2026-07-14T14:52:05.9860093Z   libharfbuzz-devel                 14.2.1             h17a8019_1            conda-forge
Doc Build and Upload	UNKNOWN STEP	2026-07-14T14:52:05.9860453Z   libiconv                          1.18               h3b78370_2            conda-forge
Doc Build and Upload	UNKNOWN STEP	2026-07-14T14:52:05.9860803Z   libjpeg-turbo                     3.2.0              hb03c661_0            conda-forge
Doc Build and Upload	UNKNOWN STEP	2026-07-14T14:52:05.9861172Z   liblapack                         3.11.0             8_h47877c9_openblas   conda-forge
Doc Build and Upload	UNKNOWN STEP	2026-07-14T14:52:05.9861534Z   libllvm22                         22.1.8             hf7376ad_1            conda-forge
Doc Build and Upload	UNKNOWN STEP	2026-07-14T14:52:05.9861879Z   liblzma                           5.8.3              hb03c661_0            conda-forge
Doc Build and Upload	UNKNOWN STEP	2026-07-14T14:52:05.9862231Z   libnghttp2                        1.68.1             h877daf1_0            conda-forge
Doc Build and Upload	UNKNOWN STEP	2026-07-14T14:52:05.9862589Z   libnsl                            2.0.1              hb9d3cd8_1            conda-forge
Doc Build and Upload	UNKNOWN STEP	2026-07-14T14:52:05.9862927Z   libntlm                           1.8                hb9d3cd8_0            conda-forge
Doc Build and Upload	UNKNOWN STEP	2026-07-14T14:52:05.9863266Z   libogg                            1.3.5              hd0c01bc_1            conda-forge
Doc Build and Upload	UNKNOWN STEP	2026-07-14T14:52:05.9863612Z   libopenblas                       0.3.33             pthreads_h94d23a6_0   conda-forge
Doc Build and Upload	UNKNOWN STEP	2026-07-14T14:52:05.9863975Z   libopengl                         1.7.0              ha4b6fd6_3            conda-forge
Doc Build and Upload	UNKNOWN STEP	2026-07-14T14:52:05.9864372Z   libopentelemetry-cpp              1.27.0             h9692893_0            conda-forge
Doc Build and Upload	UNKNOWN STEP	2026-07-14T14:52:05.9864781Z   libopentelemetry-cpp-headers      1.27.0             ha770c72_0            conda-forge
Doc Build and Upload	UNKNOWN STEP	2026-07-14T14:52:05.9865166Z   libopus                           1.6.1              h280c20c_0            conda-forge
Doc Build and Upload	UNKNOWN STEP	2026-07-14T14:52:05.9865514Z   libparquet                        23.0.1             h7376487_16_cpu       conda-forge
Doc Build and Upload	UNKNOWN STEP	2026-07-14T14:52:05.9865881Z   libpciaccess                      0.19               hb03c661_0            conda-forge
Doc Build and Upload	UNKNOWN STEP	2026-07-14T14:52:05.9866230Z   libpng                            1.6.58             h421ea60_0            conda-forge
Doc Build and Upload	UNKNOWN STEP	2026-07-14T14:52:05.9866569Z   libpq                             18.4               hd5a49e9_1            conda-forge
Doc Build and Upload	UNKNOWN STEP	2026-07-14T14:52:05.9866908Z   libprotobuf                       6.33.5             h538a264_2            conda-forge
Doc Build and Upload	UNKNOWN STEP	2026-07-14T14:52:05.9867256Z   libpsl                            0.22.0             h49b2146_1            conda-forge
Doc Build and Upload	UNKNOWN STEP	2026-07-14T14:52:05.9867678Z   libraqm                           0.10.5             h6406941_1            conda-forge
Doc Build and Upload	UNKNOWN STEP	2026-07-14T14:52:05.9868039Z   libre2-11                         2025.11.05         h0dc7533_1            conda-forge
Doc Build and Upload	UNKNOWN STEP	2026-07-14T14:52:05.9868541Z   libsanitizer                      14.3.0             h8f1669f_19           conda-forge
Doc Build and Upload	UNKNOWN STEP	2026-07-14T14:52:05.9868926Z   libsndfile                        1.2.2              hc7d488a_2            conda-forge
Doc Build and Upload	UNKNOWN STEP	2026-07-14T14:52:05.9869716Z   libsodium                         1.0.22             h280c20c_1            conda-forge
Doc Build and Upload	UNKNOWN STEP	2026-07-14T14:52:05.9870070Z   libsqlite                         3.53.3             h0c1763c_0            conda-forge
Doc Build and Upload	UNKNOWN STEP	2026-07-14T14:52:05.9870747Z   libssh2                           1.11.1             hcf80075_0            conda-forge
Doc Build and Upload	UNKNOWN STEP	2026-07-14T14:52:05.9871111Z   libstdcxx                         15.2.0             h934c35e_19           conda-forge
Doc Build and Upload	UNKNOWN STEP	2026-07-14T14:52:05.9871482Z   libstdcxx-devel_linux-64          14.3.0             h9f08a49_119          conda-forge
Doc Build and Upload	UNKNOWN STEP	2026-07-14T14:52:05.9871916Z   libstdcxx-ng                      15.2.0             hdf11a46_19           conda-forge
Doc Build and Upload	UNKNOWN STEP	2026-07-14T14:52:05.9872278Z   libsystemd0                       261.1              h6f4a2f1_0            conda-forge
Doc Build and Upload	UNKNOWN STEP	2026-07-14T14:52:05.9872628Z   libthrift                         0.22.0             h7d032f7_2            conda-forge
Doc Build and Upload	UNKNOWN STEP	2026-07-14T14:52:05.9872970Z   libtiff                           4.7.2              h9d88235_0            conda-forge
Doc Build and Upload	UNKNOWN STEP	2026-07-14T14:52:05.9873297Z   libutf8proc                       2.11.3             hfe17d71_0            conda-forge
Doc Build and Upload	UNKNOWN STEP	2026-07-14T14:52:05.9873637Z   libuuid                           2.42.2             h5347b49_0            conda-forge
Doc Build and Upload	UNKNOWN STEP	2026-07-14T14:52:05.9873979Z   libvorbis                         1.3.7              h54a6638_2            conda-forge
Doc Build and Upload	UNKNOWN STEP	2026-07-14T14:52:05.9874342Z   libvulkan-loader                  1.4.341.0          h5279c79_0            conda-forge
Doc Build and Upload	UNKNOWN STEP	2026-07-14T14:52:05.9874723Z   libwebp-base                      1.6.0              hd42ef1d_0            conda-forge
Doc Build and Upload	UNKNOWN STEP	2026-07-14T14:52:05.9875075Z   libxcb                            1.17.0             h8a09558_0            conda-forge
Doc Build and Upload	UNKNOWN STEP	2026-07-14T14:52:05.9875412Z   libxcrypt                         4.4.36             hd590300_1            conda-forge
Doc Build and Upload	UNKNOWN STEP	2026-07-14T14:52:05.9875774Z   libxkbcommon                      1.13.2             hca5e8e5_0            conda-forge
Doc Build and Upload	UNKNOWN STEP	2026-07-14T14:52:05.9876133Z   libxml2                           2.15.3             h49c6c72_0            conda-forge
Doc Build and Upload	UNKNOWN STEP	2026-07-14T14:52:05.9876479Z   libxml2-16                        2.15.3             hca6bf5a_0            conda-forge
Doc Build and Upload	UNKNOWN STEP	2026-07-14T14:52:05.9876814Z   libxslt                           1.1.43             h711ed8c_1            conda-forge
Doc Build and Upload	UNKNOWN STEP	2026-07-14T14:52:05.9877155Z   libzlib                           1.3.2              h25fd6f3_2            conda-forge
Doc Build and Upload	UNKNOWN STEP	2026-07-14T14:52:05.9877503Z   llvmlite                          0.47.0             py311h41a00d4_1       conda-forge
Doc Build and Upload	UNKNOWN STEP	2026-07-14T14:52:05.9877993Z   locket                            1.0.0              pyhd8ed1ab_0          conda-forge
Doc Build and Upload	UNKNOWN STEP	2026-07-14T14:52:05.9878337Z   lxml                              6.1.1              py311h8840267_0       conda-forge
Doc Build and Upload	UNKNOWN STEP	2026-07-14T14:52:05.9878682Z   lz4-c                             1.10.0             h5888daf_1            conda-forge
Doc Build and Upload	UNKNOWN STEP	2026-07-14T14:52:05.9879027Z   markdown                          3.10.2             pyhcf101f3_0          conda-forge
Doc Build and Upload	UNKNOWN STEP	2026-07-14T14:52:05.9879396Z   markdown-it-py                    4.2.0              pyhd8ed1ab_0          conda-forge
Doc Build and Upload	UNKNOWN STEP	2026-07-14T14:52:05.9879757Z   markupsafe                        3.0.3              py311h3778330_1       conda-forge
Doc Build and Upload	UNKNOWN STEP	2026-07-14T14:52:05.9880111Z   matplotlib                        3.11.0             py311h38be061_1       conda-forge
Doc Build and Upload	UNKNOWN STEP	2026-07-14T14:52:05.9880476Z   matplotlib-base                   3.11.0             py311h0a88c4d_1       conda-forge
Doc Build and Upload	UNKNOWN STEP	2026-07-14T14:52:05.9880853Z   matplotlib-inline                 0.2.2              pyhd8ed1ab_0          conda-forge
Doc Build and Upload	UNKNOWN STEP	2026-07-14T14:52:05.9881223Z   mccabe                            0.7.0              pyhd8ed1ab_1          conda-forge
Doc Build and Upload	UNKNOWN STEP	2026-07-14T14:52:05.9881563Z   mdurl                             0.1.2              pyhd8ed1ab_1          conda-forge
Doc Build and Upload	UNKNOWN STEP	2026-07-14T14:52:05.9881897Z   meson                             1.11.2             pyhcf101f3_0          conda-forge
Doc Build and Upload	UNKNOWN STEP	2026-07-14T14:52:05.9882251Z   meson-python                      0.20.0             pyh7e86bf3_0          conda-forge
Doc Build and Upload	UNKNOWN STEP	2026-07-14T14:52:05.9882683Z   mistune                           3.3.3              pyhcf101f3_0          conda-forge
Doc Build and Upload	UNKNOWN STEP	2026-07-14T14:52:05.9883028Z   mmh3                              5.2.1              py311h1ddb823_0       conda-forge
Doc Build and Upload	UNKNOWN STEP	2026-07-14T14:52:05.9883360Z   moto                              5.2.2              pyhcf101f3_0          conda-forge
Doc Build and Upload	UNKNOWN STEP	2026-07-14T14:52:05.9883718Z   mpg123                            1.32.9             hc50e24c_0            conda-forge
Doc Build and Upload	UNKNOWN STEP	2026-07-14T14:52:05.9884145Z   multidict                         6.7.1              py311h3778330_0       conda-forge
Doc Build and Upload	UNKNOWN STEP	2026-07-14T14:52:05.9884499Z   munkres                           1.1.4              pyhd8ed1ab_1          conda-forge
Doc Build and Upload	UNKNOWN STEP	2026-07-14T14:52:05.9884839Z   mypy                              1.17.1             py311h49ec1c0_1       conda-forge
Doc Build and Upload	UNKNOWN STEP	2026-07-14T14:52:05.9885207Z   mypy_extensions                   1.1.0              pyha770c72_0          conda-forge
Doc Build and Upload	UNKNOWN STEP	2026-07-14T14:52:05.9885569Z   narwhals                          2.24.0             pyhcf101f3_0          conda-forge
Doc Build and Upload	UNKNOWN STEP	2026-07-14T14:52:05.9885922Z   natsort                           8.4.0              pyhcf101f3_2          conda-forge
Doc Build and Upload	UNKNOWN STEP	2026-07-14T14:52:05.9886276Z   nbclient                          0.11.0             pyhd8ed1ab_0          conda-forge
Doc Build and Upload	UNKNOWN STEP	2026-07-14T14:52:05.9886638Z   nbconvert                         7.17.1             hb502eef_0            conda-forge
Doc Build and Upload	UNKNOWN STEP	2026-07-14T14:52:05.9886999Z   nbconvert-core                    7.17.1             pyhcf101f3_0          conda-forge
Doc Build and Upload	UNKNOWN STEP	2026-07-14T14:52:05.9887374Z   nbconvert-pandoc                  7.17.1             h08b4883_0            conda-forge
Doc Build and Upload	UNKNOWN STEP	2026-07-14T14:52:05.9887847Z   nbformat                          5.10.4             pyhd8ed1ab_1          conda-forge
Doc Build and Upload	UNKNOWN STEP	2026-07-14T14:52:05.9888213Z   nbsphinx                          0.9.8              pyhd8ed1ab_0          conda-forge
Doc Build and Upload	UNKNOWN STEP	2026-07-14T14:52:05.9888561Z   ncurses                           6.6                hdb14827_0            conda-forge
Doc Build and Upload	UNKNOWN STEP	2026-07-14T14:52:05.9888926Z   nest-asyncio2                     1.7.2              pyhcf101f3_0          conda-forge
Doc Build and Upload	UNKNOWN STEP	2026-07-14T14:52:05.9889281Z   ninja                             1.13.2             h171cf75_0            conda-forge
Doc Build and Upload	UNKNOWN STEP	2026-07-14T14:52:05.9889643Z   nlohmann_json                     3.12.0             h54a6638_1            conda-forge
Doc Build and Upload	UNKNOWN STEP	2026-07-14T14:52:05.9889987Z   nodeenv                           1.10.0             pyhd8ed1ab_0          conda-forge
Doc Build and Upload	UNKNOWN STEP	2026-07-14T14:52:05.9890315Z   nomkl                             1.0                h5ca1d4c_0            conda-forge
Doc Build and Upload	UNKNOWN STEP	2026-07-14T14:52:05.9890650Z   notebook                          7.6.0              pyhcf101f3_0          conda-forge
Doc Build and Upload	UNKNOWN STEP	2026-07-14T14:52:05.9891022Z   notebook-shim                     0.2.4              pyhd8ed1ab_1          conda-forge
Doc Build and Upload	UNKNOWN STEP	2026-07-14T14:52:05.9891366Z   nspr                              4.38               h29cc59b_0            conda-forge
Doc Build and Upload	UNKNOWN STEP	2026-07-14T14:52:05.9891694Z   nss                               3.118              h445c969_0            conda-forge
Doc Build and Upload	UNKNOWN STEP	2026-07-14T14:52:05.9892043Z   numba                             0.65.1             py311h3c884d5_1       conda-forge
Doc Build and Upload	UNKNOWN STEP	2026-07-14T14:52:05.9892389Z   numexpr                           2.14.1             py311h3143de2_102     conda-forge
Doc Build and Upload	UNKNOWN STEP	2026-07-14T14:52:05.9892735Z   numpy                             2.4.6              py311h2e04523_0       conda-forge
Doc Build and Upload	UNKNOWN STEP	2026-07-14T14:52:05.9893156Z   numpy-typing-compat               20251206.2.4       pyhd6139ff_0          conda-forge
Doc Build and Upload	UNKNOWN STEP	2026-07-14T14:52:05.9893540Z   numpydoc                          1.10.0             pyhcf101f3_0          conda-forge
Doc Build and Upload	UNKNOWN STEP	2026-07-14T14:52:05.9893890Z   oauthlib                          3.3.1              pyhd8ed1ab_0          conda-forge
Doc Build and Upload	UNKNOWN STEP	2026-07-14T14:52:05.9894234Z   odfpy                             1.4.1              pyhd8ed1ab_1          conda-forge
Doc Build and Upload	UNKNOWN STEP	2026-07-14T14:52:05.9894607Z   openapi-schema-validator          0.9.0              pyhcf101f3_0          conda-forge
Doc Build and Upload	UNKNOWN STEP	2026-07-14T14:52:05.9895084Z   openapi-spec-validator            0.9.0              pyhcf101f3_0          conda-forge
Doc Build and Upload	UNKNOWN STEP	2026-07-14T14:52:05.9895454Z   openjpeg                          2.5.4              h55fea9a_0            conda-forge
Doc Build and Upload	UNKNOWN STEP	2026-07-14T14:52:05.9895801Z   openldap                          2.6.13             hbde042b_0            conda-forge
Doc Build and Upload	UNKNOWN STEP	2026-07-14T14:52:05.9896152Z   openpyxl                          3.1.5              py311h534898f_3       conda-forge
Doc Build and Upload	UNKNOWN STEP	2026-07-14T14:52:05.9896503Z   openssl                           3.6.3              h35e630c_0            conda-forge
Doc Build and Upload	UNKNOWN STEP	2026-07-14T14:52:05.9896891Z   optype                            0.17.1             pyhc364b38_0          conda-forge
Doc Build and Upload	UNKNOWN STEP	2026-07-14T14:52:05.9897248Z   optype-numpy                      0.17.1             pyh3cfb546_0          conda-forge
Doc Build and Upload	UNKNOWN STEP	2026-07-14T14:52:05.9897674Z   orc                               2.3.0              h21090e2_0            conda-forge
Doc Build and Upload	UNKNOWN STEP	2026-07-14T14:52:05.9898035Z   overrides                         7.7.0              pyhd8ed1ab_1          conda-forge
Doc Build and Upload	UNKNOWN STEP	2026-07-14T14:52:05.9898401Z   packaging                         26.2               pyhc364b38_0          conda-forge
Doc Build and Upload	UNKNOWN STEP	2026-07-14T14:52:05.9898754Z   pandas                            3.0.3              py311h8032f78_0       conda-forge
Doc Build and Upload	UNKNOWN STEP	2026-07-14T14:52:05.9899105Z   pandoc                            3.10               ha770c72_0            conda-forge
Doc Build and Upload	UNKNOWN STEP	2026-07-14T14:52:05.9899467Z   pandocfilters                     1.5.0              pyhd8ed1ab_0          conda-forge
Doc Build and Upload	UNKNOWN STEP	2026-07-14T14:52:05.9899819Z   pango                             1.56.4             hda50119_1            conda-forge
Doc Build and Upload	UNKNOWN STEP	2026-07-14T14:52:05.9900153Z   parso                             0.8.7              pyhcf101f3_0          conda-forge
Doc Build and Upload	UNKNOWN STEP	2026-07-14T14:52:05.9900496Z   partd                             1.4.2              pyhd8ed1ab_0          conda-forge
Doc Build and Upload	UNKNOWN STEP	2026-07-14T14:52:05.9900843Z   pathable                          0.6.0              pyhcf101f3_0          conda-forge
Doc Build and Upload	UNKNOWN STEP	2026-07-14T14:52:05.9901196Z   pathspec                          1.1.1              pyhd8ed1ab_0          conda-forge
Doc Build and Upload	UNKNOWN STEP	2026-07-14T14:52:05.9901543Z   pcre2                             10.47              haa7fec5_0            conda-forge
Doc Build and Upload	UNKNOWN STEP	2026-07-14T14:52:05.9901887Z   pexpect                           4.9.0              pyhd8ed1ab_1          conda-forge
Doc Build and Upload	UNKNOWN STEP	2026-07-14T14:52:05.9902247Z   pickleshare                       0.7.5              pyhd8ed1ab_1004       conda-forge
Doc Build and Upload	UNKNOWN STEP	2026-07-14T14:52:05.9902590Z   pillow                            12.3.0             py311hf88fc01_0       conda-forge
Doc Build and Upload	UNKNOWN STEP	2026-07-14T14:52:05.9902915Z   pip                               26.1.2             pyh8b19718_0          conda-forge
Doc Build and Upload	UNKNOWN STEP	2026-07-14T14:52:05.9903247Z   pixman                            0.46.4             h54a6638_1            conda-forge
Doc Build and Upload	UNKNOWN STEP	2026-07-14T14:52:05.9903597Z   pkginfo                           1.12.1.2           pyhd8ed1ab_0          conda-forge
Doc Build and Upload	UNKNOWN STEP	2026-07-14T14:52:05.9903944Z   platformdirs                      4.10.0             pyhcf101f3_0          conda-forge
Doc Build and Upload	UNKNOWN STEP	2026-07-14T14:52:05.9904290Z   pluggy                            1.6.0              pyhf9edf01_1          conda-forge
Doc Build and Upload	UNKNOWN STEP	2026-07-14T14:52:05.9904627Z   ply                               3.11               pyhd8ed1ab_3          conda-forge
Doc Build and Upload	UNKNOWN STEP	2026-07-14T14:52:05.9904971Z   pre-commit                        4.6.0              pyha770c72_0          conda-forge
Doc Build and Upload	UNKNOWN STEP	2026-07-14T14:52:05.9905319Z   prometheus-cpp                    1.3.0              ha5d0236_0            conda-forge
Doc Build and Upload	UNKNOWN STEP	2026-07-14T14:52:05.9905687Z   prometheus_client                 0.25.0             pyhd8ed1ab_0          conda-forge
Doc Build and Upload	UNKNOWN STEP	2026-07-14T14:52:05.9906065Z   prompt-toolkit                    3.0.52             pyha770c72_0          conda-forge
Doc Build and Upload	UNKNOWN STEP	2026-07-14T14:52:05.9906436Z   propcache                         0.5.2              py311h3778330_0       conda-forge
Doc Build and Upload	UNKNOWN STEP	2026-07-14T14:52:05.9906796Z   proto-plus                        1.28.1             pyhcf101f3_0          conda-forge
Doc Build and Upload	UNKNOWN STEP	2026-07-14T14:52:05.9907154Z   protobuf                          6.33.5             py311h3f0a9aa_2       conda-forge
Doc Build and Upload	UNKNOWN STEP	2026-07-14T14:52:05.9907631Z   psutil                            7.2.2              py311haee01d2_0       conda-forge
Doc Build and Upload	UNKNOWN STEP	2026-07-14T14:52:05.9907991Z   psycopg2                          2.9.12             py311h71af7b3_0       conda-forge
Doc Build and Upload	UNKNOWN STEP	2026-07-14T14:52:05.9908350Z   pthread-stubs                     0.4                hb9d3cd8_1002         conda-forge
Doc Build and Upload	UNKNOWN STEP	2026-07-14T14:52:05.9908712Z   ptyprocess                        0.7.0              pyhd8ed1ab_1          conda-forge
Doc Build and Upload	UNKNOWN STEP	2026-07-14T14:52:05.9909086Z   pulseaudio-client                 17.0               h9a6aba3_3            conda-forge
Doc Build and Upload	UNKNOWN STEP	2026-07-14T14:52:05.9909497Z   pure_eval                         0.2.3              pyhd8ed1ab_1          conda-forge
Doc Build and Upload	UNKNOWN STEP	2026-07-14T14:52:05.9909855Z   py-cpuinfo                        9.0.0              pyhd8ed1ab_1          conda-forge
Doc Build and Upload	UNKNOWN STEP	2026-07-14T14:52:05.9910207Z   pyarrow                           23.0.1             py311h38be061_0       conda-forge
Doc Build and Upload	UNKNOWN STEP	2026-07-14T14:52:05.9910572Z   pyarrow-core                      23.0.1             py311h66caee6_0_cpu   conda-forge
Doc Build and Upload	UNKNOWN STEP	2026-07-14T14:52:05.9910926Z   pyasn1                            0.6.4              pyhcf101f3_0          conda-forge
Doc Build and Upload	UNKNOWN STEP	2026-07-14T14:52:05.9911283Z   pyasn1-modules                    0.4.2              pyhd8ed1ab_0          conda-forge
Doc Build and Upload	UNKNOWN STEP	2026-07-14T14:52:05.9911647Z   pycodestyle                       2.12.1             pyhd8ed1ab_1          conda-forge
Doc Build and Upload	UNKNOWN STEP	2026-07-14T14:52:05.9912007Z   pycparser                         3.0                pyhcf101f3_0          conda-forge
Doc Build and Upload	UNKNOWN STEP	2026-07-14T14:52:05.9912355Z   pydantic                          2.13.4             pyhcf101f3_0          conda-forge
Doc Build and Upload	UNKNOWN STEP	2026-07-14T14:52:05.9912712Z   pydantic-core                     2.46.4             py311h902ca64_0       conda-forge
Doc Build and Upload	UNKNOWN STEP	2026-07-14T14:52:05.9913080Z   pydantic-settings                 2.14.2             pyhcf101f3_0          conda-forge
Doc Build and Upload	UNKNOWN STEP	2026-07-14T14:52:05.9913466Z   pydata-sphinx-theme               0.16.1             pypi_0                pypi       
Doc Build and Upload	UNKNOWN STEP	2026-07-14T14:52:05.9913836Z   pyflakes                          3.2.0              pyhd8ed1ab_1          conda-forge
Doc Build and Upload	UNKNOWN STEP	2026-07-14T14:52:05.9914178Z   pygments                          2.20.0             pyhd8ed1ab_0          conda-forge
Doc Build and Upload	UNKNOWN STEP	2026-07-14T14:52:05.9914528Z   pyiceberg                         0.11.1             np2py311h912ec1f_0    conda-forge
Doc Build and Upload	UNKNOWN STEP	2026-07-14T14:52:05.9914890Z   pyjwt                             2.13.0             pyhcf101f3_0          conda-forge
Doc Build and Upload	UNKNOWN STEP	2026-07-14T14:52:05.9915226Z   pympler                           1.1                pyhd8ed1ab_1          conda-forge
Doc Build and Upload	UNKNOWN STEP	2026-07-14T14:52:05.9915573Z   pymysql                           1.2.0              pyhcf101f3_0          conda-forge
Doc Build and Upload	UNKNOWN STEP	2026-07-14T14:52:05.9915926Z   pyparsing                         3.3.2              pyhcf101f3_0          conda-forge
Doc Build and Upload	UNKNOWN STEP	2026-07-14T14:52:05.9916295Z   pyproject-metadata                0.12.1             pyhd8ed1ab_0          conda-forge
Doc Build and Upload	UNKNOWN STEP	2026-07-14T14:52:05.9916664Z   pyqt                              5.15.11            py311h0580839_2       conda-forge
Doc Build and Upload	UNKNOWN STEP	2026-07-14T14:52:05.9917014Z   pyqt5-sip                         12.17.0            py311h1ddb823_2       conda-forge
Doc Build and Upload	UNKNOWN STEP	2026-07-14T14:52:05.9917374Z   pyreadstat                        1.3.5              py311h71a53d8_0       conda-forge
Doc Build and Upload	UNKNOWN STEP	2026-07-14T14:52:05.9917850Z   pyroaring                         1.0.4              py311h1ddb823_0       conda-forge
Doc Build and Upload	UNKNOWN STEP	2026-07-14T14:52:05.9918209Z   pyside6                           6.11.1             py311hf27b23e_1       conda-forge
Doc Build and Upload	UNKNOWN STEP	2026-07-14T14:52:05.9918556Z   pysocks                           1.7.1              pyha55dd90_7          conda-forge
Doc Build and Upload	UNKNOWN STEP	2026-07-14T14:52:05.9918905Z   pytables                          3.11.1             py311hd94606f_4       conda-forge
Doc Build and Upload	UNKNOWN STEP	2026-07-14T14:52:05.9919267Z   pytest                            9.0.3              pyhc364b38_1          conda-forge
Doc Build and Upload	UNKNOWN STEP	2026-07-14T14:52:05.9919614Z   pytest-cov                        7.1.0              pyhcf101f3_0          conda-forge
Doc Build and Upload	UNKNOWN STEP	2026-07-14T14:52:05.9919968Z   pytest-cython                     0.4.0              pyhd8ed1ab_0          conda-forge
Doc Build and Upload	UNKNOWN STEP	2026-07-14T14:52:05.9920403Z   pytest-localserver                0.10.0             pyhd8ed1ab_0          conda-forge
Doc Build and Upload	UNKNOWN STEP	2026-07-14T14:52:05.9920766Z   pytest-qt                         4.5.0              pyhdecd6ff_0          conda-forge
Doc Build and Upload	UNKNOWN STEP	2026-07-14T14:52:05.9921122Z   pytest-xdist                      3.8.0              pyhd8ed1ab_0          conda-forge
Doc Build and Upload	UNKNOWN STEP	2026-07-14T14:52:05.9921481Z   python                            3.11.15            h7508c33_1_cpython    conda-forge
Doc Build and Upload	UNKNOWN STEP	2026-07-14T14:52:05.9921885Z   python-calamine                   0.6.1              py311hc8fb587_0       conda-forge
Doc Build and Upload	UNKNOWN STEP	2026-07-14T14:52:05.9922271Z   python-dateutil                   2.9.0.post0        pyhe01879c_2          conda-forge
Doc Build and Upload	UNKNOWN STEP	2026-07-14T14:52:05.9922647Z   python-discovery                  1.4.4              pyhcf101f3_0          conda-forge
Doc Build and Upload	UNKNOWN STEP	2026-07-14T14:52:05.9923017Z   python-dotenv                     1.2.2              pyhcf101f3_0          conda-forge
Doc Build and Upload	UNKNOWN STEP	2026-07-14T14:52:05.9923398Z   python-fastjsonschema             2.21.2             pyhe01879c_0          conda-forge
Doc Build and Upload	UNKNOWN STEP	2026-07-14T14:52:05.9923794Z   python-json-logger                4.1.0              pyhd8ed1ab_0          conda-forge
Doc Build and Upload	UNKNOWN STEP	2026-07-14T14:52:05.9924171Z   python-tzdata                     2026.3             pyhd8ed1ab_0          conda-forge
Doc Build and Upload	UNKNOWN STEP	2026-07-14T14:52:05.9924529Z   python_abi                        3.11               8_cp311               conda-forge
Doc Build and Upload	UNKNOWN STEP	2026-07-14T14:52:05.9924881Z   pytz                              2026.2             pyhcf101f3_0          conda-forge
Doc Build and Upload	UNKNOWN STEP	2026-07-14T14:52:05.9925224Z   pyu2f                             0.1.5              pyhd8ed1ab_1          conda-forge
Doc Build and Upload	UNKNOWN STEP	2026-07-14T14:52:05.9925568Z   pyxlsb                            1.0.10             pyhd8ed1ab_0          conda-forge
Doc Build and Upload	UNKNOWN STEP	2026-07-14T14:52:05.9925887Z   pyyaml                            6.0.3              py311h3778330_1       conda-forge
Doc Build and Upload	UNKNOWN STEP	2026-07-14T14:52:05.9926222Z   pyzmq                             27.1.0             py311hca8cfc1_3       conda-forge
Doc Build and Upload	UNKNOWN STEP	2026-07-14T14:52:05.9926566Z   qhull                             2020.2             h434a139_5            conda-forge
Doc Build and Upload	UNKNOWN STEP	2026-07-14T14:52:05.9926908Z   qt-main                           5.15.15            h0c412b5_8            conda-forge
Doc Build and Upload	UNKNOWN STEP	2026-07-14T14:52:05.9927260Z   qt6-main                          6.11.1             pl5321h16c4a6b_1      conda-forge
Doc Build and Upload	UNKNOWN STEP	2026-07-14T14:52:05.9927715Z   re2                               2025.11.05         h5301d42_1            conda-forge
Doc Build and Upload	UNKNOWN STEP	2026-07-14T14:52:05.9928071Z   readline                          8.3                h853b02a_0            conda-forge
Doc Build and Upload	UNKNOWN STEP	2026-07-14T14:52:05.9928432Z   referencing                       0.37.0             pyhcf101f3_0          conda-forge
Doc Build and Upload	UNKNOWN STEP	2026-07-14T14:52:05.9928796Z   requests                          2.34.2             pyhcf101f3_0          conda-forge
Doc Build and Upload	UNKNOWN STEP	2026-07-14T14:52:05.9929183Z   requests-oauthlib                 2.0.0              pyhd8ed1ab_1          conda-forge
Doc Build and Upload	UNKNOWN STEP	2026-07-14T14:52:05.9929559Z   responses                         0.26.2             pyhcf101f3_0          conda-forge
Doc Build and Upload	UNKNOWN STEP	2026-07-14T14:52:05.9929922Z   rfc3339-validator                 0.1.4              pyhd8ed1ab_1          conda-forge
Doc Build and Upload	UNKNOWN STEP	2026-07-14T14:52:05.9930292Z   rfc3986-validator                 0.1.1              pyh9f0ad1d_0          conda-forge
Doc Build and Upload	UNKNOWN STEP	2026-07-14T14:52:05.9930665Z   rfc3987-syntax                    1.1.0              pyhe01879c_1          conda-forge
Doc Build and Upload	UNKNOWN STEP	2026-07-14T14:52:05.9931001Z   rich                              14.3.4             pyhcf101f3_0          conda-forge
Doc Build and Upload	UNKNOWN STEP	2026-07-14T14:52:05.9931361Z   roman-numerals                    4.1.0              pyhd8ed1ab_0          conda-forge
Doc Build and Upload	UNKNOWN STEP	2026-07-14T14:52:05.9931721Z   rpds-py                           2026.6.3           py311h1baac5b_0       conda-forge
Doc Build and Upload	UNKNOWN STEP	2026-07-14T14:52:05.9932074Z   rsa                               4.9.1              pyhd8ed1ab_0          conda-forge
Doc Build and Upload	UNKNOWN STEP	2026-07-14T14:52:05.9932421Z   ruamel.yaml                       0.19.1             pyhcf101f3_0          conda-forge
Doc Build and Upload	UNKNOWN STEP	2026-07-14T14:52:05.9932839Z   ruamel.yaml.clib                  0.2.15             py311haee01d2_1       conda-forge
Doc Build and Upload	UNKNOWN STEP	2026-07-14T14:52:05.9933195Z   s2n                               1.7.5              h7e3ee7f_1            conda-forge
Doc Build and Upload	UNKNOWN STEP	2026-07-14T14:52:05.9933543Z   s3fs                              2026.6.0           pyhd8ed1ab_0          conda-forge
Doc Build and Upload	UNKNOWN STEP	2026-07-14T14:52:05.9933901Z   s3transfer                        0.17.1             pyhd8ed1ab_0          conda-forge
Doc Build and Upload	UNKNOWN STEP	2026-07-14T14:52:05.9934262Z   scipy                             1.17.1             py311hbe70eeb_1       conda-forge
Doc Build and Upload	UNKNOWN STEP	2026-07-14T14:52:05.9934725Z   scipy-stubs                       1.17.1.5           pyhc364b38_0          conda-forge
Doc Build and Upload	UNKNOWN STEP	2026-07-14T14:52:05.9935099Z   seaborn-base                      0.13.2             pyhd8ed1ab_3          conda-forge
Doc Build and Upload	UNKNOWN STEP	2026-07-14T14:52:05.9935463Z   send2trash                        2.1.0              pyha191276_1          conda-forge
Doc Build and Upload	UNKNOWN STEP	2026-07-14T14:52:05.9935827Z   setuptools                        83.0.0             pyh332efcf_0          conda-forge
Doc Build and Upload	UNKNOWN STEP	2026-07-14T14:52:05.9936203Z   sgmllib3k                         1.0.0              pyhd8ed1ab_1          conda-forge
Doc Build and Upload	UNKNOWN STEP	2026-07-14T14:52:05.9936552Z   sip                               6.10.0             py311h1ddb823_1       conda-forge
Doc Build and Upload	UNKNOWN STEP	2026-07-14T14:52:05.9936888Z   six                               1.17.0             pyhe01879c_1          conda-forge
Doc Build and Upload	UNKNOWN STEP	2026-07-14T14:52:05.9937232Z   smmap                             5.0.3              pyhcf101f3_1          conda-forge
Doc Build and Upload	UNKNOWN STEP	2026-07-14T14:52:05.9937653Z   snappy                            1.2.2              h03e3b7b_1            conda-forge
Doc Build and Upload	UNKNOWN STEP	2026-07-14T14:52:05.9938007Z   sniffio                           1.3.1              pyhd8ed1ab_2          conda-forge
Doc Build and Upload	UNKNOWN STEP	2026-07-14T14:52:05.9938372Z   snowballstemmer                   3.1.1              pyhd8ed1ab_0          conda-forge
Doc Build and Upload	UNKNOWN STEP	2026-07-14T14:52:05.9938752Z   sortedcontainers                  2.4.0              pyhd8ed1ab_1          conda-forge
Doc Build and Upload	UNKNOWN STEP	2026-07-14T14:52:05.9939114Z   soupsieve                         2.8.4              pyhd8ed1ab_0          conda-forge
Doc Build and Upload	UNKNOWN STEP	2026-07-14T14:52:05.9939468Z   sphinx                            9.0.4              pyhd8ed1ab_0          conda-forge
Doc Build and Upload	UNKNOWN STEP	2026-07-14T14:52:05.9939828Z   sphinx-copybutton                 0.5.2              pyhd8ed1ab_1          conda-forge
Doc Build and Upload	UNKNOWN STEP	2026-07-14T14:52:05.9940194Z   sphinx-design                     0.7.0              pyhd8ed1ab_0          conda-forge
Doc Build and Upload	UNKNOWN STEP	2026-07-14T14:52:05.9940586Z   sphinxcontrib-applehelp           2.0.0              pyhd8ed1ab_1          conda-forge
Doc Build and Upload	UNKNOWN STEP	2026-07-14T14:52:05.9940989Z   sphinxcontrib-devhelp             2.0.0              pyhd8ed1ab_1          conda-forge
Doc Build and Upload	UNKNOWN STEP	2026-07-14T14:52:05.9941392Z   sphinxcontrib-htmlhelp            2.1.0              pyhd8ed1ab_1          conda-forge
Doc Build and Upload	UNKNOWN STEP	2026-07-14T14:52:05.9941793Z   sphinxcontrib-jsmath              1.0.1              pyhd8ed1ab_1          conda-forge
Doc Build and Upload	UNKNOWN STEP	2026-07-14T14:52:05.9942185Z   sphinxcontrib-qthelp              2.0.0              pyhd8ed1ab_1          conda-forge
Doc Build and Upload	UNKNOWN STEP	2026-07-14T14:52:05.9942597Z   sphinxcontrib-serializinghtml     2.0.0              pyhd8ed1ab_0          conda-forge
Doc Build and Upload	UNKNOWN STEP	2026-07-14T14:52:05.9942991Z   sqlalchemy                        2.0.51             py311haee01d2_0       conda-forge
Doc Build and Upload	UNKNOWN STEP	2026-07-14T14:52:05.9943362Z   stack_data                        0.6.3              pyhd8ed1ab_1          conda-forge
Doc Build and Upload	UNKNOWN STEP	2026-07-14T14:52:05.9943713Z   strictyaml                        1.7.3              pyhd8ed1ab_1          conda-forge
Doc Build and Upload	UNKNOWN STEP	2026-07-14T14:52:05.9944073Z   sysroot_linux-64                  2.39               hc4b9eeb_6            conda-forge
Doc Build and Upload	UNKNOWN STEP	2026-07-14T14:52:05.9944430Z   tabulate                          0.10.0             pyhcf101f3_0          conda-forge
Doc Build and Upload	UNKNOWN STEP	2026-07-14T14:52:05.9944783Z   tenacity                          9.1.4              pyhcf101f3_0          conda-forge
Doc Build and Upload	UNKNOWN STEP	2026-07-14T14:52:05.9945136Z   terminado                         0.18.1             pyhc90fa1f_1          conda-forge
Doc Build and Upload	UNKNOWN STEP	2026-07-14T14:52:05.9945488Z   tinycss2                          1.4.0              pyhd8ed1ab_0          conda-forge
Doc Build and Upload	UNKNOWN STEP	2026-07-14T14:52:05.9945885Z   tk                                8.6.13             noxft_h366c992_103    conda-forge
Doc Build and Upload	UNKNOWN STEP	2026-07-14T14:52:05.9946233Z   tokenize-rt                       6.2.0              pyhd8ed1ab_0          conda-forge
Doc Build and Upload	UNKNOWN STEP	2026-07-14T14:52:05.9946568Z   toml                              0.10.2             pyhcf101f3_3          conda-forge
Doc Build and Upload	UNKNOWN STEP	2026-07-14T14:52:05.9946896Z   tomli                             2.4.1              pyhcf101f3_0          conda-forge
Doc Build and Upload	UNKNOWN STEP	2026-07-14T14:52:05.9947231Z   toolz                             1.1.0              pyhd8ed1ab_1          conda-forge
Doc Build and Upload	UNKNOWN STEP	2026-07-14T14:52:05.9947702Z   tornado                           6.5.7              py311h49ec1c0_0       conda-forge
Doc Build and Upload	UNKNOWN STEP	2026-07-14T14:52:05.9948060Z   traitlets                         5.15.1             pyhcf101f3_0          conda-forge
Doc Build and Upload	UNKNOWN STEP	2026-07-14T14:52:05.9948426Z   types-pymysql                     1.1.0.20260518     pyhcf101f3_0          conda-forge
Doc Build and Upload	UNKNOWN STEP	2026-07-14T14:52:05.9948819Z   types-python-dateutil             2.9.0.20260518     pyhcf101f3_0          conda-forge
Doc Build and Upload	UNKNOWN STEP	2026-07-14T14:52:05.9949217Z   types-pytz                        2026.2.0.20260518  pyhcf101f3_0          conda-forge
Doc Build and Upload	UNKNOWN STEP	2026-07-14T14:52:05.9949583Z   types-pyyaml                      6.0.12.20260518    pyhcf101f3_0          conda-forge
Doc Build and Upload	UNKNOWN STEP	2026-07-14T14:52:05.9949962Z   types-setuptools                  83.0.0.20260706    pyhcf101f3_0          conda-forge
Doc Build and Upload	UNKNOWN STEP	2026-07-14T14:52:05.9950346Z   typing-extensions                 4.16.0             h69aa097_0            conda-forge
Doc Build and Upload	UNKNOWN STEP	2026-07-14T14:52:05.9950734Z   typing-inspection                 0.4.2              pyhcf101f3_2          conda-forge
Doc Build and Upload	UNKNOWN STEP	2026-07-14T14:52:05.9951112Z   typing_extensions                 4.16.0             pyhcf101f3_0          conda-forge
Doc Build and Upload	UNKNOWN STEP	2026-07-14T14:52:05.9951479Z   typing_utils                      0.1.0              pyhd8ed1ab_1          conda-forge
Doc Build and Upload	UNKNOWN STEP	2026-07-14T14:52:05.9951838Z   tzdata                            2025c              hc9c84f9_1            conda-forge
Doc Build and Upload	UNKNOWN STEP	2026-07-14T14:52:05.9952198Z   ukkonen                           1.1.0              py311hdf67eae_0       conda-forge
Doc Build and Upload	UNKNOWN STEP	2026-07-14T14:52:05.9952557Z   unicodedata2                      17.0.1             py311h49ec1c0_0       conda-forge
Doc Build and Upload	UNKNOWN STEP	2026-07-14T14:52:05.9952923Z   uri-template                      1.3.0              pyhd8ed1ab_1          conda-forge
Doc Build and Upload	UNKNOWN STEP	2026-07-14T14:52:05.9953276Z   urllib3                           2.7.0              pyhd8ed1ab_0          conda-forge
Doc Build and Upload	UNKNOWN STEP	2026-07-14T14:52:05.9953637Z   versioneer                        0.29               pyhd8ed1ab_0          conda-forge
Doc Build and Upload	UNKNOWN STEP	2026-07-14T14:52:05.9953994Z   virtualenv                        21.6.1             pyhcf101f3_0          conda-forge
Doc Build and Upload	UNKNOWN STEP	2026-07-14T14:52:05.9954343Z   wayland                           1.25.0             hd6090a7_0            conda-forge
Doc Build and Upload	UNKNOWN STEP	2026-07-14T14:52:05.9954696Z   wcwidth                           0.8.2              pyhd8ed1ab_0          conda-forge
Doc Build and Upload	UNKNOWN STEP	2026-07-14T14:52:05.9955048Z   webcolors                         25.10.0            pyhd8ed1ab_0          conda-forge
Doc Build and Upload	UNKNOWN STEP	2026-07-14T14:52:05.9955410Z   webencodings                      0.5.1              pyhd8ed1ab_3          conda-forge
Doc Build and Upload	UNKNOWN STEP	2026-07-14T14:52:05.9955772Z   websocket-client                  1.9.0              pyhd8ed1ab_0          conda-forge
Doc Build and Upload	UNKNOWN STEP	2026-07-14T14:52:05.9956130Z   werkzeug                          3.1.8              pyhcf101f3_0          conda-forge
Doc Build and Upload	UNKNOWN STEP	2026-07-14T14:52:05.9956472Z   wheel                             0.47.0             pyhd8ed1ab_0          conda-forge
Doc Build and Upload	UNKNOWN STEP	2026-07-14T14:52:05.9956821Z   widgetsnbextension                4.0.15             pyhd8ed1ab_0          conda-forge
Doc Build and Upload	UNKNOWN STEP	2026-07-14T14:52:05.9957170Z   wrapt                             2.2.2              py311h49ec1c0_0       conda-forge
Doc Build and Upload	UNKNOWN STEP	2026-07-14T14:52:05.9957508Z   xarray                            2026.7.0           pyhc364b38_0          conda-forge
Doc Build and Upload	UNKNOWN STEP	2026-07-14T14:52:05.9957976Z   xcb-util                          0.4.1              h4f16b4b_2            conda-forge
Doc Build and Upload	UNKNOWN STEP	2026-07-14T14:52:05.9958340Z   xcb-util-cursor                   0.1.6              hb03c661_0            conda-forge
Doc Build and Upload	UNKNOWN STEP	2026-07-14T14:52:05.9958767Z   xcb-util-image                    0.4.0              hb711507_2            conda-forge
Doc Build and Upload	UNKNOWN STEP	2026-07-14T14:52:05.9959147Z   xcb-util-keysyms                  0.4.1              hb711507_0            conda-forge
Doc Build and Upload	UNKNOWN STEP	2026-07-14T14:52:05.9959527Z   xcb-util-renderutil               0.3.10             hb711507_0            conda-forge
Doc Build and Upload	UNKNOWN STEP	2026-07-14T14:52:05.9959898Z   xcb-util-wm                       0.4.2              hb711507_0            conda-forge
Doc Build and Upload	UNKNOWN STEP	2026-07-14T14:52:05.9960267Z   xkeyboard-config                  2.48               h280c20c_0            conda-forge
Doc Build and Upload	UNKNOWN STEP	2026-07-14T14:52:05.9960676Z   xlrd                              2.0.2              pyhd8ed1ab_0          conda-forge
Doc Build and Upload	UNKNOWN STEP	2026-07-14T14:52:05.9961030Z   xlsxwriter                        3.2.9              pyhd8ed1ab_0          conda-forge
Doc Build and Upload	UNKNOWN STEP	2026-07-14T14:52:05.9961387Z   xmltodict                         1.0.4              pyhcf101f3_0          conda-forge
Doc Build and Upload	UNKNOWN STEP	2026-07-14T14:52:05.9961753Z   xorg-libice                       1.1.2              hb9d3cd8_0            conda-forge
Doc Build and Upload	UNKNOWN STEP	2026-07-14T14:52:05.9962125Z   xorg-libsm                        1.2.6              he73a12e_0            conda-forge
Doc Build and Upload	UNKNOWN STEP	2026-07-14T14:52:05.9962485Z   xorg-libx11                       1.8.13             he1eb515_0            conda-forge
Doc Build and Upload	UNKNOWN STEP	2026-07-14T14:52:05.9962841Z   xorg-libxau                       1.0.12             hb03c661_1            conda-forge
Doc Build and Upload	UNKNOWN STEP	2026-07-14T14:52:05.9963216Z   xorg-libxcomposite                0.4.7              hb03c661_0            conda-forge
Doc Build and Upload	UNKNOWN STEP	2026-07-14T14:52:05.9963610Z   xorg-libxcursor                   1.2.3              hb9d3cd8_0            conda-forge
Doc Build and Upload	UNKNOWN STEP	2026-07-14T14:52:05.9963978Z   xorg-libxdamage                   1.1.6              hb9d3cd8_0            conda-forge
Doc Build and Upload	UNKNOWN STEP	2026-07-14T14:52:05.9964345Z   xorg-libxdmcp                     1.1.5              hb03c661_1            conda-forge
Doc Build and Upload	UNKNOWN STEP	2026-07-14T14:52:05.9964693Z   xorg-libxext                      1.3.7              hb03c661_0            conda-forge
Doc Build and Upload	UNKNOWN STEP	2026-07-14T14:52:05.9965051Z   xorg-libxfixes                    6.0.2              hb03c661_0            conda-forge
Doc Build and Upload	UNKNOWN STEP	2026-07-14T14:52:05.9965409Z   xorg-libxi                        1.8.3              hb03c661_0            conda-forge
Doc Build and Upload	UNKNOWN STEP	2026-07-14T14:52:05.9965768Z   xorg-libxrandr                    1.5.5              hb03c661_0            conda-forge
Doc Build and Upload	UNKNOWN STEP	2026-07-14T14:52:05.9966142Z   xorg-libxrender                   0.9.12             hb9d3cd8_0            conda-forge
Doc Build and Upload	UNKNOWN STEP	2026-07-14T14:52:05.9966518Z   xorg-libxshmfence                 1.3.3              hb9d3cd8_0            conda-forge
Doc Build and Upload	UNKNOWN STEP	2026-07-14T14:52:05.9966881Z   xorg-libxtst                      1.2.5              hb9d3cd8_3            conda-forge
Doc Build and Upload	UNKNOWN STEP	2026-07-14T14:52:05.9967237Z   xorg-libxxf86vm                   1.1.7              hb03c661_0            conda-forge
Doc Build and Upload	UNKNOWN STEP	2026-07-14T14:52:05.9967695Z   xorg-xorgproto                    2025.1             hb03c661_0            conda-forge
Doc Build and Upload	UNKNOWN STEP	2026-07-14T14:52:05.9968065Z   yaml                              0.2.5              h280c20c_3            conda-forge
Doc Build and Upload	UNKNOWN STEP	2026-07-14T14:52:05.9968397Z   yarl                              1.24.2             py311h3778330_0       conda-forge
Doc Build and Upload	UNKNOWN STEP	2026-07-14T14:52:05.9968736Z   zeromq                            4.3.5              h09e67af_11           conda-forge
Doc Build and Upload	UNKNOWN STEP	2026-07-14T14:52:05.9969075Z   zipp                              4.1.0              pyhcf101f3_0          conda-forge
Doc Build and Upload	UNKNOWN STEP	2026-07-14T14:52:05.9969418Z   zlib                              1.3.2              h25fd6f3_2            conda-forge
Doc Build and Upload	UNKNOWN STEP	2026-07-14T14:52:05.9969761Z   zlib-ng                           2.3.3              hceb46e0_1            conda-forge
Doc Build and Upload	UNKNOWN STEP	2026-07-14T14:52:05.9970112Z   zstandard                         0.25.0             py311haee01d2_1       conda-forge
Doc Build and Upload	UNKNOWN STEP	2026-07-14T14:52:05.9970449Z   zstd                              1.5.7              hb78ec9c_6            conda-forge
Doc Build and Upload	UNKNOWN STEP	2026-07-14T14:52:06.1632662Z Package                       Version
Doc Build and Upload	UNKNOWN STEP	2026-07-14T14:52:06.1633205Z ----------------------------- ----------------------------
Doc Build and Upload	UNKNOWN STEP	2026-07-14T14:52:06.1634207Z accessible-pygments           0.0.5
Doc Build and Upload	UNKNOWN STEP	2026-07-14T14:52:06.1635691Z adbc-driver-manager           1.11.0
Doc Build and Upload	UNKNOWN STEP	2026-07-14T14:52:06.1636109Z adbc-driver-postgresql        1.11.0
Doc Build and Upload	UNKNOWN STEP	2026-07-14T14:52:06.1636527Z adbc-driver-sqlite            1.11.0
Doc Build and Upload	UNKNOWN STEP	2026-07-14T14:52:06.1636899Z aiobotocore                   3.7.0
Doc Build and Upload	UNKNOWN STEP	2026-07-14T14:52:06.1637288Z aiohappyeyeballs              2.7.1
Doc Build and Upload	UNKNOWN STEP	2026-07-14T14:52:06.1637819Z aiohttp                       3.14.1
Doc Build and Upload	UNKNOWN STEP	2026-07-14T14:52:06.1641398Z aioitertools                  0.13.0
Doc Build and Upload	UNKNOWN STEP	2026-07-14T14:52:06.1641803Z aiosignal                     1.4.0
Doc Build and Upload	UNKNOWN STEP	2026-07-14T14:52:06.1642337Z aiosmtpd                      1.4.6
Doc Build and Upload	UNKNOWN STEP	2026-07-14T14:52:06.1642701Z alabaster                     1.0.0
Doc Build and Upload	UNKNOWN STEP	2026-07-14T14:52:06.1643067Z annotated-types               0.7.0
Doc Build and Upload	UNKNOWN STEP	2026-07-14T14:52:06.1643433Z anyio                         4.14.2
Doc Build and Upload	UNKNOWN STEP	2026-07-14T14:52:06.1643795Z argon2-cffi                   25.1.0
Doc Build and Upload	UNKNOWN STEP	2026-07-14T14:52:06.1644171Z argon2-cffi-bindings          25.1.0
Doc Build and Upload	UNKNOWN STEP	2026-07-14T14:52:06.1645924Z arrow                         1.4.0
Doc Build and Upload	UNKNOWN STEP	2026-07-14T14:52:06.1646326Z asttokens                     3.0.2
Doc Build and Upload	UNKNOWN STEP	2026-07